#,Side,Entry Time,Exit Time,Entry Price,Exit Price,P&L,Duration,Entry Reason,Exit Reason
1,PUT,2025-09-08T09:50:00+05:30,2025-09-08T10:02:00+05:30,24817.85,24824.90,-7.05,12m0s,"1m PUT entry: EMA6(2482556) EMA9(2482643) < MA21(2482656), close=2481785","1m PUT exit: EMA6(2481826) crossed above EMA9(2481768), close=2482490"
2,CALL,2025-09-08T10:04:00+05:30,2025-09-08T10:09:00+05:30,24826.10,24810.95,-15.15,5m0s,"1m CALL entry: EMA6(2482282) EMA9(2482127) > MA21(2482080), close=2482610","1m CALL exit: EMA6(2482229) crossed below EMA9(2482251), close=2481095"
3,CALL,2025-09-08T10:11:00+05:30,2025-09-08T10:12:00+05:30,24828.25,24820.00,-8.25,1m0s,"1m CALL re-entry: EMA6(2482387) EMA9(2482353) > MA21(2482002), close=2482825","1m CALL exit: EMA6(2482277) crossed below EMA9(2482282), close=2482000"
4,PUT,2025-09-08T10:14:00+05:30,2025-09-08T10:40:00+05:30,24800.45,24798.20,2.25,26m0s,"1m PUT entry: EMA6(2481369) EMA9(2481622) < MA21(2481828), close=2480045","1m PUT exit: EMA6(2478796) crossed above EMA9(2478696), close=2479820"
5,CALL,2025-09-08T10:42:00+05:30,2025-09-08T10:50:00+05:30,24804.40,24792.55,-11.85,8m0s,"1m CALL entry: EMA6(2479492) EMA9(2479238) > MA21(2479040), close=2480440","1m CALL exit: EMA6(2479788) crossed below EMA9(2479806), close=2479255"
6,PUT,2025-09-08T10:54:00+05:30,2025-09-08T11:07:00+05:30,24785.95,24789.35,-3.40,13m0s,"1m PUT entry: EMA6(2479151) EMA9(2479313) < MA21(2479361), close=2478595","1m PUT exit: EMA6(2478665) crossed above EMA9(2478646), close=2478935"
7,CALL,2025-09-08T11:09:00+05:30,2025-09-08T11:24:00+05:30,24794.00,24801.70,7.70,15m0s,"1m CALL entry: EMA6(2478930) EMA9(2478843) > MA21(2478771), close=2479400","1m CALL exit: EMA6(2480590) crossed below EMA9(2480605), close=2480170"
8,CALL,2025-09-08T11:27:00+05:30,2025-09-08T11:50:00+05:30,24809.65,24818.95,9.30,23m0s,"1m CALL re-entry: EMA6(2480561) EMA9(2480558) > MA21(2480403), close=2480965","1m CALL exit: EMA6(2482090) crossed below EMA9(2482112), close=2481895"
9,PUT,2025-09-08T11:51:00+05:30,2025-09-08T12:01:00+05:30,24818.45,24821.85,-3.40,10m0s,"1m PUT entry: EMA6(2482020) EMA9(2482059) < MA21(2482067), close=2481845","1m PUT exit: EMA6(2481743) crossed above EMA9(2481720), close=2482185"
10,CALL,2025-09-08T12:03:00+05:30,2025-09-08T12:25:00+05:30,24823.10,24829.90,6.80,22m0s,"1m CALL entry: EMA6(2482050) EMA9(2481955) > MA21(2481939), close=2482310","1m CALL exit: EMA6(2483325) crossed below EMA9(2483344), close=2482990"
11,PUT,2025-09-08T12:26:00+05:30,2025-09-08T12:35:00+05:30,24824.05,24841.05,-17.00,9m0s,"1m PUT entry: EMA6(2483062) EMA9(2483156) < MA21(2483247), close=2482405","1m PUT exit: EMA6(2483209) crossed above EMA9(2483119), close=2484105"
12,CALL,2025-09-08T12:36:00+05:30,2025-09-08T12:52:00+05:30,24845.25,24849.40,4.15,16m0s,"1m CALL entry: EMA6(2483585) EMA9(2483400) > MA21(2483227), close=2484525","1m CALL exit: EMA6(2485393) crossed below EMA9(2485426), close=2484940"
13,CALL,2025-09-08T12:54:00+05:30,2025-09-08T13:18:00+05:30,24858.05,24856.70,-1.35,24m0s,"1m CALL re-entry: EMA6(2485499) EMA9(2485487) > MA21(2485359), close=2485805","1m CALL exit: EMA6(2486190) crossed below EMA9(2486243), close=2485670"
14,PUT,2025-09-08T13:19:00+05:30,2025-09-08T13:30:00+05:30,24853.10,24859.90,-6.80,11m0s,"1m PUT entry: EMA6(2485938) EMA9(2486057) < MA21(2486194), close=2485310","1m PUT exit: EMA6(2485444) crossed above EMA9(2485425), close=2485990"
15,PUT,2025-09-08T13:35:00+05:30,2025-09-08T13:36:00+05:30,24850.80,24858.25,-7.45,1m0s,"1m PUT entry: EMA6(2485473) EMA9(2485487) < MA21(2485545), close=2485080","1m PUT exit: EMA6(2485573) crossed above EMA9(2485555), close=2485825"
16,CALL,2025-09-08T13:38:00+05:30,2025-09-08T13:40:00+05:30,24857.20,24849.55,-7.65,2m0s,"1m CALL re-entry: EMA6(2485580) EMA9(2485563) > MA21(2485428), close=2485720","1m CALL exit: EMA6(2485377) crossed below EMA9(2485425), close=2484955"
17,PUT,2025-09-08T13:41:00+05:30,2025-09-08T13:57:00+05:30,24848.35,24850.70,-2.35,16m0s,"1m PUT entry: EMA6(2485222) EMA9(2485307) < MA21(2485392), close=2484835","1m PUT exit: EMA6(2484516) crossed above EMA9(2484458), close=2485070"
18,CALL,2025-09-08T13:58:00+05:30,2025-09-08T14:04:00+05:30,24854.65,24839.65,-15.00,6m0s,"1m CALL entry: EMA6(2484787) EMA9(2484660) > MA21(2484616), close=2485465","1m CALL exit: EMA6(2484668) crossed below EMA9(2484710), close=2483965"
19,PUT,2025-09-08T14:06:00+05:30,2025-09-08T14:10:00+05:30,24831.40,24849.85,-18.45,4m0s,"1m PUT entry: EMA6(2483981) EMA9(2484193) < MA21(2484374), close=2483140","1m PUT exit: EMA6(2484419) crossed above EMA9(2484375), close=2484985"
20,CALL,2025-09-08T14:13:00+05:30,2025-09-08T14:45:00+05:30,24851.20,24864.10,12.90,32m0s,"1m CALL entry: EMA6(2484706) EMA9(2484603) > MA21(2484532), close=2485120","1m CALL exit: EMA6(2487163) crossed below EMA9(2487241), close=2486410"
21,PUT,2025-09-08T14:46:00+05:30,2025-09-08T15:17:00+05:30,24844.90,24778.95,65.95,31m0s,"1m PUT entry: EMA6(2486399) EMA9(2486690) < MA21(2486992), close=2484490","1m PUT exit: EMA6(2476968) crossed above EMA9(2476952), close=2477895"
22,CALL,2025-09-08T15:21:00+05:30,2025-09-08T15:29:00+05:30,24774.25,24791.20,16.95,8m0s,"1m CALL entry: EMA6(2477219) EMA9(2477164) > MA21(2477040), close=2477425",end of day (15:29 close)
23,PUT,2025-09-09T09:39:00+05:30,2025-09-09T09:44:00+05:30,24847.40,24854.75,-7.35,5m0s,"1m PUT re-entry: EMA6(2484877) EMA9(2484888) < MA21(2485306), close=2484740","1m PUT exit: EMA6(2484964) crossed above EMA9(2484910), close=2485475"
24,PUT,2025-09-09T09:59:00+05:30,2025-09-09T10:27:00+05:30,24847.25,24832.40,14.85,28m0s,"1m PUT entry: EMA6(2485049) EMA9(2485121) < MA21(2485161), close=2484725","1m PUT exit: EMA6(2482691) crossed above EMA9(2482680), close=2483240"
25,CALL,2025-09-09T10:30:00+05:30,2025-09-09T10:32:00+05:30,24830.95,24825.95,-5.00,2m0s,"1m CALL entry: EMA6(2482895) EMA9(2482840) > MA21(2482790), close=2483095","1m CALL exit: EMA6(2482735) crossed below EMA9(2482741), close=2482595"
26,CALL,2025-09-09T10:33:00+05:30,2025-09-09T10:39:00+05:30,24828.95,24819.10,-9.85,6m0s,"1m CALL re-entry: EMA6(2482781) EMA9(2482772) > MA21(2482631), close=2482895","1m CALL exit: EMA6(2482611) crossed below EMA9(2482687), close=2481910"
27,PUT,2025-09-09T10:52:00+05:30,2025-09-09T10:57:00+05:30,24822.45,24827.40,-4.95,5m0s,"1m PUT entry: EMA6(2482443) EMA9(2482429) < MA21(2482507), close=2482245","1m PUT exit: EMA6(2482307) crossed above EMA9(2482302), close=2482740"
28,CALL,2025-09-09T10:58:00+05:30,2025-09-09T11:15:00+05:30,24828.70,24834.85,6.15,17m0s,"1m CALL entry: EMA6(2482468) EMA9(2482415) > MA21(2482320), close=2482870","1m CALL exit: EMA6(2483804) crossed below EMA9(2483830), close=2483485"
29,PUT,2025-09-09T11:17:00+05:30,2025-09-09T11:20:00+05:30,24836.40,24841.85,-5.45,3m0s,"1m PUT entry: EMA6(2483747) EMA9(2483780) < MA21(2483840), close=2483640","1m PUT exit: EMA6(2483828) crossed above EMA9(2483815), close=2484185"
30,CALL,2025-09-09T11:21:00+05:30,2025-09-09T11:30:00+05:30,24847.95,24836.70,-11.25,9m0s,"1m CALL entry: EMA6(2484104) EMA9(2484011) > MA21(2483983), close=2484795","1m CALL exit: EMA6(2484307) crossed below EMA9(2484383), close=2483670"
31,PUT,2025-09-09T11:31:00+05:30,2025-09-09T11:36:00+05:30,24834.25,24851.25,-17.00,5m0s,"1m PUT entry: EMA6(2484055) EMA9(2484191) < MA21(2484207), close=2483425","1m PUT exit: EMA6(2484324) crossed above EMA9(2484273), close=2485125"
32,CALL,2025-09-09T11:37:00+05:30,2025-09-09T11:46:00+05:30,24846.30,24843.85,-2.45,9m0s,"1m CALL entry: EMA6(2484412) EMA9(2484344) > MA21(2484336), close=2484630","1m CALL exit: EMA6(2484469) crossed below EMA9(2484471), close=2484385"
33,CALL,2025-09-09T11:47:00+05:30,2025-09-09T11:48:00+05:30,24845.95,24843.00,-2.95,1m0s,"1m CALL re-entry: EMA6(2484505) EMA9(2484496) > MA21(2484348), close=2484595","1m CALL exit: EMA6(2484446) crossed below EMA9(2484457), close=2484300"
34,CALL,2025-09-09T11:51:00+05:30,2025-09-09T12:02:00+05:30,24846.90,24839.30,-7.60,11m0s,"1m CALL entry: EMA6(2484382) EMA9(2484391) > MA21(2484354), close=2484690","1m CALL exit: EMA6(2484190) crossed below EMA9(2484220), close=2483930"
35,CALL,2025-09-09T12:16:00+05:30,2025-09-09T12:28:00+05:30,24848.40,24846.35,-2.05,12m0s,"1m CALL entry: EMA6(2484008) EMA9(2483780) > MA21(2483557), close=2484840","1m CALL exit: EMA6(2484793) crossed below EMA9(2484794), close=2484635"
36,PUT,2025-09-09T12:31:00+05:30,2025-09-09T12:34:00+05:30,24844.35,24853.05,-8.70,3m0s,"1m PUT entry: EMA6(2484398) EMA9(2484481) < MA21(2484571), close=2484435","1m PUT exit: EMA6(2484781) crossed above EMA9(2484719), close=2485305"
37,CALL,2025-09-09T12:36:00+05:30,2025-09-09T12:41:00+05:30,24852.40,24848.20,-4.20,5m0s,"1m CALL entry: EMA6(2484993) EMA9(2484896) > MA21(2484863), close=2485240","1m CALL exit: EMA6(2484858) crossed below EMA9(2484860), close=2484820"
38,CALL,2025-09-09T12:42:00+05:30,2025-09-09T12:55:00+05:30,24850.85,24847.05,-3.80,13m0s,"1m CALL re-entry: EMA6(2484923) EMA9(2484905) > MA21(2484830), close=2485085","1m CALL exit: EMA6(2485664) crossed below EMA9(2485762), close=2484705"
39,PUT,2025-09-09T12:56:00+05:30,2025-09-09T13:02:00+05:30,24844.55,24856.05,-11.50,6m0s,"1m PUT entry: EMA6(2485319) EMA9(2485501) < MA21(2485552), close=2484455","1m PUT exit: EMA6(2485496) crossed above EMA9(2485487), close=2485605"
40,CALL,2025-09-09T13:08:00+05:30,2025-09-09T13:14:00+05:30,24860.55,24854.80,-5.75,6m0s,"1m CALL entry: EMA6(2485886) EMA9(2485817) > MA21(2485750), close=2486055","1m CALL exit: EMA6(2485735) crossed below EMA9(2485761), close=2485480"
41,CALL,2025-09-09T13:16:00+05:30,2025-09-09T13:23:00+05:30,24858.00,24855.15,-2.85,7m0s,"1m CALL entry: EMA6(2485621) EMA9(2485661) > MA21(2485607), close=2485800","1m CALL exit: EMA6(2485735) crossed below EMA9(2485749), close=2485515"
42,CALL,2025-09-09T13:26:00+05:30,2025-09-09T13:43:00+05:30,24860.60,24857.35,-3.25,17m0s,"1m CALL entry: EMA6(2485866) EMA9(2485839) > MA21(2485811), close=2486060","1m CALL exit: EMA6(2486342) crossed below EMA9(2486401), close=2485735"
43,PUT,2025-09-09T13:44:00+05:30,2025-09-09T13:56:00+05:30,24858.50,24863.85,-5.35,12m0s,"1m PUT entry: EMA6(2486201) EMA9(2486291) < MA21(2486373), close=2485850","1m PUT exit: EMA6(2486058) crossed above EMA9(2486028), close=2486385"
44,CALL,2025-09-09T13:58:00+05:30,2025-09-09T14:00:00+05:30,24860.75,24853.25,-7.50,2m0s,"1m CALL entry: EMA6(2486128) EMA9(2486093) > MA21(2486081), close=2486075","1m CALL exit: EMA6(2485851) crossed below EMA9(2485908), close=2485325"
45,CALL,2025-09-09T14:03:00+05:30,2025-09-09T14:17:00+05:30,24868.35,24864.65,-3.70,14m0s,"1m CALL entry: EMA6(2486146) EMA9(2486076) > MA21(2485933), close=2486835","1m CALL exit: EMA6(2486972) crossed below EMA9(2486985), close=2486465"
46,PUT,2025-09-09T14:22:00+05:30,2025-09-09T14:26:00+05:30,24870.00,24885.25,-15.25,4m0s,"1m PUT entry: EMA6(2486893) EMA9(2486902) < MA21(2486957), close=2487000","1m PUT exit: EMA6(2486999) crossed above EMA9(2486917), close=2488525"
47,CALL,2025-09-09T14:27:00+05:30,2025-09-09T14:34:00+05:30,24888.05,24872.00,-16.05,7m0s,"1m CALL entry: EMA6(2487515) EMA9(2487294) > MA21(2487005), close=2488805","1m CALL exit: EMA6(2487503) crossed below EMA9(2487512), close=2487200"
48,PUT,2025-09-09T14:35:00+05:30,2025-09-09T14:50:00+05:30,24845.70,24860.85,-15.15,15m0s,"1m PUT entry: EMA6(2486665) EMA9(2486924) < MA21(2487098), close=2484570","1m PUT exit: EMA6(2485539) crossed above EMA9(2485483), close=2486085"
49,CALL,2025-09-09T14:54:00+05:30,2025-09-09T15:08:00+05:30,24875.35,24861.40,-13.95,14m0s,"1m CALL entry: EMA6(2486081) EMA9(2485886) > MA21(2485512), close=2487535","1m CALL exit: EMA6(2486353) crossed below EMA9(2486361), close=2486140"
50,PUT,2025-09-09T15:09:00+05:30,2025-09-09T15:10:00+05:30,24857.70,24870.95,-13.25,1m0s,"1m PUT entry: EMA6(2486186) EMA9(2486243) < MA21(2486281), close=2485770","1m PUT exit: EMA6(2486446) crossed above EMA9(2486413), close=2487095"
51,PUT,2025-09-09T15:13:00+05:30,2025-09-09T15:14:00+05:30,24856.45,24870.35,-13.90,1m0s,"1m PUT entry: EMA6(2486352) EMA9(2486390) < MA21(2486472), close=2485645","1m PUT exit: EMA6(2486547) crossed above EMA9(2486519), close=2487035"
52,CALL,2025-09-09T15:15:00+05:30,2025-09-09T15:29:00+05:30,24871.00,24878.80,7.80,14m0s,"1m CALL entry: EMA6(2486705) EMA9(2486635) > MA21(2486520), close=2487100",end of day (15:29 close)
53,PUT,2025-09-10T09:53:00+05:30,2025-09-10T09:57:00+05:30,24992.50,25002.20,-9.70,4m0s,"1m PUT entry: EMA6(2499765) EMA9(2499884) < MA21(2499895), close=2499250","1m PUT exit: EMA6(2500015) crossed above EMA9(2499990), close=2500220"
54,CALL,2025-09-10T10:02:00+05:30,2025-09-10T10:11:00+05:30,25004.65,25000.85,-3.80,9m0s,"1m CALL entry: EMA6(2500369) EMA9(2500289) > MA21(2500270), close=2500465","1m CALL exit: EMA6(2500480) crossed below EMA9(2500512), close=2500085"
55,CALL,2025-09-10T10:17:00+05:30,2025-09-10T10:35:00+05:30,25007.70,25016.70,9.00,18m0s,"1m CALL entry: EMA6(2500615) EMA9(2500591) > MA21(2500558), close=2500770","1m CALL exit: EMA6(2502175) crossed below EMA9(2502206), close=2501670"
56,PUT,2025-09-10T10:38:00+05:30,2025-09-10T10:54:00+05:30,25009.65,25008.65,1.00,16m0s,"1m PUT entry: EMA6(2501559) EMA9(2501728) < MA21(2501863), close=2500965","1m PUT exit: EMA6(2500195) crossed above EMA9(2500117), close=2500865"
57,CALL,2025-09-10T10:56:00+05:30,2025-09-10T11:13:00+05:30,25007.85,25015.85,8.00,17m0s,"1m CALL entry: EMA6(2500425) EMA9(2500311) > MA21(2500266), close=2500785","1m CALL exit: EMA6(2501854) crossed below EMA9(2501859), close=2501585"
58,PUT,2025-09-10T11:16:00+05:30,2025-09-10T11:35:00+05:30,25012.35,24992.95,19.40,19m0s,"1m PUT entry: EMA6(2501437) EMA9(2501537) < MA21(2501636), close=2501235","1m PUT exit: EMA6(2498986) crossed above EMA9(2498968), close=2499295"
59,CALL,2025-09-10T11:36:00+05:30,2025-09-10T11:44:00+05:30,24989.75,24988.90,-0.85,8m0s,"1m CALL entry: EMA6(2498983) EMA9(2498970) > MA21(2498927), close=2498975","1m CALL exit: EMA6(2499153) crossed below EMA9(2499183), close=2498890"
60,PUT,2025-09-10T11:45:00+05:30,2025-09-10T11:56:00+05:30,24984.20,24984.75,-0.55,11m0s,"1m PUT entry: EMA6(2498943) EMA9(2499030) < MA21(2499084), close=2498420","1m PUT exit: EMA6(2498327) crossed above EMA9(2498323), close=2498475"
61,PUT,2025-09-10T11:57:00+05:30,2025-09-10T12:08:00+05:30,24982.50,24980.40,2.10,11m0s,"1m PUT re-entry: EMA6(2498305) EMA9(2498308) < MA21(2498605), close=2498250","1m PUT exit: EMA6(2497703) crossed above EMA9(2497695), close=2498040"
62,CALL,2025-09-10T12:09:00+05:30,2025-09-10T12:22:00+05:30,24989.85,24985.60,-4.25,13m0s,"1m CALL entry: EMA6(2498069) EMA9(2497953) > MA21(2497904), close=2498985","1m CALL exit: EMA6(2498918) crossed below EMA9(2498946), close=2498560"
63,CALL,2025-09-10T12:25:00+05:30,2025-09-10T12:33:00+05:30,24993.30,24991.65,-1.65,8m0s,"1m CALL re-entry: EMA6(2499013) EMA9(2498997) > MA21(2498831), close=2499330","1m CALL exit: EMA6(2499222) crossed below EMA9(2499225), close=2499165"
64,PUT,2025-09-10T12:34:00+05:30,2025-09-10T12:46:00+05:30,24989.60,24986.45,3.15,12m0s,"1m PUT entry: EMA6(2499147) EMA9(2499172) < MA21(2499199), close=2498960","1m PUT exit: EMA6(2498396) crossed above EMA9(2498377), close=2498645"
65,PUT,2025-09-10T12:48:00+05:30,2025-09-10T13:08:00+05:30,24980.70,24978.65,2.05,20m0s,"1m PUT re-entry: EMA6(2498283) EMA9(2498304) < MA21(2498541), close=2498070","1m PUT exit: EMA6(2497504) crossed above EMA9(2497469), close=2497865"
66,PUT,2025-09-10T13:11:00+05:30,2025-09-10T13:25:00+05:30,24973.70,24963.40,10.30,14m0s,"1m PUT re-entry: EMA6(2497422) EMA9(2497424) < MA21(2497452), close=2497370","1m PUT exit: EMA6(2495765) crossed above EMA9(2495745), close=2496340"
67,CALL,2025-09-10T13:29:00+05:30,2025-09-10T13:32:00+05:30,24967.00,24956.80,-10.20,3m0s,"1m CALL entry: EMA6(2496321) EMA9(2496190) > MA21(2496054), close=2496700","1m CALL exit: EMA6(2495984) crossed below EMA9(2496003), close=2495680"
68,PUT,2025-09-10T13:36:00+05:30,2025-09-10T13:41:00+05:30,24952.40,24961.90,-9.50,5m0s,"1m PUT entry: EMA6(2495576) EMA9(2495677) < MA21(2495687), close=2495240","1m PUT exit: EMA6(2495752) crossed above EMA9(2495717), close=2496190"
69,CALL,2025-09-10T13:43:00+05:30,2025-09-10T13:50:00+05:30,24962.70,24955.90,-6.80,7m0s,"1m CALL entry: EMA6(2496006) EMA9(2495916) > MA21(2495885), close=2496270","1m CALL exit: EMA6(2495937) crossed below EMA9(2495975), close=2495590"
70,CALL,2025-09-10T13:56:00+05:30,2025-09-10T13:58:00+05:30,24961.25,24955.80,-5.45,2m0s,"1m CALL re-entry: EMA6(2496007) EMA9(2496002) > MA21(2495939), close=2496125","1m CALL exit: EMA6(2495951) crossed below EMA9(2495970), close=2495580"
71,CALL,2025-09-10T14:06:00+05:30,2025-09-10T14:14:00+05:30,24974.20,24962.85,-11.35,8m0s,"1m CALL entry: EMA6(2496196) EMA9(2496067) > MA21(2495955), close=2497420","1m CALL exit: EMA6(2496598) crossed below EMA9(2496602), close=2496285"
72,PUT,2025-09-10T14:18:00+05:30,2025-09-10T14:35:00+05:30,24949.90,24950.25,-0.35,17m0s,"1m PUT entry: EMA6(2495853) EMA9(2496045) < MA21(2496235), close=2494990","1m PUT exit: EMA6(2494574) crossed above EMA9(2494574), close=2495025"
73,CALL,2025-09-10T14:37:00+05:30,2025-09-10T14:40:00+05:30,24952.80,24941.00,-11.80,3m0s,"1m CALL entry: EMA6(2494854) EMA9(2494776) > MA21(2494668), close=2495280","1m CALL exit: EMA6(2494665) crossed below EMA9(2494687), close=2494100"
74,PUT,2025-09-10T14:41:00+05:30,2025-09-10T14:47:00+05:30,24934.85,24948.35,-13.50,6m0s,"1m PUT entry: EMA6(2494328) EMA9(2494446) < MA21(2494570), close=2493485","1m PUT exit: EMA6(2494195) crossed above EMA9(2494119), close=2494835"
75,CALL,2025-09-10T14:49:00+05:30,2025-09-10T14:56:00+05:30,24948.90,24934.10,-14.80,7m0s,"1m CALL entry: EMA6(2494555) EMA9(2494412) > MA21(2494334), close=2494890","1m CALL exit: EMA6(2494727) crossed below EMA9(2494761), close=2493410"
76,CALL,2025-09-10T15:00:00+05:30,2025-09-10T15:26:00+05:30,24950.95,24976.45,25.50,26m0s,"1m CALL entry: EMA6(2494555) EMA9(2494580) > MA21(2494385), close=2495095","1m CALL exit: EMA6(2497827) crossed below EMA9(2497844), close=2497645"
77,CALL,2025-09-10T15:27:00+05:30,2025-09-10T15:28:00+05:30,24980.10,24978.45,-1.65,1m0s,"1m CALL re-entry: EMA6(2497879) EMA9(2497878) > MA21(2497798), close=2498010","1m CALL exit: EMA6(2497870) crossed below EMA9(2497871), close=2497845"
78,PUT,2025-09-11T09:15:00+05:30,2025-09-11T09:18:00+05:30,24959.20,24992.70,-33.50,3m0s,"1m PUT entry: EMA6(2497289) EMA9(2497462) < MA21(2497777), close=2495920","1m PUT exit: EMA6(2497531) crossed above EMA9(2497507), close=2499270"
79,CALL,2025-09-11T09:19:00+05:30,2025-09-11T09:29:00+05:30,25000.80,24985.45,-15.35,10m0s,"1m CALL entry: EMA6(2498259) EMA9(2498022) > MA21(2497878), close=2500080","1m CALL exit: EMA6(2499509) crossed below EMA9(2499521), close=2498545"
80,PUT,2025-09-11T09:32:00+05:30,2025-09-11T09:38:00+05:30,24982.40,24993.75,-11.35,6m0s,"1m PUT entry: EMA6(2498576) EMA9(2498793) < MA21(2498828), close=2498240","1m PUT exit: EMA6(2498630) crossed above EMA9(2498627), close=2499375"
81,PUT,2025-09-11T09:40:00+05:30,2025-09-11T09:50:00+05:30,24975.35,24984.00,-8.65,10m0s,"1m PUT re-entry: EMA6(2498402) EMA9(2498476) < MA21(2499096), close=2497535","1m PUT exit: EMA6(2498067) crossed above EMA9(2498045), close=2498400"
82,CALL,2025-09-11T09:52:00+05:30,2025-09-11T09:56:00+05:30,24987.75,24979.40,-8.35,4m0s,"1m CALL entry: EMA6(2498274) EMA9(2498198) > MA21(2498153), close=2498775","1m CALL exit: EMA6(2498175) crossed below EMA9(2498187), close=2497940"
83,PUT,2025-09-11T09:57:00+05:30,2025-09-11T10:00:00+05:30,24975.95,24984.55,-8.60,3m0s,"1m PUT entry: EMA6(2498009) EMA9(2498068) < MA21(2498137), close=2497595","1m PUT exit: EMA6(2498123) crossed above EMA9(2498116), close=2498455"
84,PUT,2025-09-11T10:01:00+05:30,2025-09-11T10:16:00+05:30,24974.60,24971.90,2.70,15m0s,"1m PUT entry: EMA6(2497934) EMA9(2497985) < MA21(2498010), close=2497460","1m PUT exit: EMA6(2496678) crossed above EMA9(2496634), close=2497190"
85,CALL,2025-09-11T10:19:00+05:30,2025-09-11T10:45:00+05:30,24977.35,24975.25,-2.10,26m0s,"1m CALL entry: EMA6(2497137) EMA9(2496997) > MA21(2496832), close=2497735","1m CALL exit: EMA6(2498230) crossed below EMA9(2498311), close=2497525"
86,PUT,2025-09-11T10:46:00+05:30,2025-09-11T11:02:00+05:30,24977.30,24985.15,-7.85,16m0s,"1m PUT entry: EMA6(2498087) EMA9(2498195) < MA21(2498309), close=2497730","1m PUT exit: EMA6(2498060) crossed above EMA9(2498022), close=2498515"
87,CALL,2025-09-11T11:03:00+05:30,2025-09-11T11:13:00+05:30,24987.90,24981.15,-6.75,10m0s,"1m CALL entry: EMA6(2498268) EMA9(2498175) > MA21(2498082), close=2498790","1m CALL exit: EMA6(2498346) crossed below EMA9(2498364), close=2498115"
88,CALL,2025-09-11T11:17:00+05:30,2025-09-11T11:23:00+05:30,24985.85,24974.95,-10.90,6m0s,"1m CALL re-entry: EMA6(2498353) EMA9(2498347) > MA21(2498272), close=2498585","1m CALL exit: EMA6(2498177) crossed below EMA9(2498250), close=2497495"
89,PUT,2025-09-11T11:50:00+05:30,2025-09-11T11:51:00+05:30,24961.95,24968.45,-6.50,1m0s,"1m PUT re-entry: EMA6(2496596) EMA9(2496615) < MA21(2496788), close=2496195","1m PUT exit: EMA6(2496667) crossed above EMA9(2496661), close=2496845"
90,CALL,2025-09-11T11:53:00+05:30,2025-09-11T11:54:00+05:30,24967.70,24963.85,-3.85,1m0s,"1m CALL entry: EMA6(2496726) EMA9(2496707) > MA21(2496667), close=2496770","1m CALL exit: EMA6(2496628) crossed below EMA9(2496642), close=2496385"
91,CALL,2025-09-11T11:57:00+05:30,2025-09-11T12:38:00+05:30,24969.70,24999.10,29.40,41m0s,"1m CALL re-entry: EMA6(2496727) EMA9(2496705) > MA21(2496570), close=2496970","1m CALL exit: EMA6(2500282) crossed below EMA9(2500314), close=2499910"
92,CALL,2025-09-11T12:41:00+05:30,2025-09-11T12:43:00+05:30,25005.50,25001.20,-4.30,2m0s,"1m CALL re-entry: EMA6(2500342) EMA9(2500335) > MA21(2500242), close=2500550","1m CALL exit: EMA6(2500327) crossed below EMA9(2500331), close=2500120"
93,CALL,2025-09-11T12:54:00+05:30,2025-09-11T13:12:00+05:30,25005.85,25005.80,-0.05,18m0s,"1m CALL entry: EMA6(2500240) EMA9(2500161) > MA21(2500138), close=2500585","1m CALL exit: EMA6(2500808) crossed below EMA9(2500821), close=2500580"
94,PUT,2025-09-11T13:16:00+05:30,2025-09-11T13:28:00+05:30,25005.60,25002.60,3.00,12m0s,"1m PUT entry: EMA6(2500697) EMA9(2500729) < MA21(2500789), close=2500560","1m PUT exit: EMA6(2499900) crossed above EMA9(2499892), close=2500260"
95,CALL,2025-09-11T13:30:00+05:30,2025-09-11T13:57:00+05:30,25009.25,25002.15,-7.10,27m0s,"1m CALL entry: EMA6(2500417) EMA9(2500276) > MA21(2500207), close=2500925","1m CALL exit: EMA6(2501145) crossed below EMA9(2501232), close=2500215"
96,PUT,2025-09-11T13:58:00+05:30,2025-09-11T14:09:00+05:30,25006.55,25012.55,-6.00,11m0s,"1m PUT entry: EMA6(2501005) EMA9(2501116) < MA21(2501235), close=2500655","1m PUT exit: EMA6(2501119) crossed above EMA9(2501103), close=2501255"
97,CALL,2025-09-11T14:12:00+05:30,2025-09-11T14:17:00+05:30,25010.15,25005.95,-4.20,5m0s,"1m CALL entry: EMA6(2501107) EMA9(2501103) > MA21(2501100), close=2501015","1m CALL exit: EMA6(2501145) crossed below EMA9(2501161), close=2500595"
98,CALL,2025-09-11T14:18:00+05:30,2025-09-11T14:30:00+05:30,25015.80,24998.50,-17.30,12m0s,"1m CALL re-entry: EMA6(2501269) EMA9(2501245) > MA21(2501113), close=2501580","1m CALL exit: EMA6(2501447) crossed below EMA9(2501582), close=2499850"
99,PUT,2025-09-11T14:31:00+05:30,2025-09-11T14:39:00+05:30,24988.80,25022.50,-33.70,8m0s,"1m PUT entry: EMA6(2500714) EMA9(2501041) < MA21(2501475), close=2498880","1m PUT exit: EMA6(2500995) crossed above EMA9(2500880), close=2502250"
100,CALL,2025-09-11T14:43:00+05:30,2025-09-11T14:51:00+05:30,25013.40,25010.90,-2.50,8m0s,"1m CALL entry: EMA6(2501214) EMA9(2501119) > MA21(2501083), close=2501340","1m CALL exit: EMA6(2501683) crossed below EMA9(2501703), close=2501090"
101,CALL,2025-09-11T14:54:00+05:30,2025-09-11T14:55:00+05:30,25020.25,25000.55,-19.70,1m0s,"1m CALL re-entry: EMA6(2501643) EMA9(2501643) > MA21(2501443), close=2502025","1m CALL exit: EMA6(2501189) crossed below EMA9(2501325), close=2500055"
102,PUT,2025-09-11T15:06:00+05:30,2025-09-11T15:11:00+05:30,25003.40,25010.30,-6.90,5m0s,"1m PUT re-entry: EMA6(2500812) EMA9(2500866) < MA21(2501239), close=2500340","1m PUT exit: EMA6(2500734) crossed above EMA9(2500720), close=2501030"
103,CALL,2025-09-11T15:12:00+05:30,2025-09-11T15:14:00+05:30,25015.65,25000.70,-14.95,2m0s,"1m CALL entry: EMA6(2500972) EMA9(2500889) > MA21(2500854), close=2501565","1m CALL exit: EMA6(2500703) crossed below EMA9(2500729), close=2500070"
104,CALL,2025-09-11T15:15:00+05:30,2025-09-11T15:18:00+05:30,25011.90,25004.10,-7.80,3m0s,"1m CALL entry: EMA6(2500842) EMA9(2500821) > MA21(2500743), close=2501190","1m CALL exit: EMA6(2500828) crossed below EMA9(2500835), close=2500410"
105,PUT,2025-09-11T15:19:00+05:30,2025-09-11T15:29:00+05:30,25004.70,25008.10,-3.40,10m0s,"1m PUT entry: EMA6(2500726) EMA9(2500762) < MA21(2500769), close=2500470",end of day (15:29 close)
106,CALL,2025-09-12T09:15:00+05:30,2025-09-12T09:32:00+05:30,25063.30,25044.80,-18.50,17m0s,"1m CALL entry: EMA6(2502140) EMA9(2501622) > MA21(2500866), close=2506330","1m CALL exit: EMA6(2505035) crossed below EMA9(2505061), close=2504480"
107,PUT,2025-09-12T09:34:00+05:30,2025-09-12T09:37:00+05:30,25051.95,25058.10,-6.15,3m0s,"1m PUT entry: EMA6(2505055) EMA9(2505064) < MA21(2505241), close=2505195","1m PUT exit: EMA6(2505169) crossed above EMA9(2505122), close=2505810"
108,CALL,2025-09-12T09:39:00+05:30,2025-09-12T09:40:00+05:30,25055.80,25043.60,-12.20,1m0s,"1m CALL entry: EMA6(2505405) EMA9(2505314) > MA21(2505240), close=2505580","1m CALL exit: EMA6(2505106) crossed below EMA9(2505123), close=2504360"
109,CALL,2025-09-12T09:48:00+05:30,2025-09-12T09:57:00+05:30,25056.55,25054.75,-1.80,9m0s,"1m CALL entry: EMA6(2505172) EMA9(2505086) > MA21(2505053), close=2505655","1m CALL exit: EMA6(2505634) crossed below EMA9(2505636), close=2505475"
110,CALL,2025-09-12T10:00:00+05:30,2025-09-12T10:17:00+05:30,25062.85,25069.05,6.20,17m0s,"1m CALL re-entry: EMA6(2505686) EMA9(2505652) > MA21(2505359), close=2506285","1m CALL exit: EMA6(2507163) crossed below EMA9(2507172), close=2506905"
111,PUT,2025-09-12T10:19:00+05:30,2025-09-12T10:21:00+05:30,25067.85,25077.80,-9.95,2m0s,"1m PUT entry: EMA6(2506952) EMA9(2507013) < MA21(2507052), close=2506785","1m PUT exit: EMA6(2507254) crossed above EMA9(2507207), close=2507780"
112,CALL,2025-09-12T10:22:00+05:30,2025-09-12T10:25:00+05:30,25075.50,25069.05,-6.45,3m0s,"1m CALL entry: EMA6(2507338) EMA9(2507276) > MA21(2507226), close=2507550","1m CALL exit: EMA6(2507238) crossed below EMA9(2507238), close=2506905"
113,CALL,2025-09-12T10:31:00+05:30,2025-09-12T10:57:00+05:30,25074.40,25082.80,8.40,26m0s,"1m CALL entry: EMA6(2507258) EMA9(2507238) > MA21(2507232), close=2507440","1m CALL exit: EMA6(2508630) crossed below EMA9(2508643), close=2508280"
114,PUT,2025-09-12T10:59:00+05:30,2025-09-12T11:03:00+05:30,25082.35,25089.85,-7.50,4m0s,"1m PUT entry: EMA6(2508454) EMA9(2508510) < MA21(2508584), close=2508235","1m PUT exit: EMA6(2508534) crossed above EMA9(2508527), close=2508985"
115,CALL,2025-09-12T11:05:00+05:30,2025-09-12T11:41:00+05:30,25090.65,25126.00,35.35,36m0s,"1m CALL entry: EMA6(2508750) EMA9(2508686) > MA21(2508638), close=2509065","1m CALL exit: EMA6(2512860) crossed below EMA9(2512868), close=2512600"
116,PUT,2025-09-12T11:42:00+05:30,2025-09-12T12:03:00+05:30,25124.05,25126.40,-2.35,21m0s,"1m PUT entry: EMA6(2512730) EMA9(2512775) < MA21(2512778), close=2512405","1m PUT exit: EMA6(2512357) crossed above EMA9(2512324), close=2512640"
117,PUT,2025-09-12T12:05:00+05:30,2025-09-12T12:10:00+05:30,25121.45,25124.80,-3.35,5m0s,"1m PUT entry: EMA6(2512325) EMA9(2512316) < MA21(2512350), close=2512145","1m PUT exit: EMA6(2512294) crossed above EMA9(2512280), close=2512480"
118,CALL,2025-09-12T12:11:00+05:30,2025-09-12T12:14:00+05:30,25124.80,25121.05,-3.75,3m0s,"1m CALL entry: EMA6(2512347) EMA9(2512320) > MA21(2512283), close=2512480","1m CALL exit: EMA6(2512265) crossed below EMA9(2512276), close=2512105"
119,CALL,2025-09-12T12:18:00+05:30,2025-09-12T12:21:00+05:30,25125.00,25119.60,-5.40,3m0s,"1m CALL re-entry: EMA6(2512318) EMA9(2512303) > MA21(2512269), close=2512500","1m CALL exit: EMA6(2512211) crossed below EMA9(2512237), close=2511960"
120,CALL,2025-09-12T12:26:00+05:30,2025-09-12T12:27:00+05:30,25123.30,25121.55,-1.75,1m0s,"1m CALL entry: EMA6(2512260) EMA9(2512252) > MA21(2512251), close=2512330","1m CALL exit: EMA6(2512230) crossed below EMA9(2512233), close=2512155"
121,CALL,2025-09-12T12:43:00+05:30,2025-09-12T12:44:00+05:30,25121.80,25116.80,-5.00,1m0s,"1m CALL entry: EMA6(2512067) EMA9(2512026) > MA21(2512018), close=2512180","1m CALL exit: EMA6(2511956) crossed below EMA9(2511957), close=2511680"
122,CALL,2025-09-12T13:09:00+05:30,2025-09-12T13:41:00+05:30,25116.40,25116.30,-0.10,32m0s,"1m CALL entry: EMA6(2511277) EMA9(2511228) > MA21(2511136), close=2511640","1m CALL exit: EMA6(2512084) crossed below EMA9(2512119), close=2511630"
123,CALL,2025-09-12T13:57:00+05:30,2025-09-12T14:08:00+05:30,25122.55,25115.90,-6.65,11m0s,"1m CALL entry: EMA6(2511608) EMA9(2511399) > MA21(2511246), close=2512255","1m CALL exit: EMA6(2511934) crossed below EMA9(2511960), close=2511590"
124,PUT,2025-09-12T14:13:00+05:30,2025-09-12T14:25:00+05:30,25117.85,25118.15,-0.30,12m0s,"1m PUT entry: EMA6(2511838) EMA9(2511857) < MA21(2511941), close=2511785","1m PUT exit: EMA6(2511620) crossed above EMA9(2511611), close=2511815"
125,CALL,2025-09-12T14:26:00+05:30,2025-09-12T14:30:00+05:30,25119.45,25113.10,-6.35,4m0s,"1m CALL entry: EMA6(2511713) EMA9(2511678) > MA21(2511672), close=2511945","1m CALL exit: EMA6(2511685) crossed below EMA9(2511693), close=2511310"
126,PUT,2025-09-12T14:31:00+05:30,2025-09-12T14:42:00+05:30,25109.10,25113.95,-4.85,11m0s,"1m PUT entry: EMA6(2511464) EMA9(2511536) < MA21(2511630), close=2510910","1m PUT exit: EMA6(2511136) crossed above EMA9(2511111), close=2511395"
127,PUT,2025-09-12T14:45:00+05:30,2025-09-12T15:00:00+05:30,25107.60,25113.50,-5.90,15m0s,"1m PUT re-entry: EMA6(2511057) EMA9(2511072) < MA21(2511224), close=2510760","1m PUT exit: EMA6(2510746) crossed above EMA9(2510720), close=2511350"
128,CALL,2025-09-12T15:01:00+05:30,2025-09-12T15:20:00+05:30,25114.20,25112.90,-1.30,19m0s,"1m CALL entry: EMA6(2510938) EMA9(2510860) > MA21(2510814), close=2511420","1m CALL exit: EMA6(2511565) crossed below EMA9(2511579), close=2511290"
129,PUT,2025-09-12T15:21:00+05:30,2025-09-12T15:29:00+05:30,25110.05,25107.70,2.35,8m0s,"1m PUT entry: EMA6(2511405) EMA9(2511464) < MA21(2511500), close=2511005",end of day (15:29 close)
130,CALL,2025-09-15T09:16:00+05:30,2025-09-15T09:18:00+05:30,25124.25,25096.95,-27.30,2m0s,"1m CALL entry: EMA6(2511604) EMA9(2511496) > MA21(2511454), close=2512425","1m CALL exit: EMA6(2510883) crossed below EMA9(2511016), close=2509695"
131,CALL,2025-09-15T09:28:00+05:30,2025-09-15T09:32:00+05:30,25118.95,25101.15,-17.80,4m0s,"1m CALL entry: EMA6(2511126) EMA9(2510891) > MA21(2510715), close=2511895","1m CALL exit: EMA6(2510621) crossed below EMA9(2510655), close=2510115"
132,PUT,2025-09-15T09:33:00+05:30,2025-09-15T09:46:00+05:30,25091.10,25099.30,-8.20,13m0s,"1m PUT entry: EMA6(2510189) EMA9(2510346) < MA21(2510510), close=2509110","1m PUT exit: EMA6(2509302) crossed above EMA9(2509254), close=2509930"
133,CALL,2025-09-15T09:49:00+05:30,2025-09-15T09:59:00+05:30,25100.25,25094.90,-5.35,10m0s,"1m CALL entry: EMA6(2509652) EMA9(2509544) > MA21(2509411), close=2510025","1m CALL exit: EMA6(2510144) crossed below EMA9(2510183), close=2509490"
134,PUT,2025-09-15T10:01:00+05:30,2025-09-15T10:15:00+05:30,25091.75,25086.40,5.35,14m0s,"1m PUT entry: EMA6(2509649) EMA9(2509804) < MA21(2509894), close=2509175","1m PUT exit: EMA6(2508260) crossed above EMA9(2508247), close=2508640"
135,CALL,2025-09-15T10:20:00+05:30,2025-09-15T10:41:00+05:30,25088.90,25085.75,-3.15,21m0s,"1m CALL entry: EMA6(2508561) EMA9(2508483) > MA21(2508372), close=2508890","1m CALL exit: EMA6(2509294) crossed below EMA9(2509373), close=2508575"
136,PUT,2025-09-15T10:42:00+05:30,2025-09-15T10:57:00+05:30,25084.65,25080.85,3.80,15m0s,"1m PUT entry: EMA6(2509057) EMA9(2509192) < MA21(2509337), close=2508465","1m PUT exit: EMA6(2507750) crossed above EMA9(2507711), close=2508085"
137,CALL,2025-09-15T11:00:00+05:30,2025-09-15T11:11:00+05:30,25081.15,25079.40,-1.75,11m0s,"1m CALL entry: EMA6(2507900) EMA9(2507844) > MA21(2507765), close=2508115","1m CALL exit: EMA6(2508261) crossed below EMA9(2508277), close=2507940"
138,PUT,2025-09-15T11:14:00+05:30,2025-09-15T11:23:00+05:30,25075.80,25082.05,-6.25,9m0s,"1m PUT entry: EMA6(2507977) EMA9(2508061) < MA21(2508115), close=2507580","1m PUT exit: EMA6(2507807) crossed above EMA9(2507762), close=2508205"
139,CALL,2025-09-15T11:25:00+05:30,2025-09-15T11:41:00+05:30,25085.75,25086.85,1.10,16m0s,"1m CALL entry: EMA6(2508146) EMA9(2508025) > MA21(2507991), close=2508575","1m CALL exit: EMA6(2508842) crossed below EMA9(2508860), close=2508685"
140,PUT,2025-09-15T11:43:00+05:30,2025-09-15T11:47:00+05:30,25082.50,25090.05,-7.55,4m0s,"1m PUT entry: EMA6(2508641) EMA9(2508710) < MA21(2508779), close=2508250","1m PUT exit: EMA6(2508767) crossed above EMA9(2508757), close=2509005"
141,CALL,2025-09-15T11:49:00+05:30,2025-09-15T12:06:00+05:30,25096.35,25100.35,4.00,17m0s,"1m CALL entry: EMA6(2509110) EMA9(2509009) > MA21(2508930), close=2509635","1m CALL exit: EMA6(2510588) crossed below EMA9(2510639), close=2510035"
142,PUT,2025-09-15T12:08:00+05:30,2025-09-15T12:16:00+05:30,25100.00,25104.35,-4.35,8m0s,"1m PUT entry: EMA6(2510249) EMA9(2510369) < MA21(2510484), close=2510000","1m PUT exit: EMA6(2510199) crossed above EMA9(2510188), close=2510435"
143,CALL,2025-09-15T12:22:00+05:30,2025-09-15T12:38:00+05:30,25104.20,25105.45,1.25,16m0s,"1m CALL entry: EMA6(2510302) EMA9(2510278) > MA21(2510258), close=2510420","1m CALL exit: EMA6(2510716) crossed below EMA9(2510733), close=2510545"
144,PUT,2025-09-15T12:40:00+05:30,2025-09-15T12:59:00+05:30,25102.20,25099.00,3.20,19m0s,"1m PUT entry: EMA6(2510534) EMA9(2510596) < MA21(2510659), close=2510220","1m PUT exit: EMA6(2509658) crossed above EMA9(2509641), close=2509900"
145,CALL,2025-09-15T13:00:00+05:30,2025-09-15T13:03:00+05:30,25100.10,25096.35,-3.75,3m0s,"1m CALL entry: EMA6(2509759) EMA9(2509715) > MA21(2509645), close=2510010","1m CALL exit: EMA6(2509669) crossed below EMA9(2509670), close=2509635"
146,CALL,2025-09-15T13:04:00+05:30,2025-09-15T13:17:00+05:30,25100.15,25101.20,1.05,13m0s,"1m CALL re-entry: EMA6(2509768) EMA9(2509739) > MA21(2509600), close=2510015","1m CALL exit: EMA6(2510588) crossed below EMA9(2510599), close=2510120"
147,CALL,2025-09-15T13:18:00+05:30,2025-09-15T13:30:00+05:30,25110.40,25107.45,-2.95,12m0s,"1m CALL re-entry: EMA6(2510717) EMA9(2510687) > MA21(2510444), close=2511040","1m CALL exit: EMA6(2510993) crossed below EMA9(2511007), close=2510745"
148,PUT,2025-09-15T13:32:00+05:30,2025-09-15T13:53:00+05:30,25104.55,25086.90,17.65,21m0s,"1m PUT entry: EMA6(2510793) EMA9(2510858) < MA21(2510910), close=2510455","1m PUT exit: EMA6(2508338) crossed above EMA9(2508305), close=2508690"
149,CALL,2025-09-15T13:56:00+05:30,2025-09-15T14:00:00+05:30,25086.20,25081.90,-4.30,4m0s,"1m CALL entry: EMA6(2508571) EMA9(2508502) > MA21(2508487), close=2508620","1m CALL exit: EMA6(2508417) crossed below EMA9(2508432), close=2508190"
150,PUT,2025-09-15T14:04:00+05:30,2025-09-15T14:05:00+05:30,25081.10,25087.05,-5.95,1m0s,"1m PUT entry: EMA6(2508145) EMA9(2508204) < MA21(2508282), close=2508110","1m PUT exit: EMA6(2508305) crossed above EMA9(2508304), close=2508705"
151,PUT,2025-09-15T14:06:00+05:30,2025-09-15T14:29:00+05:30,25082.05,25074.00,8.05,23m0s,"1m PUT re-entry: EMA6(2508276) EMA9(2508284) < MA21(2508342), close=2508205","1m PUT exit: EMA6(2507186) crossed above EMA9(2507171), close=2507400"
152,CALL,2025-09-15T14:52:00+05:30,2025-09-15T14:54:00+05:30,25092.05,25089.55,-2.50,2m0s,"1m CALL re-entry: EMA6(2509099) EMA9(2509091) > MA21(2508824), close=2509205","1m CALL exit: EMA6(2509065) crossed below EMA9(2509071), close=2508955"
153,PUT,2025-09-15T14:56:00+05:30,2025-09-15T15:25:00+05:30,25084.90,25070.45,14.45,29m0s,"1m PUT entry: EMA6(2508837) EMA9(2508903) < MA21(2508963), close=2508490","1m PUT exit: EMA6(2506674) crossed above EMA9(2506649), close=2507045"
154,CALL,2025-09-15T15:28:00+05:30,2025-09-15T15:29:00+05:30,25067.05,25069.70,2.65,1m0s,"1m CALL entry: EMA6(2506715) EMA9(2506696) > MA21(2506656), close=2506705",end of day (15:29 close)
155,CALL,2025-09-16T10:15:00+05:30,2025-09-16T10:18:00+05:30,25168.70,25165.85,-2.85,3m0s,"1m CALL re-entry: EMA6(2516767) EMA9(2516764) > MA21(2516501), close=2516870","1m CALL exit: EMA6(2516743) crossed below EMA9(2516753), close=2516585"
156,PUT,2025-09-16T10:22:00+05:30,2025-09-16T10:27:00+05:30,25165.55,25171.75,-6.20,5m0s,"1m PUT re-entry: EMA6(2516705) EMA9(2516722) < MA21(2516906), close=2516555","1m PUT exit: EMA6(2516721) crossed above EMA9(2516684), close=2517175"
157,CALL,2025-09-16T10:28:00+05:30,2025-09-16T10:31:00+05:30,25172.50,25166.20,-6.30,3m0s,"1m CALL entry: EMA6(2516872) EMA9(2516797) > MA21(2516764), close=2517250","1m CALL exit: EMA6(2516710) crossed below EMA9(2516712), close=2516620"
158,CALL,2025-09-16T10:32:00+05:30,2025-09-16T10:42:00+05:30,25170.70,25169.35,-1.35,10m0s,"1m CALL re-entry: EMA6(2516813) EMA9(2516784) > MA21(2516707), close=2517070","1m CALL exit: EMA6(2517040) crossed below EMA9(2517042), close=2516935"
159,PUT,2025-09-16T10:44:00+05:30,2025-09-16T11:10:00+05:30,25163.95,25159.75,4.20,26m0s,"1m PUT entry: EMA6(2516776) EMA9(2516850) < MA21(2516904), close=2516395","1m PUT exit: EMA6(2515653) crossed above EMA9(2515622), close=2515975"
160,CALL,2025-09-16T11:46:00+05:30,2025-09-16T11:57:00+05:30,25176.00,25167.20,-8.80,11m0s,"1m CALL re-entry: EMA6(2517223) EMA9(2517211) > MA21(2517103), close=2517600","1m CALL exit: EMA6(2517223) crossed below EMA9(2517274), close=2516720"
161,CALL,2025-09-16T12:10:00+05:30,2025-09-16T12:42:00+05:30,25172.15,25194.00,21.85,32m0s,"1m CALL entry: EMA6(2517152) EMA9(2517127) > MA21(2517117), close=2517215","1m CALL exit: EMA6(2519509) crossed below EMA9(2519513), close=2519400"
162,CALL,2025-09-16T12:43:00+05:30,2025-09-16T12:52:00+05:30,25196.95,25194.25,-2.70,9m0s,"1m CALL re-entry: EMA6(2519562) EMA9(2519549) > MA21(2519386), close=2519695","1m CALL exit: EMA6(2519648) crossed below EMA9(2519661), close=2519425"
163,CALL,2025-09-16T13:01:00+05:30,2025-09-16T13:05:00+05:30,25198.75,25191.95,-6.80,4m0s,"1m CALL entry: EMA6(2519666) EMA9(2519629) > MA21(2519613), close=2519875","1m CALL exit: EMA6(2519483) crossed below EMA9(2519517), close=2519195"
164,CALL,2025-09-16T13:40:00+05:30,2025-09-16T13:47:00+05:30,25180.95,25177.20,-3.75,7m0s,"1m CALL entry: EMA6(2517865) EMA9(2517823) > MA21(2517799), close=2518095","1m CALL exit: EMA6(2517820) crossed below EMA9(2517823), close=2517720"
165,PUT,2025-09-16T13:50:00+05:30,2025-09-16T14:00:00+05:30,25175.20,25180.20,-5.00,10m0s,"1m PUT entry: EMA6(2517664) EMA9(2517705) < MA21(2517727), close=2517520","1m PUT exit: EMA6(2517549) crossed above EMA9(2517500), close=2518020"
166,CALL,2025-09-16T14:01:00+05:30,2025-09-16T14:09:00+05:30,25182.00,25162.50,-19.50,8m0s,"1m CALL entry: EMA6(2517735) EMA9(2517640) > MA21(2517588), close=2518200","1m CALL exit: EMA6(2517481) crossed below EMA9(2517609), close=2516250"
167,CALL,2025-09-16T14:16:00+05:30,2025-09-16T14:46:00+05:30,25181.85,25206.55,24.70,30m0s,"1m CALL entry: EMA6(2517799) EMA9(2517701) > MA21(2517652), close=2518185","1m CALL exit: EMA6(2521115) crossed below EMA9(2521134), close=2520655"
168,CALL,2025-09-16T14:49:00+05:30,2025-09-16T14:50:00+05:30,25214.15,25197.45,-16.70,1m0s,"1m CALL re-entry: EMA6(2521157) EMA9(2521145) > MA21(2520926), close=2521415","1m CALL exit: EMA6(2520753) crossed below EMA9(2520865), close=2519745"
169,PUT,2025-09-16T14:59:00+05:30,2025-09-16T15:00:00+05:30,25201.85,25221.95,-20.10,1m0s,"1m PUT re-entry: EMA6(2520677) EMA9(2520735) < MA21(2521039), close=2520185","1m PUT exit: EMA6(2521110) crossed above EMA9(2521027), close=2522195"
170,CALL,2025-09-17T09:30:00+05:30,2025-09-17T09:46:00+05:30,25304.25,25318.75,14.50,16m0s,"1m CALL re-entry: EMA6(2530079) EMA9(2530039) > MA21(2529142), close=2530425","1m CALL exit: EMA6(2532734) crossed below EMA9(2532788), close=2531875"
171,PUT,2025-09-17T09:50:00+05:30,2025-09-17T09:59:00+05:30,25315.60,25320.05,-4.45,9m0s,"1m PUT entry: EMA6(2532021) EMA9(2532209) < MA21(2532405), close=2531560","1m PUT exit: EMA6(2531938) crossed above EMA9(2531932), close=2532005"
172,PUT,2025-09-17T10:00:00+05:30,2025-09-17T10:02:00+05:30,25316.25,25324.35,-8.10,2m0s,"1m PUT re-entry: EMA6(2531849) EMA9(2531870) < MA21(2532273), close=2531625","1m PUT exit: EMA6(2532029) crossed above EMA9(2531990), close=2532435"
173,CALL,2025-09-17T10:03:00+05:30,2025-09-17T10:12:00+05:30,25325.65,25319.60,-6.05,9m0s,"1m CALL entry: EMA6(2532182) EMA9(2532105) > MA21(2532059), close=2532565","1m CALL exit: EMA6(2532208) crossed below EMA9(2532224), close=2531960"
174,PUT,2025-09-17T10:14:00+05:30,2025-09-17T10:22:00+05:30,25314.15,25323.50,-9.35,8m0s,"1m PUT entry: EMA6(2531902) EMA9(2531998) < MA21(2532080), close=2531415","1m PUT exit: EMA6(2531659) crossed above EMA9(2531603), close=2532350"
175,CALL,2025-09-17T10:24:00+05:30,2025-09-17T10:42:00+05:30,25326.60,25314.10,-12.50,18m0s,"1m CALL entry: EMA6(2532116) EMA9(2531957) > MA21(2531885), close=2532660","1m CALL exit: EMA6(2532162) crossed below EMA9(2532237), close=2531410"
176,CALL,2025-09-17T10:56:00+05:30,2025-09-17T11:11:00+05:30,25326.35,25328.95,2.60,15m0s,"1m CALL entry: EMA6(2532089) EMA9(2531961) > MA21(2531856), close=2532635","1m CALL exit: EMA6(2533057) crossed below EMA9(2533058), close=2532895"
177,CALL,2025-09-17T11:13:00+05:30,2025-09-17T11:19:00+05:30,25333.55,25327.70,-5.85,6m0s,"1m CALL re-entry: EMA6(2533092) EMA9(2533077) > MA21(2532992), close=2533355","1m CALL exit: EMA6(2533074) crossed below EMA9(2533109), close=2532770"
178,CALL,2025-09-17T11:46:00+05:30,2025-09-17T11:48:00+05:30,25325.75,25320.10,-5.65,2m0s,"1m CALL entry: EMA6(2532457) EMA9(2532418) > MA21(2532395), close=2532575","1m CALL exit: EMA6(2532376) crossed below EMA9(2532379), close=2532010"
179,CALL,2025-09-17T11:49:00+05:30,2025-09-17T12:03:00+05:30,25326.95,25326.65,-0.30,14m0s,"1m CALL re-entry: EMA6(2532467) EMA9(2532443) > MA21(2532381), close=2532695","1m CALL exit: EMA6(2533021) crossed below EMA9(2533060), close=2532665"
180,PUT,2025-09-17T12:04:00+05:30,2025-09-17T12:21:00+05:30,25325.00,25328.25,-3.25,17m0s,"1m PUT entry: EMA6(2532872) EMA9(2532948) < MA21(2532975), close=2532500","1m PUT exit: EMA6(2532398) crossed above EMA9(2532391), close=2532825"
181,CALL,2025-09-17T12:22:00+05:30,2025-09-17T12:40:00+05:30,25332.50,25334.15,1.65,18m0s,"1m CALL entry: EMA6(2532641) EMA9(2532563) > MA21(2532505), close=2533250","1m CALL exit: EMA6(2533529) crossed below EMA9(2533533), close=2533415"
182,PUT,2025-09-17T12:44:00+05:30,2025-09-17T12:56:00+05:30,25332.05,25333.45,-1.40,12m0s,"1m PUT entry: EMA6(2533362) EMA9(2533404) < MA21(2533446), close=2533205","1m PUT exit: EMA6(2533173) crossed above EMA9(2533163), close=2533345"
183,PUT,2025-09-17T12:57:00+05:30,2025-09-17T13:01:00+05:30,25329.55,25334.25,-4.70,4m0s,"1m PUT re-entry: EMA6(2533111) EMA9(2533121) < MA21(2533233), close=2532955","1m PUT exit: EMA6(2533161) crossed above EMA9(2533141), close=2533425"
184,CALL,2025-09-17T13:02:00+05:30,2025-09-17T13:12:00+05:30,25339.05,25332.15,-6.90,10m0s,"1m CALL entry: EMA6(2533374) EMA9(2533294) > MA21(2533180), close=2533905","1m CALL exit: EMA6(2533477) crossed below EMA9(2533491), close=2533215"
185,CALL,2025-09-17T13:17:00+05:30,2025-09-17T13:27:00+05:30,25337.20,25335.20,-2.00,10m0s,"1m CALL re-entry: EMA6(2533527) EMA9(2533517) > MA21(2533465), close=2533720","1m CALL exit: EMA6(2533856) crossed below EMA9(2533881), close=2533520"
186,PUT,2025-09-17T13:29:00+05:30,2025-09-17T13:58:00+05:30,25332.65,25320.15,12.50,29m0s,"1m PUT entry: EMA6(2533604) EMA9(2533689) < MA21(2533738), close=2533265","1m PUT exit: EMA6(2531776) crossed above EMA9(2531762), close=2532015"
187,PUT,2025-09-17T14:00:00+05:30,2025-09-17T14:15:00+05:30,25315.60,25307.80,7.80,15m0s,"1m PUT re-entry: EMA6(2531718) EMA9(2531727) < MA21(2531779), close=2531560","1m PUT exit: EMA6(2530414) crossed above EMA9(2530404), close=2530780"
188,CALL,2025-09-17T14:18:00+05:30,2025-09-17T14:25:00+05:30,25312.60,25300.40,-12.20,7m0s,"1m CALL entry: EMA6(2530794) EMA9(2530691) > MA21(2530635), close=2531260","1m CALL exit: EMA6(2530566) crossed below EMA9(2530628), close=2530040"
189,PUT,2025-09-17T14:26:00+05:30,2025-09-17T14:34:00+05:30,25289.50,25304.50,-15.00,8m0s,"1m PUT entry: EMA6(2530104) EMA9(2530292) < MA21(2530425), close=2528950","1m PUT exit: EMA6(2529853) crossed above EMA9(2529839), close=2530450"
190,CALL,2025-09-17T14:37:00+05:30,2025-09-17T15:16:00+05:30,25309.85,25326.55,16.70,39m0s,"1m CALL entry: EMA6(2530402) EMA9(2530254) > MA21(2530225), close=2530985","1m CALL exit: EMA6(2532902) crossed below EMA9(2532930), close=2532655"
191,PUT,2025-09-17T15:17:00+05:30,2025-09-17T15:26:00+05:30,25327.30,25330.25,-2.95,9m0s,"1m PUT entry: EMA6(2532853) EMA9(2532890) < MA21(2532921), close=2532730","1m PUT exit: EMA6(2532730) crossed above EMA9(2532724), close=2533025"
192,PUT,2025-09-17T15:28:00+05:30,2025-09-17T15:29:00+05:30,25327.45,25330.15,-2.70,1m0s,"1m PUT entry: EMA6(2532841) EMA9(2532813) < MA21(2532857), close=2532745",end of day (15:29 close)
193,CALL,2025-09-18T09:47:00+05:30,2025-09-18T09:51:00+05:30,25426.20,25416.35,-9.85,4m0s,"1m CALL entry: EMA6(2542251) EMA9(2542127) > MA21(2541976), close=2542620","1m CALL exit: EMA6(2541982) crossed below EMA9(2542001), close=2541635"
194,PUT,2025-09-18T09:53:00+05:30,2025-09-18T10:06:00+05:30,25412.80,25419.15,-6.35,13m0s,"1m PUT entry: EMA6(2541670) EMA9(2541766) < MA21(2541817), close=2541280","1m PUT exit: EMA6(2541589) crossed above EMA9(2541578), close=2541915"
195,CALL,2025-09-18T10:08:00+05:30,2025-09-18T10:11:00+05:30,25423.25,25405.60,-17.65,3m0s,"1m CALL entry: EMA6(2541857) EMA9(2541774) > MA21(2541667), close=2542325","1m CALL exit: EMA6(2541391) crossed below EMA9(2541487), close=2540560"
196,CALL,2025-09-18T10:27:00+05:30,2025-09-18T11:07:00+05:30,25412.80,25430.10,17.30,40m0s,"1m CALL entry: EMA6(2541221) EMA9(2541174) > MA21(2541131), close=2541280","1m CALL exit: EMA6(2543099) crossed below EMA9(2543107), close=2543010"
197,CALL,2025-09-18T11:08:00+05:30,2025-09-18T11:11:00+05:30,25431.80,25429.95,-1.85,3m0s,"1m CALL re-entry: EMA6(2543122) EMA9(2543122) > MA21(2542971), close=2543180","1m CALL exit: EMA6(2543106) crossed below EMA9(2543113), close=2542995"
198,PUT,2025-09-18T11:12:00+05:30,2025-09-18T11:22:00+05:30,25427.55,25428.05,-0.50,10m0s,"1m PUT entry: EMA6(2543006) EMA9(2543041) < MA21(2543046), close=2542755","1m PUT exit: EMA6(2542607) crossed above EMA9(2542606), close=2542805"
199,PUT,2025-09-18T11:23:00+05:30,2025-09-18T11:25:00+05:30,25424.70,25429.80,-5.10,2m0s,"1m PUT re-entry: EMA6(2542568) EMA9(2542579) < MA21(2542770), close=2542470","1m PUT exit: EMA6(2542688) crossed above EMA9(2542659), close=2542980"
200,CALL,2025-09-18T11:28:00+05:30,2025-09-18T11:33:00+05:30,25428.65,25423.45,-5.20,5m0s,"1m CALL entry: EMA6(2542746) EMA9(2542715) > MA21(2542688), close=2542865","1m CALL exit: EMA6(2542629) crossed below EMA9(2542646), close=2542345"
201,CALL,2025-09-18T11:36:00+05:30,2025-09-18T11:38:00+05:30,25432.00,25423.65,-8.35,2m0s,"1m CALL re-entry: EMA6(2542803) EMA9(2542762) > MA21(2542637), close=2543200","1m CALL exit: EMA6(2542728) crossed below EMA9(2542729), close=2542365"
202,PUT,2025-09-18T11:39:00+05:30,2025-09-18T11:58:00+05:30,25422.25,25417.15,5.10,19m0s,"1m PUT entry: EMA6(2542584) EMA9(2542628) < MA21(2542669), close=2542225","1m PUT exit: EMA6(2541530) crossed above EMA9(2541526), close=2541715"
203,PUT,2025-09-18T12:00:00+05:30,2025-09-18T12:01:00+05:30,25414.30,25418.85,-4.55,1m0s,"1m PUT re-entry: EMA6(2541512) EMA9(2541515) < MA21(2541590), close=2541430","1m PUT exit: EMA6(2541618) crossed above EMA9(2541589), close=2541885"
204,PUT,2025-09-18T12:22:00+05:30,2025-09-18T12:55:00+05:30,25416.80,25382.60,34.20,33m0s,"1m PUT entry: EMA6(2541898) EMA9(2541943) < MA21(2541989), close=2541680","1m PUT exit: EMA6(2538112) crossed above EMA9(2538106), close=2538260"
205,PUT,2025-09-18T12:56:00+05:30,2025-09-18T12:57:00+05:30,25379.90,25382.95,-3.05,1m0s,"1m PUT re-entry: EMA6(2538077) EMA9(2538083) < MA21(2538256), close=2537990","1m PUT exit: EMA6(2538139) crossed above EMA9(2538125), close=2538295"
206,PUT,2025-09-18T13:01:00+05:30,2025-09-18T13:23:00+05:30,25357.00,25363.55,-6.55,22m0s,"1m PUT entry: EMA6(2537458) EMA9(2537693) < MA21(2537946), close=2535700","1m PUT exit: EMA6(2536091) crossed above EMA9(2536073), close=2536355"
207,CALL,2025-09-18T13:24:00+05:30,2025-09-18T13:50:00+05:30,25366.60,25369.60,3.00,26m0s,"1m CALL entry: EMA6(2536254) EMA9(2536190) > MA21(2536149), close=2536660","1m CALL exit: EMA6(2537836) crossed below EMA9(2537934), close=2536960"
208,CALL,2025-09-18T14:11:00+05:30,2025-09-18T14:18:00+05:30,25373.10,25358.75,-14.35,7m0s,"1m CALL entry: EMA6(2536293) EMA9(2536192) > MA21(2536171), close=2537310","1m CALL exit: EMA6(2536294) crossed below EMA9(2536319), close=2535875"
209,PUT,2025-09-18T14:22:00+05:30,2025-09-18T14:32:00+05:30,25361.55,25357.40,4.15,10m0s,"1m PUT entry: EMA6(2536144) EMA9(2536183) < MA21(2536185), close=2536155","1m PUT exit: EMA6(2535531) crossed above EMA9(2535526), close=2535740"
210,PUT,2025-09-18T14:34:00+05:30,2025-09-18T14:44:00+05:30,25341.30,25352.50,-11.20,10m0s,"1m PUT re-entry: EMA6(2535216) EMA9(2535315) < MA21(2535679), close=2534130","1m PUT exit: EMA6(2534897) crossed above EMA9(2534868), close=2535250"
211,CALL,2025-09-18T14:45:00+05:30,2025-09-18T15:28:00+05:30,25358.70,25424.60,65.90,43m0s,"1m CALL entry: EMA6(2535175) EMA9(2535068) > MA21(2534984), close=2535870","1m CALL exit: EMA6(2542883) crossed below EMA9(2542909), close=2542460"
212,CALL,2025-09-19T09:51:00+05:30,2025-09-19T09:55:00+05:30,25345.25,25332.50,-12.75,4m0s,"1m CALL entry: EMA6(2533912) EMA9(2533849) > MA21(2533847), close=2534525","1m CALL exit: EMA6(2533881) crossed below EMA9(2533894), close=2533250"
213,PUT,2025-09-19T09:56:00+05:30,2025-09-19T10:08:00+05:30,25325.40,25320.85,4.55,12m0s,"1m PUT entry: EMA6(2533498) EMA9(2533623) < MA21(2533627), close=2532540","1m PUT exit: EMA6(2531879) crossed above EMA9(2531864), close=2532085"
214,CALL,2025-09-19T10:13:00+05:30,2025-09-19T10:16:00+05:30,25324.20,25313.95,-10.25,3m0s,"1m CALL entry: EMA6(2532202) EMA9(2532126) > MA21(2532094), close=2532420","1m CALL exit: EMA6(2531993) crossed below EMA9(2532022), close=2531395"
215,CALL,2025-09-19T10:21:00+05:30,2025-09-19T10:33:00+05:30,25323.30,25322.80,-0.50,12m0s,"1m CALL entry: EMA6(2531852) EMA9(2531850) > MA21(2531794), close=2532330","1m CALL exit: EMA6(2532970) crossed below EMA9(2533024), close=2532280"
216,PUT,2025-09-19T10:37:00+05:30,2025-09-19T10:53:00+05:30,25322.45,25321.00,1.45,16m0s,"1m PUT entry: EMA6(2532461) EMA9(2532581) < MA21(2532672), close=2532245","1m PUT exit: EMA6(2531936) crossed above EMA9(2531918), close=2532100"
217,CALL,2025-09-19T10:54:00+05:30,2025-09-19T10:58:00+05:30,25323.10,25314.85,-8.25,4m0s,"1m CALL entry: EMA6(2532043) EMA9(2531996) > MA21(2531968), close=2532310","1m CALL exit: EMA6(2531885) crossed below EMA9(2531918), close=2531485"
218,PUT,2025-09-19T10:59:00+05:30,2025-09-19T11:10:00+05:30,25315.55,25318.40,-2.85,11m0s,"1m PUT entry: EMA6(2531791) EMA9(2531846) < MA21(2531879), close=2531555","1m PUT exit: EMA6(2531444) crossed above EMA9(2531413), close=2531840"
219,PUT,2025-09-19T11:13:00+05:30,2025-09-19T11:25:00+05:30,25309.90,25313.65,-3.75,12m0s,"1m PUT re-entry: EMA6(2531324) EMA9(2531345) < MA21(2531489), close=2530990","1m PUT exit: EMA6(2531030) crossed above EMA9(2530992), close=2531365"
220,CALL,2025-09-19T11:26:00+05:30,2025-09-19T11:36:00+05:30,25318.45,25306.85,-11.60,10m0s,"1m CALL entry: EMA6(2531263) EMA9(2531163) > MA21(2531088), close=2531845","1m CALL exit: EMA6(2531246) crossed below EMA9(2531304), close=2530685"
221,PUT,2025-09-19T11:38:00+05:30,2025-09-19T11:40:00+05:30,25310.40,25326.60,-16.20,2m0s,"1m PUT entry: EMA6(2531110) EMA9(2531181) < MA21(2531220), close=2531040","1m PUT exit: EMA6(2531572) crossed above EMA9(2531481), close=2532660"
222,PUT,2025-09-19T11:43:00+05:30,2025-09-19T11:58:00+05:30,25303.45,25301.15,2.30,15m0s,"1m PUT entry: EMA6(2531131) EMA9(2531216) < MA21(2531368), close=2530345","1m PUT exit: EMA6(2529899) crossed above EMA9(2529885), close=2530115"
223,PUT,2025-09-19T12:00:00+05:30,2025-09-19T12:11:00+05:30,25296.75,25300.05,-3.30,11m0s,"1m PUT re-entry: EMA6(2529859) EMA9(2529864) < MA21(2530135), close=2529675","1m PUT exit: EMA6(2529562) crossed above EMA9(2529511), close=2530005"
224,CALL,2025-09-19T12:12:00+05:30,2025-09-19T12:18:00+05:30,25305.40,25294.70,-10.70,6m0s,"1m CALL entry: EMA6(2529841) EMA9(2529717) > MA21(2529608), close=2530540","1m CALL exit: EMA6(2529873) crossed below EMA9(2529889), close=2529470"
225,CALL,2025-09-19T12:22:00+05:30,2025-09-19T12:29:00+05:30,25307.55,25295.40,-12.15,7m0s,"1m CALL re-entry: EMA6(2530062) EMA9(2529994) > MA21(2529721), close=2530755","1m CALL exit: EMA6(2529957) crossed below EMA9(2529991), close=2529540"
226,CALL,2025-09-19T12:46:00+05:30,2025-09-19T12:49:00+05:30,25298.25,25294.50,-3.75,3m0s,"1m CALL entry: EMA6(2529734) EMA9(2529686) > MA21(2529634), close=2529825","1m CALL exit: EMA6(2529601) crossed below EMA9(2529610), close=2529450"
227,CALL,2025-09-19T12:51:00+05:30,2025-09-19T13:37:00+05:30,25305.70,25333.05,27.35,46m0s,"1m CALL re-entry: EMA6(2529852) EMA9(2529780) > MA21(2529583), close=2530570","1m CALL exit: EMA6(2534129) crossed below EMA9(2534148), close=2533305"
228,CALL,2025-09-19T13:43:00+05:30,2025-09-19T13:45:00+05:30,25344.25,25335.95,-8.30,2m0s,"1m CALL re-entry: EMA6(2534141) EMA9(2534115) > MA21(2534072), close=2534425","1m CALL exit: EMA6(2533964) crossed below EMA9(2533999), close=2533595"
229,CALL,2025-09-19T13:52:00+05:30,2025-09-19T14:07:00+05:30,25345.15,25344.85,-0.30,15m0s,"1m CALL entry: EMA6(2534208) EMA9(2534131) > MA21(2534085), close=2534515","1m CALL exit: EMA6(2534708) crossed below EMA9(2534726), close=2534485"
230,CALL,2025-09-19T14:10:00+05:30,2025-09-19T14:18:00+05:30,25349.40,25341.70,-7.70,8m0s,"1m CALL re-entry: EMA6(2534717) EMA9(2534713) > MA21(2534619), close=2534940","1m CALL exit: EMA6(2534968) crossed below EMA9(2534991), close=2534170"
231,PUT,2025-09-19T14:19:00+05:30,2025-09-19T14:33:00+05:30,25339.65,25337.05,2.60,14m0s,"1m PUT entry: EMA6(2534682) EMA9(2534786) < MA21(2534926), close=2533965","1m PUT exit: EMA6(2533394) crossed above EMA9(2533385), close=2533705"
232,CALL,2025-09-19T14:37:00+05:30,2025-09-19T15:00:00+05:30,25338.60,25336.15,-2.45,23m0s,"1m CALL entry: EMA6(2533638) EMA9(2533576) > MA21(2533523), close=2533860","1m CALL exit: EMA6(2534846) crossed below EMA9(2534952), close=2533615"
233,PUT,2025-09-19T15:01:00+05:30,2025-09-19T15:15:00+05:30,25333.55,25327.35,6.20,14m0s,"1m PUT entry: EMA6(2534420) EMA9(2534633) < MA21(2534840), close=2533355","1m PUT exit: EMA6(2531967) crossed above EMA9(2531964), close=2532735"
234,CALL,2025-09-19T15:18:00+05:30,2025-09-19T15:29:00+05:30,25332.50,25352.50,20.00,11m0s,"1m CALL entry: EMA6(2532776) EMA9(2532587) > MA21(2532466), close=2533250",end of day (15:29 close)
235,CALL,2025-09-22T09:31:00+05:30,2025-09-22T09:51:00+05:30,25298.45,25293.50,-4.95,20m0s,"1m CALL entry: EMA6(2528642) EMA9(2528302) > MA21(2527910), close=2529845","1m CALL exit: EMA6(2530960) crossed below EMA9(2531121), close=2529350"
236,PUT,2025-09-22T09:52:00+05:30,2025-09-22T09:56:00+05:30,25290.70,25316.55,-25.85,4m0s,"1m PUT entry: EMA6(2530420) EMA9(2530711) < MA21(2531032), close=2529070","1m PUT exit: EMA6(2530900) crossed above EMA9(2530868), close=2531655"
237,CALL,2025-09-22T09:59:00+05:30,2025-09-22T10:13:00+05:30,25317.00,25314.70,-2.30,14m0s,"1m CALL entry: EMA6(2531370) EMA9(2531242) > MA21(2531238), close=2531700","1m CALL exit: EMA6(2531786) crossed below EMA9(2531793), close=2531470"
238,PUT,2025-09-22T10:14:00+05:30,2025-09-22T10:29:00+05:30,25311.45,25314.30,-2.85,15m0s,"1m PUT entry: EMA6(2531603) EMA9(2531663) < MA21(2531668), close=2531145","1m PUT exit: EMA6(2530970) crossed above EMA9(2530922), close=2531430"
239,CALL,2025-09-22T10:31:00+05:30,2025-09-22T10:42:00+05:30,25317.55,25309.05,-8.50,11m0s,"1m CALL entry: EMA6(2531346) EMA9(2531215) > MA21(2531121), close=2531755","1m CALL exit: EMA6(2531403) crossed below EMA9(2531461), close=2530905"
240,PUT,2025-09-22T10:45:00+05:30,2025-09-22T10:57:00+05:30,25311.00,25309.50,1.50,12m0s,"1m PUT entry: EMA6(2531324) EMA9(2531376) < MA21(2531423), close=2531100","1m PUT exit: EMA6(2530866) crossed above EMA9(2530863), close=2530950"
241,CALL,2025-09-22T11:00:00+05:30,2025-09-22T11:02:00+05:30,25312.00,25305.75,-6.25,2m0s,"1m CALL entry: EMA6(2531016) EMA9(2530976) > MA21(2530970), close=2531200","1m CALL exit: EMA6(2530904) crossed below EMA9(2530913), close=2530575"
242,PUT,2025-09-22T11:03:00+05:30,2025-09-22T11:40:00+05:30,25302.20,25284.15,18.05,37m0s,"1m PUT entry: EMA6(2530709) EMA9(2530774) < MA21(2530874), close=2530220","1m PUT exit: EMA6(2527673) crossed above EMA9(2527606), close=2528415"
243,CALL,2025-09-22T11:41:00+05:30,2025-09-22T12:00:00+05:30,25288.50,25285.25,-3.25,19m0s,"1m CALL entry: EMA6(2528009) EMA9(2527855) > MA21(2527725), close=2528850","1m CALL exit: EMA6(2529004) crossed below EMA9(2529042), close=2528525"
244,PUT,2025-09-22T12:05:00+05:30,2025-09-22T12:15:00+05:30,25287.50,25288.75,-1.25,10m0s,"1m PUT re-entry: EMA6(2528926) EMA9(2528945) < MA21(2529032), close=2528750","1m PUT exit: EMA6(2528468) crossed above EMA9(2528462), close=2528875"
245,CALL,2025-09-22T12:17:00+05:30,2025-09-22T12:27:00+05:30,25293.10,25286.95,-6.15,10m0s,"1m CALL entry: EMA6(2528892) EMA9(2528777) > MA21(2528689), close=2529310","1m CALL exit: EMA6(2529012) crossed below EMA9(2529039), close=2528695"
246,PUT,2025-09-22T12:30:00+05:30,2025-09-22T12:35:00+05:30,25286.30,25291.55,-5.25,5m0s,"1m PUT entry: EMA6(2528798) EMA9(2528863) < MA21(2528889), close=2528630","1m PUT exit: EMA6(2528925) crossed above EMA9(2528908), close=2529155"
247,CALL,2025-09-22T12:37:00+05:30,2025-09-22T12:52:00+05:30,25295.00,25297.30,2.30,15m0s,"1m CALL entry: EMA6(2529126) EMA9(2529058) > MA21(2529052), close=2529500","1m CALL exit: EMA6(2530283) crossed below EMA9(2530292), close=2529730"
248,PUT,2025-09-22T12:55:00+05:30,2025-09-22T12:58:00+05:30,25297.40,25305.45,-8.05,3m0s,"1m PUT entry: EMA6(2530004) EMA9(2530076) < MA21(2530101), close=2529740","1m PUT exit: EMA6(2530139) crossed above EMA9(2530132), close=2530545"
249,CALL,2025-09-22T13:01:00+05:30,2025-09-22T13:11:00+05:30,25313.65,25304.50,-9.15,10m0s,"1m CALL entry: EMA6(2530631) EMA9(2530493) > MA21(2530375), close=2531365","1m CALL exit: EMA6(2530688) crossed below EMA9(2530708), close=2530450"
250,PUT,2025-09-22T13:13:00+05:30,2025-09-22T13:42:00+05:30,25302.70,25281.95,20.75,29m0s,"1m PUT entry: EMA6(2530445) EMA9(2530520) < MA21(2530521), close=2530270","1m PUT exit: EMA6(2528033) crossed above EMA9(2528020), close=2528195"
251,PUT,2025-09-22T13:45:00+05:30,2025-09-22T13:49:00+05:30,25275.30,25280.70,-5.40,4m0s,"1m PUT entry: EMA6(2527839) EMA9(2527887) < MA21(2527963), close=2527530","1m PUT exit: EMA6(2527933) crossed above EMA9(2527925), close=2528070"
252,CALL,2025-09-22T13:50:00+05:30,2025-09-22T13:53:00+05:30,25280.10,25273.70,-6.40,3m0s,"1m CALL entry: EMA6(2527955) EMA9(2527942) > MA21(2527927), close=2528010","1m CALL exit: EMA6(2527778) crossed below EMA9(2527827), close=2527370"
253,CALL,2025-09-22T14:08:00+05:30,2025-09-22T14:20:00+05:30,25286.75,25270.00,-16.75,12m0s,"1m CALL entry: EMA6(2527383) EMA9(2527085) > MA21(2526905), close=2528675","1m CALL exit: EMA6(2527193) crossed below EMA9(2527213), close=2527000"
254,PUT,2025-09-22T14:23:00+05:30,2025-09-22T14:52:00+05:30,25265.65,25191.15,74.50,29m0s,"1m PUT entry: EMA6(2526906) EMA9(2526992) < MA21(2527114), close=2526565","1m PUT exit: EMA6(2518459) crossed above EMA9(2518451), close=2519115"
255,PUT,2025-09-22T14:56:00+05:30,2025-09-22T14:58:00+05:30,25177.40,25196.40,-19.00,2m0s,"1m PUT re-entry: EMA6(2518512) EMA9(2518554) < MA21(2518916), close=2517740","1m PUT exit: EMA6(2518753) crossed above EMA9(2518701), close=2519640"
256,PUT,2025-09-22T15:16:00+05:30,2025-09-22T15:20:00+05:30,25196.55,25208.40,-11.85,4m0s,"1m PUT entry: EMA6(2519739) EMA9(2519796) < MA21(2519891), close=2519655","1m PUT exit: EMA6(2520066) crossed above EMA9(2519982), close=2520840"
257,CALL,2025-09-22T15:22:00+05:30,2025-09-22T15:29:00+05:30,25207.40,25200.20,-7.20,7m0s,"1m CALL entry: EMA6(2520435) EMA9(2520286) > MA21(2520192), close=2520740",end of day (15:29 close)
258,CALL,2025-09-23T09:15:00+05:30,2025-09-23T09:24:00+05:30,25237.50,25210.00,-27.50,9m0s,"1m CALL re-entry: EMA6(2521425) EMA9(2521158) > MA21(2520420), close=2523750","1m CALL exit: EMA6(2522192) crossed below EMA9(2522213), close=2521000"
259,PUT,2025-09-23T09:28:00+05:30,2025-09-23T09:57:00+05:30,25193.65,25143.75,49.90,29m0s,"1m PUT entry: EMA6(2521065) EMA9(2521357) < MA21(2521684), close=2519365","1m PUT exit: EMA6(2513312) crossed above EMA9(2513258), close=2514375"
260,CALL,2025-09-23T10:00:00+05:30,2025-09-23T10:17:00+05:30,25140.60,25148.55,7.95,17m0s,"1m CALL entry: EMA6(2513785) EMA9(2513648) > MA21(2513577), close=2514060","1m CALL exit: EMA6(2515102) crossed below EMA9(2515105), close=2514855"
261,PUT,2025-09-23T10:18:00+05:30,2025-09-23T10:30:00+05:30,25132.45,25130.70,1.75,12m0s,"1m PUT entry: EMA6(2514571) EMA9(2514733) < MA21(2514875), close=2513245","1m PUT exit: EMA6(2512729) crossed above EMA9(2512712), close=2513070"
262,PUT,2025-09-23T10:32:00+05:30,2025-09-23T10:37:00+05:30,25123.25,25129.50,-6.25,5m0s,"1m PUT re-entry: EMA6(2512641) EMA9(2512659) < MA21(2513193), close=2512325","1m PUT exit: EMA6(2512546) crossed above EMA9(2512534), close=2512950"
263,PUT,2025-09-23T10:50:00+05:30,2025-09-23T11:02:00+05:30,25125.00,25128.40,-3.40,12m0s,"1m PUT entry: EMA6(2512820) EMA9(2512908) < MA21(2512939), close=2512500","1m PUT exit: EMA6(2512534) crossed above EMA9(2512509), close=2512840"
264,CALL,2025-09-23T11:03:00+05:30,2025-09-23T11:07:00+05:30,25138.65,25123.00,-15.65,4m0s,"1m CALL entry: EMA6(2512914) EMA9(2512781) > MA21(2512700), close=2513865","1m CALL exit: EMA6(2512651) crossed below EMA9(2512671), close=2512300"
265,PUT,2025-09-23T11:10:00+05:30,2025-09-23T11:25:00+05:30,25116.00,25105.70,10.30,15m0s,"1m PUT entry: EMA6(2512213) EMA9(2512339) < MA21(2512469), close=2511600","1m PUT exit: EMA6(2509918) crossed above EMA9(2509865), close=2510570"
266,CALL,2025-09-23T11:28:00+05:30,2025-09-23T11:32:00+05:30,25102.40,25099.20,-3.20,4m0s,"1m CALL entry: EMA6(2510183) EMA9(2510097) > MA21(2510093), close=2510240","1m CALL exit: EMA6(2509981) crossed below EMA9(2509984), close=2509920"
267,PUT,2025-09-23T11:38:00+05:30,2025-09-23T11:42:00+05:30,25090.90,25099.40,-8.50,4m0s,"1m PUT entry: EMA6(2509474) EMA9(2509583) < MA21(2509716), close=2509090","1m PUT exit: EMA6(2509631) crossed above EMA9(2509614), close=2509940"
268,CALL,2025-09-23T11:44:00+05:30,2025-09-23T12:45:00+05:30,25105.65,25176.95,71.30,1h1m0s,"1m CALL entry: EMA6(2510028) EMA9(2509909) > MA21(2509869), close=2510565","1m CALL exit: EMA6(2519313) crossed below EMA9(2519459), close=2517695"
269,PUT,2025-09-23T12:49:00+05:30,2025-09-23T13:00:00+05:30,25186.70,25197.40,-10.70,11m0s,"1m PUT entry: EMA6(2518924) EMA9(2519072) < MA21(2519161), close=2518670","1m PUT exit: EMA6(2518894) crossed above EMA9(2518857), close=2519740"
270,CALL,2025-09-23T13:01:00+05:30,2025-09-23T13:12:00+05:30,25201.20,25196.90,-4.30,11m0s,"1m CALL entry: EMA6(2519244) EMA9(2519109) > MA21(2518995), close=2520120","1m CALL exit: EMA6(2519918) crossed below EMA9(2519920), close=2519690"
271,CALL,2025-09-23T13:15:00+05:30,2025-09-23T13:16:00+05:30,25200.25,25196.10,-4.15,1m0s,"1m CALL re-entry: EMA6(2519918) EMA9(2519916) > MA21(2519733), close=2520025","1m CALL exit: EMA6(2519830) crossed below EMA9(2519855), close=2519610"
272,PUT,2025-09-23T13:18:00+05:30,2025-09-23T13:20:00+05:30,25199.25,25199.80,-0.55,2m0s,"1m PUT entry: EMA6(2519817) EMA9(2519833) < MA21(2519858), close=2519925","1m PUT exit: EMA6(2519888) crossed above EMA9(2519879), close=2519980"
273,PUT,2025-09-23T13:24:00+05:30,2025-09-23T13:28:00+05:30,25197.60,25204.40,-6.80,4m0s,"1m PUT re-entry: EMA6(2519858) EMA9(2519867) < MA21(2519975), close=2519760","1m PUT exit: EMA6(2519957) crossed above EMA9(2519922), close=2520440"
274,CALL,2025-09-23T13:45:00+05:30,2025-09-23T13:55:00+05:30,25225.25,25222.00,-3.25,10m0s,"1m CALL re-entry: EMA6(2522162) EMA9(2522148) > MA21(2521960), close=2522525","1m CALL exit: EMA6(2522661) crossed below EMA9(2522674), close=2522200"
275,PUT,2025-09-23T13:57:00+05:30,2025-09-23T14:03:00+05:30,25207.95,25229.30,-21.35,6m0s,"1m PUT entry: EMA6(2521883) EMA9(2522104) < MA21(2522315), close=2520795","1m PUT exit: EMA6(2522086) crossed above EMA9(2522012), close=2522930"
276,CALL,2025-09-23T14:05:00+05:30,2025-09-23T14:14:00+05:30,25231.95,25206.90,-25.05,9m0s,"1m CALL entry: EMA6(2522593) EMA9(2522410) > MA21(2522334), close=2523195","1m CALL exit: EMA6(2523275) crossed below EMA9(2523521), close=2520690"
277,PUT,2025-09-23T14:15:00+05:30,2025-09-23T14:26:00+05:30,25203.85,25215.80,-11.95,11m0s,"1m PUT entry: EMA6(2522449) EMA9(2522894) < MA21(2522911), close=2520385","1m PUT exit: EMA6(2521546) crossed above EMA9(2521543), close=2521580"
278,PUT,2025-09-23T14:27:00+05:30,2025-09-23T14:37:00+05:30,25207.55,25231.60,-24.05,10m0s,"1m PUT re-entry: EMA6(2521320) EMA9(2521386) < MA21(2522321), close=2520755","1m PUT exit: EMA6(2521303) crossed above EMA9(2521157), close=2523160"
279,PUT,2025-09-23T14:48:00+05:30,2025-09-23T15:14:00+05:30,25188.35,25174.50,13.85,26m0s,"1m PUT entry: EMA6(2520627) EMA9(2520887) < MA21(2521122), close=2518835","1m PUT exit: EMA6(2517018) crossed above EMA9(2517000), close=2517450"
280,PUT,2025-09-23T15:15:00+05:30,2025-09-23T15:16:00+05:30,25166.60,25178.25,-11.65,1m0s,"1m PUT re-entry: EMA6(2516915) EMA9(2516932) < MA21(2517457), close=2516660","1m PUT exit: EMA6(2517175) crossed above EMA9(2517111), close=2517825"
281,CALL,2025-09-23T15:18:00+05:30,2025-09-23T15:20:00+05:30,25176.15,25165.55,-10.60,2m0s,"1m CALL entry: EMA6(2517457) EMA9(2517344) > MA21(2517324), close=2517615","1m CALL exit: EMA6(2517068) crossed below EMA9(2517102), close=2516555"
282,CALL,2025-09-23T15:25:00+05:30,2025-09-23T15:29:00+05:30,25170.15,25185.80,15.65,4m0s,"1m CALL entry: EMA6(2516848) EMA9(2516883) > MA21(2516836), close=2517015",end of day (15:29 close)
283,CALL,2025-09-24T09:49:00+05:30,2025-09-24T10:13:00+05:30,25077.70,25093.80,16.10,24m0s,"1m CALL entry: EMA6(2507062) EMA9(2506927) > MA21(2506877), close=2507770","1m CALL exit: EMA6(2509813) crossed below EMA9(2509823), close=2509380"
284,CALL,2025-09-24T10:16:00+05:30,2025-09-24T10:28:00+05:30,25101.15,25101.25,0.10,12m0s,"1m CALL re-entry: EMA6(2509894) EMA9(2509870) > MA21(2509664), close=2510115","1m CALL exit: EMA6(2510406) crossed below EMA9(2510432), close=2510125"
285,PUT,2025-09-24T10:30:00+05:30,2025-09-24T10:59:00+05:30,25101.10,25077.25,23.85,29m0s,"1m PUT entry: EMA6(2510194) EMA9(2510263) < MA21(2510282), close=2510110","1m PUT exit: EMA6(2507337) crossed above EMA9(2507305), close=2507725"
286,PUT,2025-09-24T11:01:00+05:30,2025-09-24T11:15:00+05:30,25060.95,25060.00,0.95,14m0s,"1m PUT re-entry: EMA6(2506922) EMA9(2507022) < MA21(2507304), close=2506095","1m PUT exit: EMA6(2505066) crossed above EMA9(2504954), close=2506000"
287,CALL,2025-09-24T11:18:00+05:30,2025-09-24T11:56:00+05:30,25056.35,25073.65,17.30,38m0s,"1m CALL entry: EMA6(2505525) EMA9(2505366) > MA21(2505291), close=2505635","1m CALL exit: EMA6(2507523) crossed below EMA9(2507531), close=2507365"
288,CALL,2025-09-24T11:59:00+05:30,2025-09-24T12:03:00+05:30,25077.50,25068.75,-8.75,4m0s,"1m CALL re-entry: EMA6(2507540) EMA9(2507531) > MA21(2507504), close=2507750","1m CALL exit: EMA6(2507450) crossed below EMA9(2507499), close=2506875"
289,CALL,2025-09-24T12:12:00+05:30,2025-09-24T12:32:00+05:30,25087.00,25091.30,4.30,20m0s,"1m CALL entry: EMA6(2507793) EMA9(2507593) > MA21(2507363), close=2508700","1m CALL exit: EMA6(2509539) crossed below EMA9(2509559), close=2509130"
290,CALL,2025-09-24T12:34:00+05:30,2025-09-24T12:43:00+05:30,25101.25,25096.25,-5.00,9m0s,"1m CALL entry: EMA6(2509718) EMA9(2509678) > MA21(2509663), close=2510125","1m CALL exit: EMA6(2509968) crossed below EMA9(2510001), close=2509625"
291,PUT,2025-09-24T12:44:00+05:30,2025-09-24T12:51:00+05:30,25092.40,25100.75,-8.35,7m0s,"1m PUT entry: EMA6(2509760) EMA9(2509849) < MA21(2509864), close=2509240","1m PUT exit: EMA6(2509531) crossed above EMA9(2509512), close=2510075"
292,CALL,2025-09-24T12:54:00+05:30,2025-09-24T13:27:00+05:30,25104.15,25128.65,24.50,33m0s,"1m CALL entry: EMA6(2509947) EMA9(2509828) > MA21(2509828), close=2510415","1m CALL exit: EMA6(2513024) crossed below EMA9(2513032), close=2512865"
293,CALL,2025-09-24T13:28:00+05:30,2025-09-24T13:44:00+05:30,25131.40,25127.85,-3.55,16m0s,"1m CALL re-entry: EMA6(2513057) EMA9(2513054) > MA21(2512878), close=2513140","1m CALL exit: EMA6(2513261) crossed below EMA9(2513307), close=2512785"
294,PUT,2025-09-24T13:45:00+05:30,2025-09-24T13:53:00+05:30,25129.50,25132.15,-2.65,8m0s,"1m PUT entry: EMA6(2513172) EMA9(2513236) < MA21(2513295), close=2512950","1m PUT exit: EMA6(2512617) crossed above EMA9(2512607), close=2513215"
295,PUT,2025-09-24T13:56:00+05:30,2025-09-24T14:38:00+05:30,25118.00,25094.15,23.85,42m0s,"1m PUT re-entry: EMA6(2512606) EMA9(2512627) < MA21(2512871), close=2511800","1m PUT exit: EMA6(2508709) crossed above EMA9(2508635), close=2509415"
296,CALL,2025-09-24T14:39:00+05:30,2025-09-24T14:41:00+05:30,25098.70,25060.90,-37.80,2m0s,"1m CALL entry: EMA6(2509041) EMA9(2508882) > MA21(2508804), close=2509870","1m CALL exit: EMA6(2508258) crossed below EMA9(2508396), close=2506090"
297,CALL,2025-09-24T15:09:00+05:30,2025-09-24T15:11:00+05:30,25064.15,25051.50,-12.65,2m0s,"1m CALL entry: EMA6(2506158) EMA9(2506053) > MA21(2505963), close=2506415","1m CALL exit: EMA6(2505703) crossed below EMA9(2505759), close=2505150"
298,CALL,2025-09-24T15:14:00+05:30,2025-09-24T15:18:00+05:30,25059.75,25054.80,-4.95,4m0s,"1m CALL entry: EMA6(2505667) EMA9(2505690) > MA21(2505640), close=2505975","1m CALL exit: EMA6(2505700) crossed below EMA9(2505716), close=2505480"
299,CALL,2025-09-24T15:20:00+05:30,2025-09-24T15:29:00+05:30,25060.85,25060.90,0.05,9m0s,"1m CALL re-entry: EMA6(2505839) EMA9(2505810) > MA21(2505732), close=2506085",end of day (15:29 close)
300,CALL,2025-09-25T09:22:00+05:30,2025-09-25T09:30:00+05:30,25079.20,25055.60,-23.60,8m0s,"1m CALL entry: EMA6(2506219) EMA9(2505849) > MA21(2505558), close=2507920","1m CALL exit: EMA6(2506791) crossed below EMA9(2506878), close=2505560"
301,PUT,2025-09-25T09:36:00+05:30,2025-09-25T09:39:00+05:30,25047.25,25072.05,-24.80,3m0s,"1m PUT entry: EMA6(2505701) EMA9(2505981) < MA21(2506338), close=2504725","1m PUT exit: EMA6(2506322) crossed above EMA9(2506298), close=2507205"
302,PUT,2025-09-25T09:42:00+05:30,2025-09-25T09:55:00+05:30,25058.75,25050.10,8.65,13m0s,"1m PUT re-entry: EMA6(2506397) EMA9(2506401) < MA21(2506847), close=2505875","1m PUT exit: EMA6(2504774) crossed above EMA9(2504757), close=2505010"
303,CALL,2025-09-25T09:59:00+05:30,2025-09-25T10:01:00+05:30,25054.35,25047.05,-7.30,2m0s,"1m CALL entry: EMA6(2505330) EMA9(2505215) > MA21(2505120), close=2505435","1m CALL exit: EMA6(2505012) crossed below EMA9(2505021), close=2504705"
304,PUT,2025-09-25T10:04:00+05:30,2025-09-25T10:16:00+05:30,25038.55,25045.25,-6.70,12m0s,"1m PUT entry: EMA6(2504373) EMA9(2504535) < MA21(2504603), close=2503855","1m PUT exit: EMA6(2503862) crossed above EMA9(2503855), close=2504525"
305,CALL,2025-09-25T10:20:00+05:30,2025-09-25T10:34:00+05:30,25045.00,25038.10,-6.90,14m0s,"1m CALL entry: EMA6(2504147) EMA9(2504081) > MA21(2503939), close=2504500","1m CALL exit: EMA6(2504184) crossed below EMA9(2504219), close=2503810"
306,PUT,2025-09-25T10:35:00+05:30,2025-09-25T10:52:00+05:30,25027.95,25014.95,13.00,17m0s,"1m PUT entry: EMA6(2503787) EMA9(2503934) < MA21(2504158), close=2502795","1m PUT exit: EMA6(2501169) crossed above EMA9(2501141), close=2501495"
307,CALL,2025-09-25T10:55:00+05:30,2025-09-25T10:56:00+05:30,25009.45,25005.85,-3.60,1m0s,"1m CALL entry: EMA6(2501190) EMA9(2501180) > MA21(2501136), close=2500945","1m CALL exit: EMA6(2501017) crossed below EMA9(2501061), close=2500585"
308,PUT,2025-09-25T10:57:00+05:30,2025-09-25T11:05:00+05:30,25006.85,25013.70,-6.85,8m0s,"1m PUT entry: EMA6(2500922) EMA9(2500986) < MA21(2501009), close=2500685","1m PUT exit: EMA6(2500897) crossed above EMA9(2500881), close=2501370"
309,CALL,2025-09-25T11:06:00+05:30,2025-09-25T11:27:00+05:30,25014.65,25017.45,2.80,21m0s,"1m CALL entry: EMA6(2501060) EMA9(2500998) > MA21(2500934), close=2501465","1m CALL exit: EMA6(2502781) crossed below EMA9(2502863), close=2501745"
310,PUT,2025-09-25T11:30:00+05:30,2025-09-25T12:12:00+05:30,25024.25,24984.50,39.75,42m0s,"1m PUT entry: EMA6(2502651) EMA9(2502720) < MA21(2502825), close=2502425","1m PUT exit: EMA6(2497883) crossed above EMA9(2497852), close=2498450"
311,CALL,2025-09-25T12:17:00+05:30,2025-09-25T12:25:00+05:30,24984.40,24982.50,-1.90,8m0s,"1m CALL entry: EMA6(2498172) EMA9(2498100) > MA21(2498057), close=2498440","1m CALL exit: EMA6(2498412) crossed below EMA9(2498412), close=2498250"
312,CALL,2025-09-25T12:27:00+05:30,2025-09-25T12:30:00+05:30,24989.10,24978.10,-11.00,3m0s,"1m CALL re-entry: EMA6(2498491) EMA9(2498462) > MA21(2498160), close=2498910","1m CALL exit: EMA6(2498345) crossed below EMA9(2498385), close=2497810"
313,PUT,2025-09-25T12:31:00+05:30,2025-09-25T12:38:00+05:30,24982.00,24983.70,-1.70,7m0s,"1m PUT entry: EMA6(2498303) EMA9(2498348) < MA21(2498408), close=2498200","1m PUT exit: EMA6(2498261) crossed above EMA9(2498258), close=2498370"
314,CALL,2025-09-25T12:40:00+05:30,2025-09-25T12:42:00+05:30,24987.70,24973.95,-13.75,2m0s,"1m CALL entry: EMA6(2498490) EMA9(2498426) > MA21(2498400), close=2498770","1m CALL exit: EMA6(2498118) crossed below EMA9(2498184), close=2497395"
315,CALL,2025-09-25T12:56:00+05:30,2025-09-25T13:15:00+05:30,24976.80,24986.00,9.20,19m0s,"1m CALL entry: EMA6(2497671) EMA9(2497603) > MA21(2497581), close=2497680","1m CALL exit: EMA6(2499428) crossed below EMA9(2499507), close=2498600"
316,PUT,2025-09-25T13:16:00+05:30,2025-09-25T13:32:00+05:30,24978.00,24984.15,-6.15,16m0s,"1m PUT entry: EMA6(2498963) EMA9(2499166) < MA21(2499211), close=2497800","1m PUT exit: EMA6(2497849) crossed above EMA9(2497805), close=2498415"
317,CALL,2025-09-25T13:34:00+05:30,2025-09-25T13:54:00+05:30,24981.10,24990.55,9.45,20m0s,"1m CALL entry: EMA6(2498124) EMA9(2498030) > MA21(2497947), close=2498110","1m CALL exit: EMA6(2499390) crossed below EMA9(2499392), close=2499055"
318,CALL,2025-09-25T13:55:00+05:30,2025-09-25T13:56:00+05:30,24996.65,24988.40,-8.25,1m0s,"1m CALL re-entry: EMA6(2499469) EMA9(2499447) > MA21(2499028), close=2499665","1m CALL exit: EMA6(2499289) crossed below EMA9(2499325), close=2498840"
319,PUT,2025-09-25T13:57:00+05:30,2025-09-25T14:26:00+05:30,24975.30,24977.75,-2.45,29m0s,"1m PUT entry: EMA6(2498786) EMA9(2498966) < MA21(2499045), close=2497530","1m PUT exit: EMA6(2496626) crossed above EMA9(2496575), close=2497775"
320,PUT,2025-09-25T14:29:00+05:30,2025-09-25T14:39:00+05:30,24957.55,24961.60,-4.05,10m0s,"1m PUT entry: EMA6(2496367) EMA9(2496435) < MA21(2496436), close=2495755","1m PUT exit: EMA6(2495226) crossed above EMA9(2495226), close=2496160"
321,PUT,2025-09-25T14:40:00+05:30,2025-09-25T15:18:00+05:30,24947.05,24901.15,45.90,38m0s,"1m PUT re-entry: EMA6(2495077) EMA9(2495121) < MA21(2495699), close=2494705","1m PUT exit: EMA6(2489400) crossed above EMA9(2489314), close=2490115"
322,CALL,2025-09-25T15:19:00+05:30,2025-09-25T15:22:00+05:30,24900.45,24883.55,-16.90,3m0s,"1m CALL entry: EMA6(2489584) EMA9(2489460) > MA21(2489334), close=2490045","1m CALL exit: EMA6(2489121) crossed below EMA9(2489185), close=2488355"
323,PUT,2025-09-25T15:27:00+05:30,2025-09-25T15:28:00+05:30,24890.50,24894.75,-4.25,1m0s,"1m PUT entry: EMA6(2488968) EMA9(2489010) < MA21(2489028), close=2489050","1m PUT exit: EMA6(2489113) crossed above EMA9(2489103), close=2489475"
324,PUT,2025-09-26T09:15:00+05:30,2025-09-26T09:43:00+05:30,24823.75,24783.10,40.65,28m0s,"1m PUT entry: EMA6(2487462) EMA9(2487974) < MA21(2488892), close=2482375","1m PUT exit: EMA6(2477944) crossed above EMA9(2477919), close=2478310"
325,CALL,2025-09-26T09:46:00+05:30,2025-09-26T10:01:00+05:30,24792.40,24800.55,8.15,15m0s,"1m CALL entry: EMA6(2478346) EMA9(2478219) > MA21(2478139), close=2479240","1m CALL exit: EMA6(2480851) crossed below EMA9(2480854), close=2480055"
326,PUT,2025-09-26T10:04:00+05:30,2025-09-26T10:23:00+05:30,24799.10,24787.50,11.60,19m0s,"1m PUT entry: EMA6(2480290) EMA9(2480426) < MA21(2480480), close=2479910","1m PUT exit: EMA6(2478197) crossed above EMA9(2478183), close=2478750"
327,CALL,2025-09-26T10:25:00+05:30,2025-09-26T10:33:00+05:30,24798.10,24790.20,-7.90,8m0s,"1m CALL entry: EMA6(2478804) EMA9(2478625) > MA21(2478333), close=2479810","1m CALL exit: EMA6(2479211) crossed below EMA9(2479227), close=2479020"
328,CALL,2025-09-26T10:35:00+05:30,2025-09-26T10:37:00+05:30,24796.00,24790.90,-5.10,2m0s,"1m CALL re-entry: EMA6(2479315) EMA9(2479293) > MA21(2478944), close=2479600","1m CALL exit: EMA6(2479220) crossed below EMA9(2479232), close=2479090"
329,CALL,2025-09-26T10:39:00+05:30,2025-09-26T10:47:00+05:30,24795.55,24790.15,-5.40,8m0s,"1m CALL re-entry: EMA6(2479243) EMA9(2479238) > MA21(2479091), close=2479555","1m CALL exit: EMA6(2479401) crossed below EMA9(2479434), close=2479015"
330,CALL,2025-09-26T10:48:00+05:30,2025-09-26T10:55:00+05:30,24795.40,24788.85,-6.55,7m0s,"1m CALL entry: EMA6(2479441) EMA9(2479455) > MA21(2479413), close=2479540","1m CALL exit: EMA6(2479538) crossed below EMA9(2479611), close=2478885"
331,PUT,2025-09-26T10:56:00+05:30,2025-09-26T11:09:00+05:30,24785.75,24783.90,1.85,13m0s,"1m PUT entry: EMA6(2479263) EMA9(2479404) < MA21(2479540), close=2478575","1m PUT exit: EMA6(2477747) crossed above EMA9(2477718), close=2478390"
332,PUT,2025-09-26T11:14:00+05:30,2025-09-26T11:26:00+05:30,24768.60,24768.30,0.30,12m0s,"1m PUT re-entry: EMA6(2477614) EMA9(2477682) < MA21(2477802), close=2476860","1m PUT exit: EMA6(2476343) crossed above EMA9(2476335), close=2476830"
333,PUT,2025-09-26T11:28:00+05:30,2025-09-26T11:49:00+05:30,24759.45,24756.70,2.75,21m0s,"1m PUT re-entry: EMA6(2476252) EMA9(2476276) < MA21(2476730), close=2475945","1m PUT exit: EMA6(2475162) crossed above EMA9(2475107), close=2475670"
334,CALL,2025-09-26T11:50:00+05:30,2025-09-26T12:03:00+05:30,24763.20,24758.05,-5.15,13m0s,"1m CALL entry: EMA6(2475493) EMA9(2475350) > MA21(2475169), close=2476320","1m CALL exit: EMA6(2476601) crossed below EMA9(2476653), close=2475805"
335,PUT,2025-09-26T12:05:00+05:30,2025-09-26T12:11:00+05:30,24753.45,24766.20,-12.75,6m0s,"1m PUT entry: EMA6(2476078) EMA9(2476254) < MA21(2476333), close=2475345","1m PUT exit: EMA6(2476330) crossed above EMA9(2476316), close=2476620"
336,PUT,2025-09-26T12:16:00+05:30,2025-09-26T12:21:00+05:30,24756.85,24765.75,-8.90,5m0s,"1m PUT re-entry: EMA6(2476199) EMA9(2476248) < MA21(2476461), close=2475685","1m PUT exit: EMA6(2476197) crossed above EMA9(2476193), close=2476575"
337,CALL,2025-09-26T12:22:00+05:30,2025-09-26T12:30:00+05:30,24769.50,24755.90,-13.60,8m0s,"1m CALL entry: EMA6(2476412) EMA9(2476344) > MA21(2476220), close=2476950","1m CALL exit: EMA6(2476554) crossed below EMA9(2476658), close=2475590"
338,PUT,2025-09-26T12:31:00+05:30,2025-09-26T12:39:00+05:30,24754.55,24767.10,-12.55,8m0s,"1m PUT entry: EMA6(2476240) EMA9(2476418) < MA21(2476548), close=2475455","1m PUT exit: EMA6(2476246) crossed above EMA9(2476205), close=2476710"
339,CALL,2025-09-26T12:42:00+05:30,2025-09-26T12:58:00+05:30,24770.15,24777.45,7.30,16m0s,"1m CALL entry: EMA6(2476688) EMA9(2476563) > MA21(2476552), close=2477015","1m CALL exit: EMA6(2478168) crossed below EMA9(2478176), close=2477745"
340,CALL,2025-09-26T13:02:00+05:30,2025-09-26T13:10:00+05:30,24783.00,24775.95,-7.05,8m0s,"1m CALL entry: EMA6(2478002) EMA9(2478016) > MA21(2477978), close=2478300","1m CALL exit: EMA6(2477996) crossed below EMA9(2478036), close=2477595"
341,PUT,2025-09-26T13:48:00+05:30,2025-09-26T14:13:00+05:30,24716.60,24659.95,56.65,25m0s,"1m PUT re-entry: EMA6(2471817) EMA9(2471819) < MA21(2471858), close=2471660","1m PUT exit: EMA6(2465652) crossed above EMA9(2465636), close=2465995"
342,PUT,2025-09-26T14:16:00+05:30,2025-09-26T14:30:00+05:30,24648.40,24652.45,-4.05,14m0s,"1m PUT re-entry: EMA6(2465472) EMA9(2465532) < MA21(2465785), close=2464840","1m PUT exit: EMA6(2464654) crossed above EMA9(2464620), close=2465245"
343,PUT,2025-09-26T14:32:00+05:30,2025-09-26T14:33:00+05:30,24642.60,24653.25,-10.65,1m0s,"1m PUT re-entry: EMA6(2464536) EMA9(2464550) < MA21(2464796), close=2464260","1m PUT exit: EMA6(2464762) crossed above EMA9(2464705), close=2465325"
344,CALL,2025-09-26T14:35:00+05:30,2025-09-26T14:36:00+05:30,24647.75,24645.10,-2.65,1m0s,"1m CALL entry: EMA6(2464669) EMA9(2464652) > MA21(2464613), close=2464775","1m CALL exit: EMA6(2464624) crossed below EMA9(2464624), close=2464510"
345,CALL,2025-09-26T14:37:00+05:30,2025-09-26T14:52:00+05:30,24647.65,24649.40,1.75,15m0s,"1m CALL re-entry: EMA6(2464664) EMA9(2464652) > MA21(2464567), close=2464765","1m CALL exit: EMA6(2465722) crossed below EMA9(2465731), close=2464940"
346,PUT,2025-09-26T14:54:00+05:30,2025-09-26T15:02:00+05:30,24630.35,24658.75,-28.40,8m0s,"1m PUT entry: EMA6(2464836) EMA9(2465097) < MA21(2465400), close=2463035","1m PUT exit: EMA6(2465067) crossed above EMA9(2465029), close=2465875"
347,PUT,2025-09-26T15:05:00+05:30,2025-09-26T15:18:00+05:30,24647.50,24653.05,-5.55,13m0s,"1m PUT entry: EMA6(2465184) EMA9(2465159) < MA21(2465201), close=2464750","1m PUT exit: EMA6(2464941) crossed above EMA9(2464915), close=2465305"
348,CALL,2025-09-26T15:20:00+05:30,2025-09-26T15:29:00+05:30,24658.15,24673.10,14.95,9m0s,"1m CALL entry: EMA6(2465248) EMA9(2465144) > MA21(2465065), close=2465815",end of day (15:29 close)
349,PUT,2025-09-29T10:08:00+05:30,2025-09-29T10:13:00+05:30,24745.90,24758.00,-12.10,5m0s,"1m PUT entry: EMA6(2475209) EMA9(2475355) < MA21(2475481), close=2474590","1m PUT exit: EMA6(2475361) crossed above EMA9(2475337), close=2475800"
350,CALL,2025-09-29T10:17:00+05:30,2025-09-29T10:28:00+05:30,24763.75,24770.30,6.55,11m0s,"1m CALL entry: EMA6(2475873) EMA9(2475746) > MA21(2475650), close=2476375","1m CALL exit: EMA6(2477698) crossed below EMA9(2477701), close=2477030"
351,PUT,2025-09-29T10:32:00+05:30,2025-09-29T10:46:00+05:30,24764.85,24765.20,-0.35,14m0s,"1m PUT entry: EMA6(2476886) EMA9(2477064) < MA21(2477220), close=2476485","1m PUT exit: EMA6(2476174) crossed above EMA9(2476170), close=2476520"
352,PUT,2025-09-29T10:48:00+05:30,2025-09-29T11:01:00+05:30,24746.05,24753.75,-7.70,13m0s,"1m PUT re-entry: EMA6(2475733) EMA9(2475863) < MA21(2476291), close=2474605","1m PUT exit: EMA6(2474746) crossed above EMA9(2474672), close=2475375"
353,CALL,2025-09-29T11:04:00+05:30,2025-09-29T11:12:00+05:30,24757.15,24738.75,-18.40,8m0s,"1m CALL entry: EMA6(2475299) EMA9(2475131) > MA21(2474976), close=2475715","1m CALL exit: EMA6(2475020) crossed below EMA9(2475154), close=2473875"
354,PUT,2025-09-29T11:14:00+05:30,2025-09-29T11:56:00+05:30,24740.45,24668.65,71.80,42m0s,"1m PUT entry: EMA6(2474553) EMA9(2474763) < MA21(2474878), close=2474045","1m PUT exit: EMA6(2466193) crossed above EMA9(2466121), close=2466865"
355,CALL,2025-09-29T11:57:00+05:30,2025-09-29T12:02:00+05:30,24674.25,24646.60,-27.65,5m0s,"1m CALL entry: EMA6(2466545) EMA9(2466382) > MA21(2466149), close=2467425","1m CALL exit: EMA6(2465910) crossed below EMA9(2466054), close=2464660"
356,PUT,2025-09-29T12:03:00+05:30,2025-09-29T12:16:00+05:30,24646.20,24659.80,-13.60,13m0s,"1m PUT entry: EMA6(2465541) EMA9(2465767) < MA21(2465924), close=2464620","1m PUT exit: EMA6(2464834) crossed above EMA9(2464792), close=2465980"
357,PUT,2025-09-29T12:19:00+05:30,2025-09-29T12:21:00+05:30,24640.50,24651.60,-11.10,2m0s,"1m PUT entry: EMA6(2465006) EMA9(2464986) < MA21(2465100), close=2464050","1m PUT exit: EMA6(2464996) crossed above EMA9(2464981), close=2465160"
358,PUT,2025-09-29T12:33:00+05:30,2025-09-29T12:52:00+05:30,24640.85,24625.90,14.95,19m0s,"1m PUT entry: EMA6(2465006) EMA9(2465119) < MA21(2465169), close=2464085","1m PUT exit: EMA6(2462213) crossed above EMA9(2462200), close=2462590"
359,CALL,2025-09-29T12:55:00+05:30,2025-09-29T13:42:00+05:30,24633.30,24695.35,62.05,47m0s,"1m CALL entry: EMA6(2462669) EMA9(2462540) > MA21(2462364), close=2463330","1m CALL exit: EMA6(2470660) crossed below EMA9(2470781), close=2469535"
360,PUT,2025-09-29T13:43:00+05:30,2025-09-29T13:57:00+05:30,24689.95,24707.00,-17.05,14m0s,"1m PUT entry: EMA6(2470184) EMA9(2470424) < MA21(2470491), close=2468995","1m PUT exit: EMA6(2470048) crossed above EMA9(2469989), close=2470700"
361,CALL,2025-09-29T13:58:00+05:30,2025-09-29T14:15:00+05:30,24713.20,24723.65,10.45,17m0s,"1m CALL entry: EMA6(2470411) EMA9(2470255) > MA21(2470117), close=2471320","1m CALL exit: EMA6(2472563) crossed below EMA9(2472583), close=2472365"
362,CALL,2025-09-29T14:18:00+05:30,2025-09-29T14:25:00+05:30,24735.75,24723.60,-12.15,7m0s,"1m CALL re-entry: EMA6(2472866) EMA9(2472785) > MA21(2472700), close=2473575","1m CALL exit: EMA6(2473276) crossed below EMA9(2473283), close=2472360"
363,PUT,2025-09-29T14:28:00+05:30,2025-09-29T14:35:00+05:30,24720.25,24731.00,-10.75,7m0s,"1m PUT entry: EMA6(2472652) EMA9(2472803) < MA21(2472932), close=2472025","1m PUT exit: EMA6(2472509) crossed above EMA9(2472477), close=2473100"
364,PUT,2025-09-29T14:36:00+05:30,2025-09-29T14:59:00+05:30,24721.45,24685.55,35.90,23m0s,"1m PUT re-entry: EMA6(2472405) EMA9(2472411) < MA21(2472759), close=2472145","1m PUT exit: EMA6(2468472) crossed above EMA9(2468469), close=2468555"
365,PUT,2025-09-29T15:00:00+05:30,2025-09-29T15:14:00+05:30,24643.95,24639.65,4.30,14m0s,"1m PUT re-entry: EMA6(2467307) EMA9(2467654) < MA21(2468412), close=2464395","1m PUT exit: EMA6(2463756) crossed above EMA9(2463739), close=2463965"
366,PUT,2025-09-29T15:15:00+05:30,2025-09-29T15:23:00+05:30,24633.90,24642.35,-8.45,8m0s,"1m PUT re-entry: EMA6(2463652) EMA9(2463669) < MA21(2464491), close=2463390","1m PUT exit: EMA6(2463358) crossed above EMA9(2463309), close=2464235"
367,PUT,2025-09-30T09:29:00+05:30,2025-09-30T09:49:00+05:30,24670.25,24665.65,4.60,20m0s,"1m PUT entry: EMA6(2469008) EMA9(2469368) < MA21(2469375), close=2467025","1m PUT exit: EMA6(2465666) crossed above EMA9(2465646), close=2466565"
368,CALL,2025-09-30T09:54:00+05:30,2025-09-30T09:56:00+05:30,24658.85,24652.25,-6.60,2m0s,"1m CALL entry: EMA6(2465901) EMA9(2465851) > MA21(2465784), close=2465885","1m CALL exit: EMA6(2465641) crossed below EMA9(2465682), close=2465225"
369,CALL,2025-09-30T09:58:00+05:30,2025-09-30T10:06:00+05:30,24660.60,24654.25,-6.35,8m0s,"1m CALL re-entry: EMA6(2465788) EMA9(2465772) > MA21(2465614), close=2466060","1m CALL exit: EMA6(2466169) crossed below EMA9(2466217), close=2465425"
370,PUT,2025-09-30T10:07:00+05:30,2025-09-30T10:19:00+05:30,24655.00,24649.15,5.85,12m0s,"1m PUT entry: EMA6(2465978) EMA9(2466074) < MA21(2466079), close=2465500","1m PUT exit: EMA6(2464519) crossed above EMA9(2464515), close=2464915"
371,PUT,2025-09-30T10:20:00+05:30,2025-09-30T10:21:00+05:30,24644.50,24647.15,-2.65,1m0s,"1m PUT re-entry: EMA6(2464499) EMA9(2464502) < MA21(2465114), close=2464450","1m PUT exit: EMA6(2464561) crossed above EMA9(2464545), close=2464715"
372,CALL,2025-09-30T10:25:00+05:30,2025-09-30T11:18:00+05:30,24642.90,24659.25,16.35,53m0s,"1m CALL entry: EMA6(2464594) EMA9(2464602) > MA21(2464594), close=2464290","1m CALL exit: EMA6(2466167) crossed below EMA9(2466168), close=2465925"
373,CALL,2025-09-30T11:19:00+05:30,2025-09-30T11:23:00+05:30,24664.40,24648.40,-16.00,4m0s,"1m CALL re-entry: EMA6(2466245) EMA9(2466222) > MA21(2465945), close=2466440","1m CALL exit: EMA6(2465961) crossed below EMA9(2466086), close=2464840"
374,CALL,2025-09-30T11:36:00+05:30,2025-09-30T11:40:00+05:30,24668.60,24644.90,-23.70,4m0s,"1m CALL entry: EMA6(2465958) EMA9(2465739) > MA21(2465501), close=2466860","1m CALL exit: EMA6(2465466) crossed below EMA9(2465524), close=2464490"
375,PUT,2025-09-30T11:43:00+05:30,2025-09-30T12:04:00+05:30,24644.25,24645.40,-1.15,21m0s,"1m PUT entry: EMA6(2464836) EMA9(2465013) < MA21(2465074), close=2464425","1m PUT exit: EMA6(2463821) crossed above EMA9(2463737), close=2464540"
376,CALL,2025-09-30T12:05:00+05:30,2025-09-30T12:40:00+05:30,24651.65,24665.65,14.00,35m0s,"1m CALL entry: EMA6(2464205) EMA9(2464023) > MA21(2463910), close=2465165","1m CALL exit: EMA6(2467172) crossed below EMA9(2467237), close=2466565"
377,PUT,2025-09-30T12:41:00+05:30,2025-09-30T13:08:00+05:30,24668.95,24657.45,11.50,27m0s,"1m PUT entry: EMA6(2467093) EMA9(2467169) < MA21(2467237), close=2466895","1m PUT exit: EMA6(2465421) crossed above EMA9(2465396), close=2465745"
378,CALL,2025-09-30T13:09:00+05:30,2025-09-30T13:21:00+05:30,24664.15,24664.05,-0.10,12m0s,"1m CALL entry: EMA6(2465705) EMA9(2465600) > MA21(2465546), close=2466415","1m CALL exit: EMA6(2466513) crossed below EMA9(2466521), close=2466405"
379,PUT,2025-09-30T13:23:00+05:30,2025-09-30T13:48:00+05:30,24652.15,24642.15,10.00,25m0s,"1m PUT entry: EMA6(2466053) EMA9(2466189) < MA21(2466189), close=2465215","1m PUT exit: EMA6(2463970) crossed above EMA9(2463943), close=2464215"
380,CALL,2025-09-30T13:49:00+05:30,2025-09-30T13:54:00+05:30,24644.70,24632.20,-12.50,5m0s,"1m CALL entry: EMA6(2464113) EMA9(2464048) > MA21(2464017), close=2464470","1m CALL exit: EMA6(2464067) crossed below EMA9(2464107), close=2463220"
381,PUT,2025-09-30T13:55:00+05:30,2025-09-30T14:06:00+05:30,24635.10,24639.20,-4.10,11m0s,"1m PUT entry: EMA6(2463908) EMA9(2463988) < MA21(2464021), close=2463510","1m PUT exit: EMA6(2463619) crossed above EMA9(2463617), close=2463920"
382,PUT,2025-09-30T14:08:00+05:30,2025-09-30T14:24:00+05:30,24631.15,24620.85,10.30,16m0s,"1m PUT re-entry: EMA6(2463597) EMA9(2463612) < MA21(2463813), close=2463115","1m PUT exit: EMA6(2461246) crossed above EMA9(2461186), close=2462085"
383,PUT,2025-09-30T14:25:00+05:30,2025-09-30T14:27:00+05:30,24603.80,24612.60,-8.80,2m0s,"1m PUT re-entry: EMA6(2460998) EMA9(2461025) < MA21(2461627), close=2460380","1m PUT exit: EMA6(2461113) crossed above EMA9(2461099), close=2461260"
384,CALL,2025-09-30T14:29:00+05:30,2025-09-30T14:47:00+05:30,24612.00,24615.90,3.90,18m0s,"1m CALL entry: EMA6(2461181) EMA9(2461155) > MA21(2461153), close=2461200","1m CALL exit: EMA6(2463498) crossed below EMA9(2463502), close=2461590"
385,PUT,2025-09-30T14:50:00+05:30,2025-09-30T14:57:00+05:30,24620.65,24632.70,-12.05,7m0s,"1m PUT entry: EMA6(2462651) EMA9(2462845) < MA21(2462990), close=2462065","1m PUT exit: EMA6(2462917) crossed above EMA9(2462899), close=2463270"
386,PUT,2025-09-30T15:00:00+05:30,2025-09-30T15:22:00+05:30,24631.45,24612.00,19.45,22m0s,"1m PUT entry: EMA6(2463200) EMA9(2463138) < MA21(2463201), close=2463145","1m PUT exit: EMA6(2460874) crossed above EMA9(2460865), close=2461200"
387,CALL,2025-09-30T15:23:00+05:30,2025-09-30T15:29:00+05:30,24610.85,24633.60,22.75,6m0s,"1m CALL entry: EMA6(2460934) EMA9(2460909) > MA21(2460898), close=2461085",end of day (15:29 close)
388,PUT,2025-10-01T09:53:00+05:30,2025-10-01T10:00:00+05:30,24658.55,24675.40,-16.85,7m0s,"1m PUT entry: EMA6(2466963) EMA9(2467192) < MA21(2467268), close=2465855","1m PUT exit: EMA6(2467352) crossed above EMA9(2467337), close=2467540"
389,PUT,2025-10-01T10:03:00+05:30,2025-10-01T10:14:00+05:30,24648.35,24659.95,-11.60,11m0s,"1m PUT entry: EMA6(2466903) EMA9(2467065) < MA21(2467522), close=2464835","1m PUT exit: EMA6(2465458) crossed above EMA9(2465399), close=2465995"
390,CALL,2025-10-01T10:18:00+05:30,2025-10-01T10:23:00+05:30,24668.00,24652.20,-15.80,5m0s,"1m CALL entry: EMA6(2466079) EMA9(2465894) > MA21(2465693), close=2466800","1m CALL exit: EMA6(2465712) crossed below EMA9(2465767), close=2465220"
391,PUT,2025-10-01T10:28:00+05:30,2025-10-01T10:29:00+05:30,24659.90,24663.45,-3.55,1m0s,"1m PUT entry: EMA6(2465702) EMA9(2465709) < MA21(2465721), close=2465990","1m PUT exit: EMA6(2465886) crossed above EMA9(2465837), close=2466345"
392,PUT,2025-10-01T10:44:00+05:30,2025-10-01T10:52:00+05:30,24662.75,24671.45,-8.70,8m0s,"1m PUT entry: EMA6(2467102) EMA9(2467312) < MA21(2467352), close=2466275","1m PUT exit: EMA6(2466785) crossed above EMA9(2466747), close=2467145"
393,CALL,2025-10-01T10:56:00+05:30,2025-10-01T12:17:00+05:30,24679.50,24795.85,116.35,1h21m0s,"1m CALL entry: EMA6(2467414) EMA9(2467250) > MA21(2467115), close=2467950","1m CALL exit: EMA6(2480205) crossed below EMA9(2480224), close=2479585"
394,PUT,2025-10-01T12:18:00+05:30,2025-10-01T12:39:00+05:30,24788.75,24777.10,11.65,21m0s,"1m PUT entry: EMA6(2479825) EMA9(2479954) < MA21(2480004), close=2478875","1m PUT exit: EMA6(2477187) crossed above EMA9(2477176), close=2477710"
395,CALL,2025-10-01T12:42:00+05:30,2025-10-01T12:44:00+05:30,24774.10,24760.95,-13.15,2m0s,"1m CALL entry: EMA6(2477329) EMA9(2477294) > MA21(2477247), close=2477410","1m CALL exit: EMA6(2476928) crossed below EMA9(2477022), close=2476095"
396,PUT,2025-10-01T12:51:00+05:30,2025-10-01T12:52:00+05:30,24765.10,24768.40,-3.30,1m0s,"1m PUT re-entry: EMA6(2476728) EMA9(2476730) < MA21(2476847), close=2476510","1m PUT exit: EMA6(2476760) crossed above EMA9(2476752), close=2476840"
397,CALL,2025-10-01T12:56:00+05:30,2025-10-01T12:57:00+05:30,24771.05,24759.50,-11.55,1m0s,"1m CALL entry: EMA6(2476882) EMA9(2476846) > MA21(2476830), close=2477105","1m CALL exit: EMA6(2476616) crossed below EMA9(2476667), close=2475950"
398,PUT,2025-10-01T13:11:00+05:30,2025-10-01T13:13:00+05:30,24756.90,24773.10,-16.20,2m0s,"1m PUT re-entry: EMA6(2475866) EMA9(2475883) < MA21(2476099), close=2475690","1m PUT exit: EMA6(2476293) crossed above EMA9(2476177), close=2477310"
399,PUT,2025-10-01T13:46:00+05:30,2025-10-01T13:54:00+05:30,24777.90,24782.95,-5.05,8m0s,"1m PUT entry: EMA6(2478204) EMA9(2478276) < MA21(2478365), close=2477790","1m PUT exit: EMA6(2477910) crossed above EMA9(2477893), close=2478295"
400,PUT,2025-10-01T13:57:00+05:30,2025-10-01T13:58:00+05:30,24776.00,24780.60,-4.60,1m0s,"1m PUT re-entry: EMA6(2477855) EMA9(2477866) < MA21(2478069), close=2477600","1m PUT exit: EMA6(2477914) crossed above EMA9(2477905), close=2478060"
401,CALL,2025-10-01T14:00:00+05:30,2025-10-01T14:15:00+05:30,24783.60,24781.60,-2.00,15m0s,"1m CALL entry: EMA6(2478138) EMA9(2478073) > MA21(2478030), close=2478360","1m CALL exit: EMA6(2479352) crossed below EMA9(2479471), close=2478160"
402,CALL,2025-10-01T14:18:00+05:30,2025-10-01T14:56:00+05:30,24798.60,24830.60,32.00,38m0s,"1m CALL entry: EMA6(2479392) EMA9(2479416) > MA21(2479360), close=2479860","1m CALL exit: EMA6(2484534) crossed below EMA9(2484678), close=2483060"
403,CALL,2025-10-01T15:19:00+05:30,2025-10-01T15:29:00+05:30,24839.70,24853.40,13.70,10m0s,"1m CALL entry: EMA6(2483513) EMA9(2483429) > MA21(2483421), close=2483970",end of day (15:29 close)
404,CALL,2025-10-03T09:41:00+05:30,2025-10-03T10:04:00+05:30,24788.20,24813.30,25.10,23m0s,"1m CALL entry: EMA6(2478195) EMA9(2477984) > MA21(2477775), close=2478820","1m CALL exit: EMA6(2481770) crossed below EMA9(2481782), close=2481330"
405,CALL,2025-10-03T10:08:00+05:30,2025-10-03T10:09:00+05:30,24818.10,24805.15,-12.95,1m0s,"1m CALL re-entry: EMA6(2481681) EMA9(2481679) > MA21(2481531), close=2481810","1m CALL exit: EMA6(2481348) crossed below EMA9(2481446), close=2480515"
406,CALL,2025-10-03T10:28:00+05:30,2025-10-03T10:41:00+05:30,24808.50,24803.20,-5.30,13m0s,"1m CALL entry: EMA6(2479921) EMA9(2479769) > MA21(2479643), close=2480850","1m CALL exit: EMA6(2481037) crossed below EMA9(2481075), close=2480320"
407,PUT,2025-10-03T10:43:00+05:30,2025-10-03T10:53:00+05:30,24788.70,24797.95,-9.25,10m0s,"1m PUT entry: EMA6(2480170) EMA9(2480434) < MA21(2480701), close=2478870","1m PUT exit: EMA6(2479379) crossed above EMA9(2479334), close=2479795"
408,CALL,2025-10-03T11:00:00+05:30,2025-10-03T11:25:00+05:30,24794.85,24818.30,23.45,25m0s,"1m CALL entry: EMA6(2479406) EMA9(2479412) > MA21(2479279), close=2479485","1m CALL exit: EMA6(2482057) crossed below EMA9(2482058), close=2481830"
409,PUT,2025-10-03T11:29:00+05:30,2025-10-03T11:32:00+05:30,24811.45,24823.95,-12.50,3m0s,"1m PUT entry: EMA6(2481712) EMA9(2481801) < MA21(2481826), close=2481145","1m PUT exit: EMA6(2481938) crossed above EMA9(2481917), close=2482395"
410,CALL,2025-10-03T11:35:00+05:30,2025-10-03T11:40:00+05:30,24828.20,24820.20,-8.00,5m0s,"1m CALL entry: EMA6(2482383) EMA9(2482258) > MA21(2482200), close=2482820","1m CALL exit: EMA6(2482231) crossed below EMA9(2482232), close=2482020"
411,CALL,2025-10-03T11:42:00+05:30,2025-10-03T11:45:00+05:30,24826.55,24812.35,-14.20,3m0s,"1m CALL re-entry: EMA6(2482309) EMA9(2482283) > MA21(2482097), close=2482655","1m CALL exit: EMA6(2482025) crossed below EMA9(2482104), close=2481235"
412,CALL,2025-10-03T11:51:00+05:30,2025-10-03T11:56:00+05:30,24827.40,24819.30,-8.10,5m0s,"1m CALL entry: EMA6(2482381) EMA9(2482310) > MA21(2482275), close=2482740","1m CALL exit: EMA6(2482362) crossed below EMA9(2482374), close=2481930"
413,PUT,2025-10-03T11:57:00+05:30,2025-10-03T12:01:00+05:30,24818.25,24826.60,-8.35,4m0s,"1m PUT entry: EMA6(2482209) EMA9(2482264) < MA21(2482266), close=2481825","1m PUT exit: EMA6(2482305) crossed above EMA9(2482289), close=2482660"
414,PUT,2025-10-03T12:17:00+05:30,2025-10-03T12:26:00+05:30,24814.85,24829.95,-15.10,9m0s,"1m PUT entry: EMA6(2482827) EMA9(2483085) < MA21(2483189), close=2481485","1m PUT exit: EMA6(2482290) crossed above EMA9(2482264), close=2482995"
415,PUT,2025-10-03T12:31:00+05:30,2025-10-03T12:43:00+05:30,24814.30,24818.40,-4.10,12m0s,"1m PUT re-entry: EMA6(2482225) EMA9(2482275) < MA21(2482491), close=2481430","1m PUT exit: EMA6(2481378) crossed above EMA9(2481367), close=2481840"
416,CALL,2025-10-03T12:45:00+05:30,2025-10-03T13:00:00+05:30,24823.45,24821.10,-2.35,15m0s,"1m CALL entry: EMA6(2481871) EMA9(2481734) > MA21(2481688), close=2482345","1m CALL exit: EMA6(2482555) crossed below EMA9(2482585), close=2482110"
417,PUT,2025-10-03T13:02:00+05:30,2025-10-03T13:05:00+05:30,24813.50,24830.80,-17.30,3m0s,"1m PUT entry: EMA6(2482085) EMA9(2482235) < MA21(2482468), close=2481350","1m PUT exit: EMA6(2482381) crossed above EMA9(2482364), close=2483080"
418,CALL,2025-10-03T13:06:00+05:30,2025-10-03T13:22:00+05:30,24838.15,24838.10,-0.05,16m0s,"1m CALL entry: EMA6(2482791) EMA9(2482654) > MA21(2482621), close=2483815","1m CALL exit: EMA6(2483898) crossed below EMA9(2483903), close=2483810"
419,PUT,2025-10-03T13:24:00+05:30,2025-10-03T13:42:00+05:30,24834.50,24830.10,4.40,18m0s,"1m PUT entry: EMA6(2483725) EMA9(2483777) < MA21(2483840), close=2483450","1m PUT exit: EMA6(2482431) crossed above EMA9(2482416), close=2483010"
420,CALL,2025-10-03T13:45:00+05:30,2025-10-03T13:48:00+05:30,24838.60,24820.00,-18.60,3m0s,"1m CALL entry: EMA6(2482922) EMA9(2482775) > MA21(2482585), close=2483860","1m CALL exit: EMA6(2482640) crossed below EMA9(2482653), close=2482000"
421,CALL,2025-10-03T13:53:00+05:30,2025-10-03T14:09:00+05:30,24829.15,24825.70,-3.45,16m0s,"1m CALL entry: EMA6(2482599) EMA9(2482588) > MA21(2482512), close=2482915","1m CALL exit: EMA6(2483261) crossed below EMA9(2483319), close=2482570"
422,PUT,2025-10-03T14:10:00+05:30,2025-10-03T14:27:00+05:30,24824.85,24826.00,-1.15,17m0s,"1m PUT entry: EMA6(2483039) EMA9(2483152) < MA21(2483213), close=2482485","1m PUT exit: EMA6(2481993) crossed above EMA9(2481947), close=2482600"
423,CALL,2025-10-03T14:28:00+05:30,2025-10-03T15:12:00+05:30,24829.90,24891.95,62.05,44m0s,"1m CALL entry: EMA6(2482278) EMA9(2482156) > MA21(2482006), close=2482990","1m CALL exit: EMA6(2489425) crossed below EMA9(2489450), close=2489195"
424,PUT,2025-10-03T15:15:00+05:30,2025-10-03T15:22:00+05:30,24885.85,24896.55,-10.70,7m0s,"1m PUT entry: EMA6(2489035) EMA9(2489149) < MA21(2489235), close=2488585","1m PUT exit: EMA6(2489054) crossed above EMA9(2489017), close=2489655"
425,CALL,2025-10-03T15:26:00+05:30,2025-10-03T15:29:00+05:30,24896.30,24895.00,-1.30,3m0s,"1m CALL entry: EMA6(2489422) EMA9(2489327) > MA21(2489270), close=2489630",end of day (15:29 close)
426,PUT,2025-10-06T09:30:00+05:30,2025-10-06T09:35:00+05:30,24888.10,24913.40,-25.30,5m0s,"1m PUT entry: EMA6(2490408) EMA9(2490714) < MA21(2491104), close=2488810","1m PUT exit: EMA6(2490858) crossed above EMA9(2490841), close=2491340"
427,CALL,2025-10-06T09:38:00+05:30,2025-10-06T09:54:00+05:30,24930.50,24941.70,11.20,16m0s,"1m CALL entry: EMA6(2492025) EMA9(2491732) > MA21(2491460), close=2493050","1m CALL exit: EMA6(2494751) crossed below EMA9(2494753), close=2494170"
428,CALL,2025-10-06T09:57:00+05:30,2025-10-06T10:29:00+05:30,24952.20,24966.30,14.10,32m0s,"1m CALL re-entry: EMA6(2494724) EMA9(2494710) > MA21(2494444), close=2495220","1m CALL exit: EMA6(2497099) crossed below EMA9(2497111), close=2496630"
429,CALL,2025-10-06T10:31:00+05:30,2025-10-06T10:44:00+05:30,24974.65,24976.60,1.95,13m0s,"1m CALL re-entry: EMA6(2497114) EMA9(2497109) > MA21(2496974), close=2497465","1m CALL exit: EMA6(2497996) crossed below EMA9(2498023), close=2497660"
430,PUT,2025-10-06T10:48:00+05:30,2025-10-06T10:55:00+05:30,24971.75,24985.50,-13.75,7m0s,"1m PUT entry: EMA6(2497591) EMA9(2497702) < MA21(2497822), close=2497175","1m PUT exit: EMA6(2497783) crossed above EMA9(2497696), close=2498550"
431,CALL,2025-10-06T10:56:00+05:30,2025-10-06T11:06:00+05:30,24989.70,24980.60,-9.10,10m0s,"1m CALL entry: EMA6(2498122) EMA9(2497951) > MA21(2497892), close=2498970","1m CALL exit: EMA6(2498464) crossed below EMA9(2498473), close=2498060"
432,CALL,2025-10-06T11:07:00+05:30,2025-10-06T11:18:00+05:30,24986.05,24985.70,-0.35,11m0s,"1m CALL re-entry: EMA6(2498504) EMA9(2498500) > MA21(2498155), close=2498605","1m CALL exit: EMA6(2499383) crossed below EMA9(2499437), close=2498570"
433,CALL,2025-10-06T11:20:00+05:30,2025-10-06T11:38:00+05:30,25004.25,25003.80,-0.45,18m0s,"1m CALL re-entry: EMA6(2499725) EMA9(2499661) > MA21(2499258), close=2500425","1m CALL exit: EMA6(2500689) crossed below EMA9(2500720), close=2500380"
434,CALL,2025-10-06T11:40:00+05:30,2025-10-06T11:44:00+05:30,25011.95,25006.20,-5.75,4m0s,"1m CALL re-entry: EMA6(2500826) EMA9(2500805) > MA21(2500670), close=2501195","1m CALL exit: EMA6(2500765) crossed below EMA9(2500775), close=2500620"
435,PUT,2025-10-06T11:45:00+05:30,2025-10-06T12:02:00+05:30,25001.15,25001.95,-0.80,17m0s,"1m PUT entry: EMA6(2500579) EMA9(2500643) < MA21(2500770), close=2500115","1m PUT exit: EMA6(2499588) crossed above EMA9(2499525), close=2500195"
436,CALL,2025-10-06T12:03:00+05:30,2025-10-06T12:29:00+05:30,25004.75,25006.00,1.25,26m0s,"1m CALL entry: EMA6(2499841) EMA9(2499715) > MA21(2499703), close=2500475","1m CALL exit: EMA6(2500738) crossed below EMA9(2500753), close=2500600"
437,PUT,2025-10-06T12:30:00+05:30,2025-10-06T12:40:00+05:30,25001.65,25007.25,-5.60,10m0s,"1m PUT entry: EMA6(2500575) EMA9(2500635) < MA21(2500668), close=2500165","1m PUT exit: EMA6(2500395) crossed above EMA9(2500385), close=2500725"
438,PUT,2025-10-06T12:41:00+05:30,2025-10-06T12:42:00+05:30,25001.35,25010.20,-8.85,1m0s,"1m PUT re-entry: EMA6(2500321) EMA9(2500335) < MA21(2500495), close=2500135","1m PUT exit: EMA6(2500520) crossed above EMA9(2500472), close=2501020"
439,CALL,2025-10-06T12:43:00+05:30,2025-10-06T13:19:00+05:30,25012.95,25051.95,39.00,36m0s,"1m CALL entry: EMA6(2500742) EMA9(2500636) > MA21(2500532), close=2501295","1m CALL exit: EMA6(2505453) crossed below EMA9(2505462), close=2505195"
440,PUT,2025-10-06T13:22:00+05:30,2025-10-06T13:27:00+05:30,25054.20,25056.75,-2.55,5m0s,"1m PUT entry: EMA6(2505322) EMA9(2505353) < MA21(2505366), close=2505420","1m PUT exit: EMA6(2505394) crossed above EMA9(2505364), close=2505675"
441,CALL,2025-10-06T13:29:00+05:30,2025-10-06T13:45:00+05:30,25066.15,25067.30,1.15,16m0s,"1m CALL entry: EMA6(2505796) EMA9(2505661) > MA21(2505559), close=2506615","1m CALL exit: EMA6(2507456) crossed below EMA9(2507536), close=2506730"
442,PUT,2025-10-06T13:47:00+05:30,2025-10-06T13:57:00+05:30,25072.25,25069.70,2.55,10m0s,"1m PUT entry: EMA6(2507421) EMA9(2507486) < MA21(2507506), close=2507225","1m PUT exit: EMA6(2506124) crossed above EMA9(2506040), close=2506970"
443,CALL,2025-10-06T14:00:00+05:30,2025-10-06T14:06:00+05:30,25073.15,25062.45,-10.70,6m0s,"1m CALL entry: EMA6(2506810) EMA9(2506601) > MA21(2506517), close=2507315","1m CALL exit: EMA6(2506781) crossed below EMA9(2506813), close=2506245"
444,PUT,2025-10-06T14:11:00+05:30,2025-10-06T14:22:00+05:30,25056.65,25061.50,-4.85,11m0s,"1m PUT entry: EMA6(2506159) EMA9(2506319) < MA21(2506337), close=2505665","1m PUT exit: EMA6(2505880) crossed above EMA9(2505867), close=2506150"
445,CALL,2025-10-06T14:25:00+05:30,2025-10-06T14:28:00+05:30,25066.15,25053.25,-12.90,3m0s,"1m CALL entry: EMA6(2506178) EMA9(2506094) > MA21(2506006), close=2506615","1m CALL exit: EMA6(2506035) crossed below EMA9(2506048), close=2505325"
446,PUT,2025-10-06T14:29:00+05:30,2025-10-06T14:34:00+05:30,25035.00,25065.00,-30.00,5m0s,"1m PUT entry: EMA6(2505310) EMA9(2505538) < MA21(2505799), close=2503500","1m PUT exit: EMA6(2505721) crossed above EMA9(2505662), close=2506500"
447,CALL,2025-10-06T14:35:00+05:30,2025-10-06T14:46:00+05:30,25064.75,25062.35,-2.40,11m0s,"1m CALL entry: EMA6(2505937) EMA9(2505824) > MA21(2505726), close=2506475","1m CALL exit: EMA6(2506467) crossed below EMA9(2506467), close=2506235"
448,PUT,2025-10-06T14:49:00+05:30,2025-10-06T14:52:00+05:30,25056.25,25084.60,-28.35,3m0s,"1m PUT entry: EMA6(2505953) EMA9(2506079) < MA21(2506089), close=2505625","1m PUT exit: EMA6(2506758) crossed above EMA9(2506585), close=2508460"
449,CALL,2025-10-06T15:06:00+05:30,2025-10-06T15:14:00+05:30,25080.85,25074.50,-6.35,8m0s,"1m CALL re-entry: EMA6(2507721) EMA9(2507714) > MA21(2507426), close=2508085","1m CALL exit: EMA6(2507835) crossed below EMA9(2507860), close=2507450"
450,CALL,2025-10-06T15:19:00+05:30,2025-10-06T15:20:00+05:30,25081.45,25074.85,-6.60,1m0s,"1m CALL entry: EMA6(2507907) EMA9(2507889) > MA21(2507850), close=2508145","1m CALL exit: EMA6(2507787) crossed below EMA9(2507808), close=2507485"
451,CALL,2025-10-06T15:23:00+05:30,2025-10-06T15:28:00+05:30,25081.55,25075.55,-6.00,5m0s,"1m CALL entry: EMA6(2507906) EMA9(2507881) > MA21(2507842), close=2508155","1m CALL exit: EMA6(2507855) crossed below EMA9(2507868), close=2507555"
452,CALL,2025-10-07T09:15:00+05:30,2025-10-07T10:11:00+05:30,25122.45,25185.20,62.75,56m0s,"1m CALL entry: EMA6(2508987) EMA9(2508645) > MA21(2508046), close=2512245","1m CALL exit: EMA6(2518851) crossed below EMA9(2518865), close=2518520"
453,CALL,2025-10-07T10:13:00+05:30,2025-10-07T10:14:00+05:30,25190.30,25183.65,-6.65,1m0s,"1m CALL re-entry: EMA6(2518921) EMA9(2518911) > MA21(2518872), close=2519030","1m CALL exit: EMA6(2518762) crossed below EMA9(2518801), close=2518365"
454,PUT,2025-10-07T10:31:00+05:30,2025-10-07T10:39:00+05:30,25174.65,25183.45,-8.80,8m0s,"1m PUT re-entry: EMA6(2517915) EMA9(2517926) < MA21(2518148), close=2517465","1m PUT exit: EMA6(2517714) crossed above EMA9(2517670), close=2518345"
455,CALL,2025-10-07T10:40:00+05:30,2025-10-07T10:43:00+05:30,25184.20,25172.10,-12.10,3m0s,"1m CALL entry: EMA6(2517916) EMA9(2517820) > MA21(2517780), close=2518420","1m CALL exit: EMA6(2517642) crossed below EMA9(2517673), close=2517210"
456,PUT,2025-10-07T10:44:00+05:30,2025-10-07T11:07:00+05:30,25170.20,25163.10,7.10,23m0s,"1m PUT entry: EMA6(2517464) EMA9(2517542) < MA21(2517633), close=2517020","1m PUT exit: EMA6(2515747) crossed above EMA9(2515745), close=2516310"
457,PUT,2025-10-07T11:10:00+05:30,2025-10-07T11:44:00+05:30,25153.20,25121.70,31.50,34m0s,"1m PUT entry: EMA6(2515795) EMA9(2515803) < MA21(2515921), close=2515320","1m PUT exit: EMA6(2511670) crossed above EMA9(2511633), close=2512170"
458,CALL,2025-10-07T11:46:00+05:30,2025-10-07T12:16:00+05:30,25122.10,25153.85,31.75,30m0s,"1m CALL entry: EMA6(2512064) EMA9(2511943) > MA21(2511911), close=2512210","1m CALL exit: EMA6(2515591) crossed below EMA9(2515607), close=2515385"
459,PUT,2025-10-07T12:18:00+05:30,2025-10-07T12:26:00+05:30,25147.30,25159.20,-11.90,8m0s,"1m PUT entry: EMA6(2515169) EMA9(2515291) < MA21(2515304), close=2514730","1m PUT exit: EMA6(2515276) crossed above EMA9(2515215), close=2515920"
460,CALL,2025-10-07T12:28:00+05:30,2025-10-07T12:35:00+05:30,25164.50,25156.05,-8.45,7m0s,"1m CALL entry: EMA6(2515762) EMA9(2515590) > MA21(2515471), close=2516450","1m CALL exit: EMA6(2515831) crossed below EMA9(2515835), close=2515605"
461,CALL,2025-10-07T12:36:00+05:30,2025-10-07T12:50:00+05:30,25159.55,25163.55,4.00,14m0s,"1m CALL re-entry: EMA6(2515867) EMA9(2515859) > MA21(2515514), close=2515955","1m CALL exit: EMA6(2516716) crossed below EMA9(2516719), close=2516355"
462,CALL,2025-10-07T12:54:00+05:30,2025-10-07T13:32:00+05:30,25177.15,25189.80,12.65,38m0s,"1m CALL re-entry: EMA6(2516910) EMA9(2516831) > MA21(2516606), close=2517715","1m CALL exit: EMA6(2519413) crossed below EMA9(2519428), close=2518980"
463,PUT,2025-10-07T13:33:00+05:30,2025-10-07T13:39:00+05:30,25185.35,25193.05,-7.70,6m0s,"1m PUT entry: EMA6(2519162) EMA9(2519249) < MA21(2519356), close=2518535","1m PUT exit: EMA6(2518792) crossed above EMA9(2518784), close=2519305"
464,CALL,2025-10-07T13:41:00+05:30,2025-10-07T13:52:00+05:30,25203.65,25192.75,-10.90,11m0s,"1m CALL entry: EMA6(2519590) EMA9(2519375) > MA21(2519180), close=2520365","1m CALL exit: EMA6(2520272) crossed below EMA9(2520320), close=2519275"
465,PUT,2025-10-07T13:56:00+05:30,2025-10-07T13:58:00+05:30,25200.00,25206.25,-6.25,2m0s,"1m PUT entry: EMA6(2520075) EMA9(2520141) < MA21(2520150), close=2520000","1m PUT exit: EMA6(2520226) crossed above EMA9(2520222), close=2520625"
466,PUT,2025-10-07T13:59:00+05:30,2025-10-07T14:02:00+05:30,25198.45,25202.70,-4.25,3m0s,"1m PUT re-entry: EMA6(2520117) EMA9(2520147) < MA21(2520366), close=2519845","1m PUT exit: EMA6(2520167) crossed above EMA9(2520166), close=2520270"
467,PUT,2025-10-07T14:03:00+05:30,2025-10-07T14:04:00+05:30,25199.15,25203.70,-4.55,1m0s,"1m PUT re-entry: EMA6(2520095) EMA9(2520116) < MA21(2520359), close=2519915","1m PUT exit: EMA6(2520173) crossed above EMA9(2520167), close=2520370"
468,PUT,2025-10-07T14:05:00+05:30,2025-10-07T14:06:00+05:30,25201.00,25202.35,-1.35,1m0s,"1m PUT re-entry: EMA6(2520152) EMA9(2520154) < MA21(2520302), close=2520100","1m PUT exit: EMA6(2520176) crossed above EMA9(2520170), close=2520235"
469,CALL,2025-10-07T14:08:00+05:30,2025-10-07T14:11:00+05:30,25206.25,25195.45,-10.80,3m0s,"1m CALL entry: EMA6(2520301) EMA9(2520259) > MA21(2520216), close=2520625","1m CALL exit: EMA6(2520139) crossed below EMA9(2520180), close=2519545"
470,PUT,2025-10-07T14:12:00+05:30,2025-10-07T14:14:00+05:30,25192.80,25212.55,-19.75,2m0s,"1m PUT entry: EMA6(2519894) EMA9(2520000) < MA21(2520083), close=2519280","1m PUT exit: EMA6(2520282) crossed above EMA9(2520233), close=2521255"
471,PUT,2025-10-07T14:18:00+05:30,2025-10-07T14:48:00+05:30,25199.20,25151.75,47.45,30m0s,"1m PUT entry: EMA6(2520150) EMA9(2520186) < MA21(2520214), close=2519920","1m PUT exit: EMA6(2514468) crossed above EMA9(2514442), close=2515175"
472,CALL,2025-10-07T14:50:00+05:30,2025-10-07T14:53:00+05:30,25159.05,25140.85,-18.20,3m0s,"1m CALL entry: EMA6(2515247) EMA9(2515028) > MA21(2514844), close=2515905","1m CALL exit: EMA6(2514855) crossed below EMA9(2514871), close=2514085"
473,PUT,2025-10-07T14:57:00+05:30,2025-10-07T15:25:00+05:30,25139.55,25107.90,31.65,28m0s,"1m PUT entry: EMA6(2514200) EMA9(2514336) < MA21(2514413), close=2513955","1m PUT exit: EMA6(2510112) crossed above EMA9(2510069), close=2510790"
474,CALL,2025-10-07T15:26:00+05:30,2025-10-07T15:29:00+05:30,25111.15,25112.80,1.65,3m0s,"1m CALL entry: EMA6(2510399) EMA9(2510279) > MA21(2510117), close=2511115",end of day (15:29 close)
475,PUT,2025-10-08T09:47:00+05:30,2025-10-08T09:57:00+05:30,25166.30,25169.55,-3.25,10m0s,"1m PUT entry: EMA6(2517337) EMA9(2517476) < MA21(2517545), close=2516630","1m PUT exit: EMA6(2516188) crossed above EMA9(2516122), close=2516955"
476,CALL,2025-10-08T10:03:00+05:30,2025-10-08T10:04:00+05:30,25162.45,25155.40,-7.05,1m0s,"1m CALL entry: EMA6(2516263) EMA9(2516253) > MA21(2516236), close=2516245","1m CALL exit: EMA6(2516056) crossed below EMA9(2516110), close=2515540"
477,CALL,2025-10-08T10:05:00+05:30,2025-10-08T10:08:00+05:30,25159.25,25160.30,1.05,3m0s,"1m CALL entry: EMA6(2516019) EMA9(2516073) > MA21(2516015), close=2515925","1m CALL exit: EMA6(2516125) crossed below EMA9(2516135), close=2516030"
478,CALL,2025-10-08T10:09:00+05:30,2025-10-08T10:12:00+05:30,25166.90,25145.20,-21.70,3m0s,"1m CALL re-entry: EMA6(2516286) EMA9(2516246) > MA21(2515945), close=2516690","1m CALL exit: EMA6(2515758) crossed below EMA9(2515899), close=2514520"
479,PUT,2025-10-08T10:43:00+05:30,2025-10-08T11:26:00+05:30,25127.75,25052.60,75.15,43m0s,"1m PUT entry: EMA6(2512844) EMA9(2512835) < MA21(2512862), close=2512775","1m PUT exit: EMA6(2504221) crossed above EMA9(2504126), close=2505260"
480,CALL,2025-10-08T11:27:00+05:30,2025-10-08T11:30:00+05:30,25055.30,25034.75,-20.55,3m0s,"1m CALL entry: EMA6(2504595) EMA9(2504407) > MA21(2504379), close=2505530","1m CALL exit: EMA6(2504144) crossed below EMA9(2504178), close=2503475"
481,CALL,2025-10-08T11:35:00+05:30,2025-10-08T11:45:00+05:30,25043.35,25037.25,-6.10,10m0s,"1m CALL entry: EMA6(2504028) EMA9(2504030) > MA21(2503949), close=2504335","1m CALL exit: EMA6(2504288) crossed below EMA9(2504344), close=2503725"
482,CALL,2025-10-08T11:50:00+05:30,2025-10-08T11:59:00+05:30,25048.05,25051.05,3.00,9m0s,"1m CALL entry: EMA6(2504355) EMA9(2504330) > MA21(2504245), close=2504805","1m CALL exit: EMA6(2505196) crossed below EMA9(2505199), close=2505105"
483,PUT,2025-10-08T12:02:00+05:30,2025-10-08T12:12:00+05:30,25039.00,25043.65,-4.65,10m0s,"1m PUT entry: EMA6(2504568) EMA9(2504730) < MA21(2504855), close=2503900","1m PUT exit: EMA6(2504028) crossed above EMA9(2504005), close=2504365"
484,CALL,2025-10-08T12:15:00+05:30,2025-10-08T12:18:00+05:30,25049.00,25040.55,-8.45,3m0s,"1m CALL entry: EMA6(2504591) EMA9(2504445) > MA21(2504316), close=2504900","1m CALL exit: EMA6(2504241) crossed below EMA9(2504249), close=2504055"
485,CALL,2025-10-08T12:19:00+05:30,2025-10-08T12:21:00+05:30,25043.65,25039.35,-4.30,2m0s,"1m CALL re-entry: EMA6(2504277) EMA9(2504273) > MA21(2504122), close=2504365","1m CALL exit: EMA6(2504179) crossed below EMA9(2504205), close=2503935"
486,PUT,2025-10-08T12:23:00+05:30,2025-10-08T12:36:00+05:30,25031.75,25034.65,-2.90,13m0s,"1m PUT entry: EMA6(2503758) EMA9(2503890) < MA21(2503975), close=2503175","1m PUT exit: EMA6(2502703) crossed above EMA9(2502641), close=2503465"
487,CALL,2025-10-08T12:38:00+05:30,2025-10-08T13:29:00+05:30,25036.45,25092.65,56.20,51m0s,"1m CALL entry: EMA6(2503124) EMA9(2502971) > MA21(2502903), close=2503645","1m CALL exit: EMA6(2509945) crossed below EMA9(2510023), close=2509265"
488,PUT,2025-10-08T13:30:00+05:30,2025-10-08T13:32:00+05:30,25092.05,25109.00,-16.95,2m0s,"1m PUT entry: EMA6(2509733) EMA9(2509859) < MA21(2509988), close=2509205","1m PUT exit: EMA6(2510185) crossed above EMA9(2510140), close=2510900"
489,CALL,2025-10-08T13:44:00+05:30,2025-10-08T13:57:00+05:30,25117.30,25116.00,-1.30,13m0s,"1m CALL re-entry: EMA6(2511512) EMA9(2511499) > MA21(2511066), close=2511730","1m CALL exit: EMA6(2512133) crossed below EMA9(2512161), close=2511600"
490,CALL,2025-10-08T13:59:00+05:30,2025-10-08T14:02:00+05:30,25127.85,25115.35,-12.50,3m0s,"1m CALL re-entry: EMA6(2512323) EMA9(2512284) > MA21(2512091), close=2512785","1m CALL exit: EMA6(2512174) crossed below EMA9(2512212), close=2511535"
491,PUT,2025-10-08T14:03:00+05:30,2025-10-08T14:24:00+05:30,25105.20,25077.50,27.70,21m0s,"1m PUT entry: EMA6(2511702) EMA9(2511873) < MA21(2512171), close=2510520","1m PUT exit: EMA6(2507404) crossed above EMA9(2507399), close=2507750"
492,PUT,2025-10-08T14:25:00+05:30,2025-10-08T14:38:00+05:30,25063.80,25072.80,-9.00,13m0s,"1m PUT re-entry: EMA6(2507112) EMA9(2507195) < MA21(2507653), close=2506380","1m PUT exit: EMA6(2506763) crossed above EMA9(2506707), close=2507280"
493,CALL,2025-10-08T14:39:00+05:30,2025-10-08T14:47:00+05:30,25078.15,25056.40,-21.75,8m0s,"1m CALL entry: EMA6(2507064) EMA9(2506929) > MA21(2506796), close=2507815","1m CALL exit: EMA6(2506666) crossed below EMA9(2506787), close=2505640"
494,PUT,2025-10-08T14:48:00+05:30,2025-10-08T14:54:00+05:30,25061.80,25081.50,-19.70,6m0s,"1m PUT entry: EMA6(2506527) EMA9(2506666) < MA21(2506786), close=2506180","1m PUT exit: EMA6(2506879) crossed above EMA9(2506728), close=2508150"
495,PUT,2025-10-08T14:56:00+05:30,2025-10-08T15:29:00+05:30,25067.70,25023.80,43.90,33m0s,"1m PUT entry: EMA6(2506792) EMA9(2506717) < MA21(2506801), close=2506770",end of day (15:29 close)
496,PUT,2025-10-09T09:38:00+05:30,2025-10-09T09:39:00+05:30,25100.20,25097.75,2.45,1m0s,"1m PUT entry: EMA6(2509313) EMA9(2509349) < MA21(2509354), close=2510020","1m PUT exit: EMA6(2509445) crossed above EMA9(2509434), close=2509775"
497,PUT,2025-10-09T09:40:00+05:30,2025-10-09T10:19:00+05:30,25090.95,25051.05,39.90,39m0s,"1m PUT re-entry: EMA6(2509345) EMA9(2509366) < MA21(2509754), close=2509095","1m PUT exit: EMA6(2504204) crossed above EMA9(2504112), close=2505105"
498,CALL,2025-10-09T10:21:00+05:30,2025-10-09T10:51:00+05:30,25053.75,25087.65,33.90,30m0s,"1m CALL entry: EMA6(2504614) EMA9(2504439) > MA21(2504355), close=2505375","1m CALL exit: EMA6(2509625) crossed below EMA9(2509695), close=2508765"
499,PUT,2025-10-09T10:52:00+05:30,2025-10-09T10:58:00+05:30,25083.25,25102.35,-19.10,6m0s,"1m PUT entry: EMA6(2509253) EMA9(2509421) < MA21(2509576), close=2508325","1m PUT exit: EMA6(2509382) crossed above EMA9(2509323), close=2510235"
500,CALL,2025-10-09T11:00:00+05:30,2025-10-09T11:19:00+05:30,25114.10,25136.25,22.15,19m0s,"1m CALL entry: EMA6(2510140) EMA9(2509890) > MA21(2509621), close=2511410","1m CALL exit: EMA6(2514124) crossed below EMA9(2514143), close=2513625"
501,CALL,2025-10-09T11:22:00+05:30,2025-10-09T11:27:00+05:30,25144.95,25138.50,-6.45,5m0s,"1m CALL re-entry: EMA6(2514179) EMA9(2514164) > MA21(2513855), close=2514495","1m CALL exit: EMA6(2514245) crossed below EMA9(2514250), close=2513850"
502,CALL,2025-10-09T11:31:00+05:30,2025-10-09T11:43:00+05:30,25147.15,25154.10,6.95,12m0s,"1m CALL entry: EMA6(2514608) EMA9(2514532) > MA21(2514482), close=2514715","1m CALL exit: EMA6(2515936) crossed below EMA9(2515942), close=2515410"
503,CALL,2025-10-09T11:46:00+05:30,2025-10-09T11:51:00+05:30,25162.45,25152.00,-10.45,5m0s,"1m CALL re-entry: EMA6(2515962) EMA9(2515945) > MA21(2515589), close=2516245","1m CALL exit: EMA6(2516321) crossed below EMA9(2516348), close=2515200"
504,PUT,2025-10-09T11:52:00+05:30,2025-10-09T12:12:00+05:30,25150.95,25141.10,9.85,20m0s,"1m PUT entry: EMA6(2515971) EMA9(2516097) < MA21(2516174), close=2515095","1m PUT exit: EMA6(2513765) crossed above EMA9(2513761), close=2514110"
505,CALL,2025-10-09T12:15:00+05:30,2025-10-09T12:26:00+05:30,25156.75,25145.40,-11.35,11m0s,"1m CALL entry: EMA6(2514408) EMA9(2514226) > MA21(2514001), close=2515675","1m CALL exit: EMA6(2515064) crossed below EMA9(2515085), close=2514540"
506,PUT,2025-10-09T12:29:00+05:30,2025-10-09T12:36:00+05:30,25144.75,25147.50,-2.75,7m0s,"1m PUT entry: EMA6(2514690) EMA9(2514788) < MA21(2514818), close=2514475","1m PUT exit: EMA6(2514450) crossed above EMA9(2514446), close=2514750"
507,PUT,2025-10-09T12:37:00+05:30,2025-10-09T12:48:00+05:30,25140.25,25143.85,-3.60,11m0s,"1m PUT re-entry: EMA6(2514328) EMA9(2514362) < MA21(2514784), close=2514025","1m PUT exit: EMA6(2513986) crossed above EMA9(2513941), close=2514385"
508,CALL,2025-10-09T12:49:00+05:30,2025-10-09T12:54:00+05:30,25147.60,25136.75,-10.85,5m0s,"1m CALL entry: EMA6(2514207) EMA9(2514104) > MA21(2513995), close=2514760","1m CALL exit: EMA6(2514146) crossed below EMA9(2514160), close=2513675"
509,CALL,2025-10-09T12:56:00+05:30,2025-10-09T12:59:00+05:30,25145.05,25134.60,-10.45,3m0s,"1m CALL entry: EMA6(2514146) EMA9(2514146) > MA21(2514011), close=2514505","1m CALL exit: EMA6(2514118) crossed below EMA9(2514148), close=2513460"
510,PUT,2025-10-09T13:01:00+05:30,2025-10-09T13:06:00+05:30,25133.20,25145.10,-11.90,5m0s,"1m PUT entry: EMA6(2513871) EMA9(2513963) < MA21(2514065), close=2513320","1m PUT exit: EMA6(2514000) crossed above EMA9(2513956), close=2514510"
511,PUT,2025-10-09T13:11:00+05:30,2025-10-09T13:18:00+05:30,25133.45,25142.15,-8.70,7m0s,"1m PUT re-entry: EMA6(2513823) EMA9(2513858) < MA21(2513965), close=2513345","1m PUT exit: EMA6(2513610) crossed above EMA9(2513566), close=2514215"
512,CALL,2025-10-09T13:19:00+05:30,2025-10-09T13:22:00+05:30,25142.10,25133.55,-8.55,3m0s,"1m CALL entry: EMA6(2513782) EMA9(2513695) > MA21(2513632), close=2514210","1m CALL exit: EMA6(2513622) crossed below EMA9(2513627), close=2513355"
513,CALL,2025-10-09T13:28:00+05:30,2025-10-09T13:37:00+05:30,25143.70,25139.55,-4.15,9m0s,"1m CALL entry: EMA6(2513786) EMA9(2513705) > MA21(2513557), close=2514370","1m CALL exit: EMA6(2514453) crossed below EMA9(2514467), close=2513955"
514,CALL,2025-10-09T13:41:00+05:30,2025-10-09T13:50:00+05:30,25146.00,25146.40,0.40,9m0s,"1m CALL re-entry: EMA6(2514435) EMA9(2514429) > MA21(2514220), close=2514600","1m CALL exit: EMA6(2514885) crossed below EMA9(2514890), close=2514640"
515,CALL,2025-10-09T13:51:00+05:30,2025-10-09T14:12:00+05:30,25152.75,25165.40,12.65,21m0s,"1m CALL re-entry: EMA6(2514996) EMA9(2514967) > MA21(2514825), close=2515275","1m CALL exit: EMA6(2517028) crossed below EMA9(2517079), close=2516540"
516,PUT,2025-10-09T14:13:00+05:30,2025-10-09T14:30:00+05:30,25157.40,25143.35,14.05,17m0s,"1m PUT entry: EMA6(2516660) EMA9(2516811) < MA21(2516833), close=2515740","1m PUT exit: EMA6(2513534) crossed above EMA9(2513507), close=2514335"
517,CALL,2025-10-09T14:33:00+05:30,2025-10-09T14:34:00+05:30,25137.85,25129.20,-8.65,1m0s,"1m CALL entry: EMA6(2513852) EMA9(2513771) > MA21(2513687), close=2513785","1m CALL exit: EMA6(2513586) crossed below EMA9(2513601), close=2512920"
518,CALL,2025-10-09T14:36:00+05:30,2025-10-09T14:49:00+05:30,25139.35,25133.75,-5.60,13m0s,"1m CALL re-entry: EMA6(2513710) EMA9(2513684) > MA21(2513546), close=2513935","1m CALL exit: EMA6(2514778) crossed below EMA9(2514866), close=2513375"
519,PUT,2025-10-09T14:50:00+05:30,2025-10-09T14:53:00+05:30,25132.45,25161.50,-29.05,3m0s,"1m PUT entry: EMA6(2514340) EMA9(2514542) < MA21(2514610), close=2513245","1m PUT exit: EMA6(2515085) crossed above EMA9(2514990), close=2516150"
520,PUT,2025-10-09T15:21:00+05:30,2025-10-09T15:29:00+05:30,25173.85,25170.30,3.55,8m0s,"1m PUT entry: EMA6(2518127) EMA9(2518220) < MA21(2518341), close=2517385",end of day (15:29 close)
521,CALL,2025-10-10T09:18:00+05:30,2025-10-10T09:55:00+05:30,25218.55,25264.00,45.45,37m0s,"1m CALL entry: EMA6(2519218) EMA9(2518788) > MA21(2518238), close=2521855","1m CALL exit: EMA6(2526769) crossed below EMA9(2526781), close=2526400"
522,CALL,2025-10-10T10:01:00+05:30,2025-10-10T10:06:00+05:30,25269.15,25262.20,-6.95,5m0s,"1m CALL re-entry: EMA6(2526711) EMA9(2526696) > MA21(2526686), close=2526915","1m CALL exit: EMA6(2526930) crossed below EMA9(2526933), close=2526220"
523,CALL,2025-10-10T10:16:00+05:30,2025-10-10T10:25:00+05:30,25274.10,25273.45,-0.65,9m0s,"1m CALL entry: EMA6(2526614) EMA9(2526485) > MA21(2526474), close=2527410","1m CALL exit: EMA6(2527960) crossed below EMA9(2527967), close=2527345"
524,CALL,2025-10-10T10:31:00+05:30,2025-10-10T10:36:00+05:30,25285.80,25274.45,-11.35,5m0s,"1m CALL re-entry: EMA6(2528002) EMA9(2527946) > MA21(2527722), close=2528580","1m CALL exit: EMA6(2527857) crossed below EMA9(2527894), close=2527445"
525,CALL,2025-10-10T10:51:00+05:30,2025-10-10T11:09:00+05:30,25280.05,25289.35,9.30,18m0s,"1m CALL entry: EMA6(2527567) EMA9(2527417) > MA21(2527404), close=2528005","1m CALL exit: EMA6(2529422) crossed below EMA9(2529471), close=2528935"
526,PUT,2025-10-10T11:11:00+05:30,2025-10-10T11:12:00+05:30,25293.70,25300.60,-6.90,1m0s,"1m PUT entry: EMA6(2529281) EMA9(2529344) < MA21(2529367), close=2529370","1m PUT exit: EMA6(2529504) crossed above EMA9(2529488), close=2530060"
527,PUT,2025-10-10T11:22:00+05:30,2025-10-10T11:37:00+05:30,25291.55,25290.95,0.60,15m0s,"1m PUT entry: EMA6(2529689) EMA9(2529775) < MA21(2529819), close=2529155","1m PUT exit: EMA6(2528698) crossed above EMA9(2528653), close=2529095"
528,PUT,2025-10-10T11:39:00+05:30,2025-10-10T11:43:00+05:30,25278.80,25290.50,-11.70,4m0s,"1m PUT re-entry: EMA6(2528463) EMA9(2528505) < MA21(2528760), close=2527880","1m PUT exit: EMA6(2528621) crossed above EMA9(2528574), close=2529050"
529,CALL,2025-10-10T11:48:00+05:30,2025-10-10T11:50:00+05:30,25287.90,25281.70,-6.20,2m0s,"1m CALL re-entry: EMA6(2528560) EMA9(2528547) > MA21(2528436), close=2528790","1m CALL exit: EMA6(2528501) crossed below EMA9(2528515), close=2528170"
530,PUT,2025-10-10T11:51:00+05:30,2025-10-10T11:55:00+05:30,25281.10,25286.70,-5.60,4m0s,"1m PUT entry: EMA6(2528390) EMA9(2528434) < MA21(2528457), close=2528110","1m PUT exit: EMA6(2528486) crossed above EMA9(2528473), close=2528670"
531,PUT,2025-10-10T11:56:00+05:30,2025-10-10T12:01:00+05:30,25283.05,25288.00,-4.95,5m0s,"1m PUT re-entry: EMA6(2528434) EMA9(2528439) < MA21(2528483), close=2528305","1m PUT exit: EMA6(2528479) crossed above EMA9(2528445), close=2528800"
532,CALL,2025-10-10T12:02:00+05:30,2025-10-10T12:06:00+05:30,25290.65,25280.75,-9.90,4m0s,"1m CALL entry: EMA6(2528647) EMA9(2528569) > MA21(2528506), close=2529065","1m CALL exit: EMA6(2528670) crossed below EMA9(2528674), close=2528075"
533,PUT,2025-10-10T12:07:00+05:30,2025-10-10T12:14:00+05:30,25277.65,25286.30,-8.65,7m0s,"1m PUT entry: EMA6(2528411) EMA9(2528493) < MA21(2528502), close=2527765","1m PUT exit: EMA6(2528208) crossed above EMA9(2528200), close=2528630"
534,CALL,2025-10-10T12:16:00+05:30,2025-10-10T12:19:00+05:30,25288.40,25277.20,-11.20,3m0s,"1m CALL entry: EMA6(2528554) EMA9(2528459) > MA21(2528397), close=2528840","1m CALL exit: EMA6(2528256) crossed below EMA9(2528294), close=2527720"
535,CALL,2025-10-10T12:23:00+05:30,2025-10-10T12:29:00+05:30,25290.30,25282.85,-7.45,6m0s,"1m CALL entry: EMA6(2528558) EMA9(2528482) > MA21(2528368), close=2529030","1m CALL exit: EMA6(2528570) crossed below EMA9(2528576), close=2528285"
536,PUT,2025-10-10T12:33:00+05:30,2025-10-10T12:42:00+05:30,25282.60,25294.90,-12.30,9m0s,"1m PUT entry: EMA6(2528442) EMA9(2528474) < MA21(2528533), close=2528260","1m PUT exit: EMA6(2528443) crossed above EMA9(2528362), close=2529490"
537,CALL,2025-10-10T12:43:00+05:30,2025-10-10T13:06:00+05:30,25298.70,25303.05,4.35,23m0s,"1m CALL entry: EMA6(2528851) EMA9(2528664) > MA21(2528497), close=2529870","1m CALL exit: EMA6(2531159) crossed below EMA9(2531249), close=2530305"
538,CALL,2025-10-10T13:18:00+05:30,2025-10-10T13:25:00+05:30,25317.70,25305.25,-12.45,7m0s,"1m CALL entry: EMA6(2531306) EMA9(2531115) > MA21(2530975), close=2531770","1m CALL exit: EMA6(2531228) crossed below EMA9(2531239), close=2530525"
539,PUT,2025-10-10T13:27:00+05:30,2025-10-10T13:32:00+05:30,25284.15,25314.70,-30.55,5m0s,"1m PUT entry: EMA6(2529996) EMA9(2530337) < MA21(2530706), close=2528415","1m PUT exit: EMA6(2530678) crossed above EMA9(2530595), close=2531470"
540,CALL,2025-10-10T13:33:00+05:30,2025-10-10T13:46:00+05:30,25321.10,25315.30,-5.80,13m0s,"1m CALL entry: EMA6(2531087) EMA9(2530898) > MA21(2530878), close=2532110","1m CALL exit: EMA6(2531780) crossed below EMA9(2531807), close=2531530"
541,PUT,2025-10-10T13:49:00+05:30,2025-10-10T13:55:00+05:30,25313.60,25319.35,-5.75,6m0s,"1m PUT entry: EMA6(2531567) EMA9(2531633) < MA21(2531714), close=2531360","1m PUT exit: EMA6(2531618) crossed above EMA9(2531608), close=2531935"
542,PUT,2025-10-10T13:57:00+05:30,2025-10-10T14:22:00+05:30,25312.15,25308.30,3.85,25m0s,"1m PUT re-entry: EMA6(2531577) EMA9(2531589) < MA21(2531748), close=2531215","1m PUT exit: EMA6(2530413) crossed above EMA9(2530402), close=2530830"
543,CALL,2025-10-10T14:23:00+05:30,2025-10-10T14:31:00+05:30,25312.30,25300.55,-11.75,8m0s,"1m CALL entry: EMA6(2530647) EMA9(2530568) > MA21(2530537), close=2531230","1m CALL exit: EMA6(2530653) crossed below EMA9(2530719), close=2530055"
544,PUT,2025-10-10T14:32:00+05:30,2025-10-10T14:38:00+05:30,25298.70,25307.25,-8.55,6m0s,"1m PUT entry: EMA6(2530429) EMA9(2530549) < MA21(2530617), close=2529870","1m PUT exit: EMA6(2530637) crossed above EMA9(2530633), close=2530725"
545,PUT,2025-10-10T14:39:00+05:30,2025-10-10T14:52:00+05:30,25300.95,25299.40,1.55,13m0s,"1m PUT re-entry: EMA6(2530482) EMA9(2530525) < MA21(2530656), close=2530095","1m PUT exit: EMA6(2529496) crossed above EMA9(2529466), close=2529940"
546,PUT,2025-10-10T14:56:00+05:30,2025-10-10T14:59:00+05:30,25290.50,25304.35,-13.85,3m0s,"1m PUT re-entry: EMA6(2529488) EMA9(2529510) < MA21(2529708), close=2529050","1m PUT exit: EMA6(2529707) crossed above EMA9(2529646), close=2530435"
547,PUT,2025-10-10T15:02:00+05:30,2025-10-10T15:11:00+05:30,25283.65,25291.45,-7.80,9m0s,"1m PUT entry: EMA6(2529182) EMA9(2529297) < MA21(2529413), close=2528365","1m PUT exit: EMA6(2528601) crossed above EMA9(2528577), close=2529145"
548,CALL,2025-10-10T15:16:00+05:30,2025-10-10T15:19:00+05:30,25294.45,25284.35,-10.10,3m0s,"1m CALL entry: EMA6(2528974) EMA9(2528881) > MA21(2528784), close=2529445","1m CALL exit: EMA6(2528768) crossed below EMA9(2528780), close=2528435"
549,CALL,2025-10-10T15:24:00+05:30,2025-10-10T15:28:00+05:30,25286.80,25284.20,-2.60,4m0s,"1m CALL entry: EMA6(2528570) EMA9(2528597) > MA21(2528568), close=2528680","1m CALL exit: EMA6(2528671) crossed below EMA9(2528675), close=2528420"
550,CALL,2025-10-13T09:41:00+05:30,2025-10-13T09:54:00+05:30,25208.85,25202.40,-6.45,13m0s,"1m CALL entry: EMA6(2519513) EMA9(2519085) > MA21(2518976), close=2520885","1m CALL exit: EMA6(2521173) crossed below EMA9(2521278), close=2520240"
551,PUT,2025-10-13T09:57:00+05:30,2025-10-13T10:11:00+05:30,25197.65,25200.30,-2.65,14m0s,"1m PUT entry: EMA6(2520332) EMA9(2520581) < MA21(2520939), close=2519765","1m PUT exit: EMA6(2519589) crossed above EMA9(2519539), close=2520030"
552,CALL,2025-10-13T10:13:00+05:30,2025-10-13T10:17:00+05:30,25197.50,25191.70,-5.80,4m0s,"1m CALL entry: EMA6(2519701) EMA9(2519641) > MA21(2519582), close=2519750","1m CALL exit: EMA6(2519523) crossed below EMA9(2519552), close=2519170"
553,PUT,2025-10-13T10:18:00+05:30,2025-10-13T10:27:00+05:30,25188.70,25195.85,-7.15,9m0s,"1m PUT entry: EMA6(2519336) EMA9(2519415) < MA21(2519433), close=2518870","1m PUT exit: EMA6(2518798) crossed above EMA9(2518772), close=2519585"
554,CALL,2025-10-13T10:29:00+05:30,2025-10-13T10:44:00+05:30,25206.30,25206.20,-0.10,15m0s,"1m CALL entry: EMA6(2519539) EMA9(2519318) > MA21(2519205), close=2520630","1m CALL exit: EMA6(2521011) crossed below EMA9(2521015), close=2520620"
555,PUT,2025-10-13T10:46:00+05:30,2025-10-13T11:07:00+05:30,25201.80,25196.30,5.50,21m0s,"1m PUT entry: EMA6(2520602) EMA9(2520713) < MA21(2520770), close=2520180","1m PUT exit: EMA6(2519310) crossed above EMA9(2519286), close=2519630"
556,CALL,2025-10-13T11:10:00+05:30,2025-10-13T11:13:00+05:30,25198.20,25191.55,-6.65,3m0s,"1m CALL entry: EMA6(2519602) EMA9(2519521) > MA21(2519425), close=2519820","1m CALL exit: EMA6(2519394) crossed below EMA9(2519409), close=2519155"
557,PUT,2025-10-13T11:17:00+05:30,2025-10-13T11:30:00+05:30,25185.50,25182.10,3.40,13m0s,"1m PUT entry: EMA6(2519020) EMA9(2519124) < MA21(2519204), close=2518550","1m PUT exit: EMA6(2517719) crossed above EMA9(2517695), close=2518210"
558,CALL,2025-10-13T11:35:00+05:30,2025-10-13T11:36:00+05:30,25179.30,25173.75,-5.55,1m0s,"1m CALL entry: EMA6(2517941) EMA9(2517891) > MA21(2517847), close=2517930","1m CALL exit: EMA6(2517779) crossed below EMA9(2517788), close=2517375"
559,CALL,2025-10-13T11:38:00+05:30,2025-10-13T11:43:00+05:30,25181.25,25176.60,-4.65,5m0s,"1m CALL re-entry: EMA6(2517865) EMA9(2517844) > MA21(2517674), close=2518125","1m CALL exit: EMA6(2517913) crossed below EMA9(2517917), close=2517660"
560,CALL,2025-10-13T11:44:00+05:30,2025-10-13T12:02:00+05:30,25179.45,25182.50,3.05,18m0s,"1m CALL re-entry: EMA6(2517922) EMA9(2517922) > MA21(2517733), close=2517945","1m CALL exit: EMA6(2519036) crossed below EMA9(2519091), close=2518250"
561,PUT,2025-10-13T12:03:00+05:30,2025-10-13T12:11:00+05:30,25178.30,25190.45,-12.15,8m0s,"1m PUT entry: EMA6(2518692) EMA9(2518839) < MA21(2518871), close=2517830","1m PUT exit: EMA6(2518451) crossed above EMA9(2518438), close=2519045"
562,CALL,2025-10-13T12:13:00+05:30,2025-10-13T12:16:00+05:30,25200.70,25178.60,-22.10,3m0s,"1m CALL entry: EMA6(2519126) EMA9(2518933) > MA21(2518860), close=2520070","1m CALL exit: EMA6(2518521) crossed below EMA9(2518581), close=2517860"
563,CALL,2025-10-13T12:28:00+05:30,2025-10-13T12:33:00+05:30,25191.25,25179.80,-11.45,5m0s,"1m CALL entry: EMA6(2518661) EMA9(2518546) > MA21(2518463), close=2519125","1m CALL exit: EMA6(2518511) crossed below EMA9(2518538), close=2517980"
564,CALL,2025-10-13T12:35:00+05:30,2025-10-13T12:48:00+05:30,25188.25,25184.40,-3.85,13m0s,"1m CALL re-entry: EMA6(2518556) EMA9(2518556) > MA21(2518384), close=2518825","1m CALL exit: EMA6(2519336) crossed below EMA9(2519361), close=2518440"
565,PUT,2025-10-13T12:50:00+05:30,2025-10-13T12:55:00+05:30,25175.45,25192.80,-17.35,5m0s,"1m PUT entry: EMA6(2518573) EMA9(2518797) < MA21(2518989), close=2517545","1m PUT exit: EMA6(2519073) crossed above EMA9(2519052), close=2519280"
566,CALL,2025-10-13T12:57:00+05:30,2025-10-13T13:02:00+05:30,25200.15,25182.10,-18.05,5m0s,"1m CALL entry: EMA6(2519424) EMA9(2519312) > MA21(2519214), close=2520015","1m CALL exit: EMA6(2519452) crossed below EMA9(2519495), close=2518210"
567,PUT,2025-10-13T13:03:00+05:30,2025-10-13T13:11:00+05:30,25176.50,25198.60,-22.10,8m0s,"1m PUT entry: EMA6(2518937) EMA9(2519126) < MA21(2519341), close=2517650","1m PUT exit: EMA6(2519136) crossed above EMA9(2519057), close=2519860"
568,CALL,2025-10-13T13:12:00+05:30,2025-10-13T13:20:00+05:30,25204.60,25195.45,-9.15,8m0s,"1m CALL entry: EMA6(2519514) EMA9(2519337) > MA21(2519217), close=2520460","1m CALL exit: EMA6(2520123) crossed below EMA9(2520150), close=2519545"
569,PUT,2025-10-13T13:24:00+05:30,2025-10-13T13:31:00+05:30,25180.25,25202.30,-22.05,7m0s,"1m PUT entry: EMA6(2518938) EMA9(2519215) < MA21(2519528), close=2518025","1m PUT exit: EMA6(2519350) crossed above EMA9(2519292), close=2520230"
570,PUT,2025-10-13T13:35:00+05:30,2025-10-13T13:38:00+05:30,25186.00,25195.20,-9.20,3m0s,"1m PUT re-entry: EMA6(2519177) EMA9(2519218) < MA21(2519488), close=2518600","1m PUT exit: EMA6(2519263) crossed above EMA9(2519256), close=2519520"
571,PUT,2025-10-13T13:54:00+05:30,2025-10-13T14:02:00+05:30,25195.60,25206.30,-10.70,8m0s,"1m PUT entry: EMA6(2519759) EMA9(2519879) < MA21(2519884), close=2519560","1m PUT exit: EMA6(2519632) crossed above EMA9(2519554), close=2520630"
572,CALL,2025-10-13T14:03:00+05:30,2025-10-13T14:15:00+05:30,25211.20,25209.60,-1.60,12m0s,"1m CALL entry: EMA6(2520057) EMA9(2519867) > MA21(2519855), close=2521120","1m CALL exit: EMA6(2521308) crossed below EMA9(2521319), close=2520960"
573,PUT,2025-10-13T14:19:00+05:30,2025-10-13T14:22:00+05:30,25205.40,25220.95,-15.55,3m0s,"1m PUT entry: EMA6(2520792) EMA9(2520918) < MA21(2521029), close=2520540","1m PUT exit: EMA6(2521111) crossed above EMA9(2521065), close=2522095"
574,CALL,2025-10-13T14:23:00+05:30,2025-10-13T14:41:00+05:30,25231.65,25238.35,6.70,18m0s,"1m CALL entry: EMA6(2521698) EMA9(2521485) > MA21(2521409), close=2523165","1m CALL exit: EMA6(2524661) crossed below EMA9(2524742), close=2523835"
575,PUT,2025-10-13T14:42:00+05:30,2025-10-13T14:52:00+05:30,25233.15,25248.40,-15.25,10m0s,"1m PUT entry: EMA6(2524277) EMA9(2524456) < MA21(2524645), close=2523315","1m PUT exit: EMA6(2524012) crossed above EMA9(2524011), close=2524840"
576,CALL,2025-10-13T14:54:00+05:30,2025-10-13T15:00:00+05:30,25253.15,25225.25,-27.90,6m0s,"1m CALL entry: EMA6(2524620) EMA9(2524457) > MA21(2524373), close=2525315","1m CALL exit: EMA6(2524223) crossed below EMA9(2524342), close=2522525"
577,PUT,2025-10-13T15:01:00+05:30,2025-10-13T15:16:00+05:30,25225.80,25227.30,-1.50,15m0s,"1m PUT entry: EMA6(2523753) EMA9(2523989) < MA21(2524117), close=2522580","1m PUT exit: EMA6(2522345) crossed above EMA9(2522308), close=2522730"
578,CALL,2025-10-13T15:18:00+05:30,2025-10-13T15:29:00+05:30,25226.15,25237.15,11.00,11m0s,"1m CALL entry: EMA6(2522520) EMA9(2522452) > MA21(2522441), close=2522615",end of day (15:29 close)
579,PUT,2025-10-14T09:34:00+05:30,2025-10-14T10:15:00+05:30,25283.50,25200.95,82.55,41m0s,"1m PUT entry: EMA6(2528791) EMA9(2528885) < MA21(2529005), close=2528350","1m PUT exit: EMA6(2519678) crossed above EMA9(2519647), close=2520095"
580,PUT,2025-10-14T10:16:00+05:30,2025-10-14T10:24:00+05:30,25186.70,25194.20,-7.50,8m0s,"1m PUT re-entry: EMA6(2519390) EMA9(2519451) < MA21(2519797), close=2518670","1m PUT exit: EMA6(2518517) crossed above EMA9(2518502), close=2519420"
581,CALL,2025-10-14T10:26:00+05:30,2025-10-14T10:42:00+05:30,25202.05,25198.95,-3.10,16m0s,"1m CALL entry: EMA6(2519206) EMA9(2519007) > MA21(2518854), close=2520205","1m CALL exit: EMA6(2520962) crossed below EMA9(2520987), close=2519895"
582,CALL,2025-10-14T10:44:00+05:30,2025-10-14T10:50:00+05:30,25219.05,25208.25,-10.80,6m0s,"1m CALL re-entry: EMA6(2521161) EMA9(2521112) > MA21(2520877), close=2521905","1m CALL exit: EMA6(2521556) crossed below EMA9(2521586), close=2520825"
583,PUT,2025-10-14T10:52:00+05:30,2025-10-14T11:35:00+05:30,25204.10,25139.15,64.95,43m0s,"1m PUT entry: EMA6(2521065) EMA9(2521218) < MA21(2521379), close=2520410","1m PUT exit: EMA6(2513493) crossed above EMA9(2513491), close=2513915"
584,CALL,2025-10-14T11:37:00+05:30,2025-10-14T11:46:00+05:30,25141.75,25139.60,-2.15,9m0s,"1m CALL entry: EMA6(2513766) EMA9(2513689) > MA21(2513628), close=2514175","1m CALL exit: EMA6(2514266) crossed below EMA9(2514285), close=2513960"
585,CALL,2025-10-14T11:53:00+05:30,2025-10-14T12:06:00+05:30,25144.95,25136.10,-8.85,13m0s,"1m CALL entry: EMA6(2514281) EMA9(2514269) > MA21(2514267), close=2514495","1m CALL exit: EMA6(2514921) crossed below EMA9(2515070), close=2513610"
586,PUT,2025-10-14T12:07:00+05:30,2025-10-14T12:24:00+05:30,25133.25,25126.35,6.90,17m0s,"1m PUT entry: EMA6(2514465) EMA9(2514721) < MA21(2514909), close=2513325","1m PUT exit: EMA6(2512200) crossed above EMA9(2512157), close=2512635"
587,PUT,2025-10-14T12:27:00+05:30,2025-10-14T12:51:00+05:30,25109.00,25087.40,21.60,24m0s,"1m PUT entry: EMA6(2511613) EMA9(2511742) < MA21(2511785), close=2510900","1m PUT exit: EMA6(2508539) crossed above EMA9(2508522), close=2508740"
588,CALL,2025-10-14T12:54:00+05:30,2025-10-14T13:01:00+05:30,25089.95,25083.45,-6.50,7m0s,"1m CALL entry: EMA6(2508917) EMA9(2508829) > MA21(2508788), close=2508995","1m CALL exit: EMA6(2509157) crossed below EMA9(2509169), close=2508345"
589,CALL,2025-10-14T13:02:00+05:30,2025-10-14T13:03:00+05:30,25093.45,25087.75,-5.70,1m0s,"1m CALL re-entry: EMA6(2509211) EMA9(2509204) > MA21(2508787), close=2509345","1m CALL exit: EMA6(2509086) crossed below EMA9(2509119), close=2508775"
590,CALL,2025-10-14T13:04:00+05:30,2025-10-14T13:08:00+05:30,25094.00,25070.90,-23.10,4m0s,"1m CALL re-entry: EMA6(2509176) EMA9(2509175) > MA21(2508930), close=2509400","1m CALL exit: EMA6(2508690) crossed below EMA9(2508863), close=2507090"
591,CALL,2025-10-14T13:22:00+05:30,2025-10-14T13:46:00+05:30,25095.05,25102.85,7.80,24m0s,"1m CALL entry: EMA6(2508717) EMA9(2508594) > MA21(2508498), close=2509505","1m CALL exit: EMA6(2511924) crossed below EMA9(2512071), close=2510285"
592,CALL,2025-10-14T13:48:00+05:30,2025-10-14T13:52:00+05:30,25133.05,25115.45,-17.60,4m0s,"1m CALL re-entry: EMA6(2512360) EMA9(2512327) > MA21(2512158), close=2513305","1m CALL exit: EMA6(2512213) crossed below EMA9(2512265), close=2511545"
593,PUT,2025-10-14T14:02:00+05:30,2025-10-14T14:04:00+05:30,25118.05,25129.25,-11.20,2m0s,"1m PUT entry: EMA6(2512121) EMA9(2512106) < MA21(2512167), close=2511805","1m PUT exit: EMA6(2512292) crossed above EMA9(2512227), close=2512925"
594,PUT,2025-10-14T14:12:00+05:30,2025-10-14T14:15:00+05:30,25099.75,25132.10,-32.35,3m0s,"1m PUT entry: EMA6(2511615) EMA9(2511852) < MA21(2512068), close=2509975","1m PUT exit: EMA6(2512090) crossed above EMA9(2512060), close=2513210"
595,CALL,2025-10-14T14:16:00+05:30,2025-10-14T14:19:00+05:30,25129.30,25106.30,-23.00,3m0s,"1m CALL entry: EMA6(2512330) EMA9(2512234) > MA21(2512229), close=2512930","1m CALL exit: EMA6(2511900) crossed below EMA9(2511993), close=2510630"
596,CALL,2025-10-14T14:24:00+05:30,2025-10-14T14:47:00+05:30,25149.10,25150.25,1.15,23m0s,"1m CALL entry: EMA6(2512724) EMA9(2512486) > MA21(2512257), close=2514910","1m CALL exit: EMA6(2517017) crossed below EMA9(2517133), close=2515025"
597,PUT,2025-10-14T14:48:00+05:30,2025-10-14T14:53:00+05:30,25138.55,25170.05,-31.50,5m0s,"1m PUT entry: EMA6(2516114) EMA9(2516478) < MA21(2516837), close=2513855","1m PUT exit: EMA6(2516666) crossed above EMA9(2516665), close=2517005"
598,CALL,2025-10-14T14:57:00+05:30,2025-10-14T15:02:00+05:30,25174.80,25164.05,-10.75,5m0s,"1m CALL entry: EMA6(2517295) EMA9(2517163) > MA21(2517107), close=2517480","1m CALL exit: EMA6(2517002) crossed below EMA9(2517026), close=2516405"
599,PUT,2025-10-14T15:04:00+05:30,2025-10-14T15:17:00+05:30,25150.55,25158.00,-7.45,13m0s,"1m PUT entry: EMA6(2516350) EMA9(2516553) < MA21(2516795), close=2515055","1m PUT exit: EMA6(2514912) crossed above EMA9(2514904), close=2515800"
600,PUT,2025-10-14T15:18:00+05:30,2025-10-14T15:29:00+05:30,25144.15,25123.35,20.80,11m0s,"1m PUT re-entry: EMA6(2514770) EMA9(2514806) < MA21(2515419), close=2514415",end of day (15:29 close)
601,PUT,2025-10-15T09:37:00+05:30,2025-10-15T09:57:00+05:30,25233.55,25227.65,5.90,20m0s,"1m PUT entry: EMA6(2524546) EMA9(2524710) < MA21(2524816), close=2523355","1m PUT exit: EMA6(2522428) crossed above EMA9(2522393), close=2522765"
602,PUT,2025-10-15T09:58:00+05:30,2025-10-15T10:08:00+05:30,25218.40,25223.65,-5.25,10m0s,"1m PUT re-entry: EMA6(2522260) EMA9(2522283) < MA21(2522394), close=2521840","1m PUT exit: EMA6(2522110) crossed above EMA9(2522095), close=2522365"
603,PUT,2025-10-15T10:48:00+05:30,2025-10-15T10:53:00+05:30,25281.15,25301.85,-20.70,5m0s,"1m PUT entry: EMA6(2528522) EMA9(2528617) < MA21(2528619), close=2528115","1m PUT exit: EMA6(2528959) crossed above EMA9(2528836), close=2530185"
604,CALL,2025-10-15T10:54:00+05:30,2025-10-15T11:05:00+05:30,25305.35,25297.90,-7.45,11m0s,"1m CALL entry: EMA6(2529409) EMA9(2529176) > MA21(2528930), close=2530535","1m CALL exit: EMA6(2530582) crossed below EMA9(2530597), close=2529790"
605,PUT,2025-10-15T11:09:00+05:30,2025-10-15T11:22:00+05:30,25294.10,25300.00,-5.90,13m0s,"1m PUT entry: EMA6(2529721) EMA9(2529900) < MA21(2530033), close=2529410","1m PUT exit: EMA6(2529512) crossed above EMA9(2529454), close=2530000"
606,CALL,2025-10-15T11:23:00+05:30,2025-10-15T11:37:00+05:30,25298.65,25300.70,2.05,14m0s,"1m CALL entry: EMA6(2529613) EMA9(2529536) > MA21(2529441), close=2529865","1m CALL exit: EMA6(2530561) crossed below EMA9(2530604), close=2530070"
607,PUT,2025-10-15T11:40:00+05:30,2025-10-15T11:42:00+05:30,25302.60,25309.20,-6.60,2m0s,"1m PUT entry: EMA6(2530300) EMA9(2530372) < MA21(2530433), close=2530260","1m PUT exit: EMA6(2530549) crossed above EMA9(2530526), close=2530920"
608,PUT,2025-10-15T11:44:00+05:30,2025-10-15T11:54:00+05:30,25304.85,25304.55,0.30,10m0s,"1m PUT entry: EMA6(2530592) EMA9(2530570) < MA21(2530639), close=2530485","1m PUT exit: EMA6(2530097) crossed above EMA9(2530068), close=2530455"
609,CALL,2025-10-15T11:55:00+05:30,2025-10-15T12:04:00+05:30,25315.50,25292.30,-23.20,9m0s,"1m CALL entry: EMA6(2530512) EMA9(2530365) > MA21(2530228), close=2531550","1m CALL exit: EMA6(2530274) crossed below EMA9(2530389), close=2529230"
610,CALL,2025-10-15T12:06:00+05:30,2025-10-15T13:11:00+05:30,25305.50,25328.00,22.50,1h5m0s,"1m CALL entry: EMA6(2530366) EMA9(2530414) > MA21(2530328), close=2530550","1m CALL exit: EMA6(2533044) crossed below EMA9(2533046), close=2532800"
611,PUT,2025-10-15T13:14:00+05:30,2025-10-15T13:16:00+05:30,25325.50,25339.75,-14.25,2m0s,"1m PUT entry: EMA6(2532846) EMA9(2532900) < MA21(2532974), close=2532550","1m PUT exit: EMA6(2533205) crossed above EMA9(2533135), close=2533975"
612,PUT,2025-10-15T13:44:00+05:30,2025-10-15T14:23:00+05:30,25350.25,25328.50,21.75,39m0s,"1m PUT entry: EMA6(2535192) EMA9(2535252) < MA21(2535261), close=2535025","1m PUT exit: EMA6(2532599) crossed above EMA9(2532590), close=2532850"
613,PUT,2025-10-15T14:25:00+05:30,2025-10-15T14:26:00+05:30,25325.10,25327.05,-1.95,1m0s,"1m PUT re-entry: EMA6(2532570) EMA9(2532573) < MA21(2532615), close=2532510","1m PUT exit: EMA6(2532608) crossed above EMA9(2532599), close=2532705"
614,CALL,2025-10-15T14:27:00+05:30,2025-10-15T14:39:00+05:30,25332.15,25324.35,-7.80,12m0s,"1m CALL entry: EMA6(2532782) EMA9(2532722) > MA21(2532682), close=2533215","1m CALL exit: EMA6(2532959) crossed below EMA9(2532990), close=2532435"
615,PUT,2025-10-15T14:41:00+05:30,2025-10-15T14:43:00+05:30,25325.45,25335.50,-10.05,2m0s,"1m PUT entry: EMA6(2532842) EMA9(2532897) < MA21(2532913), close=2532545","1m PUT exit: EMA6(2533001) crossed above EMA9(2532985), close=2533550"
616,PUT,2025-10-15T14:46:00+05:30,2025-10-15T14:57:00+05:30,25326.00,25315.55,10.45,11m0s,"1m PUT entry: EMA6(2532938) EMA9(2532954) < MA21(2533011), close=2532600","1m PUT exit: EMA6(2531241) crossed above EMA9(2531239), close=2531555"
617,PUT,2025-10-15T15:00:00+05:30,2025-10-15T15:05:00+05:30,25307.80,25312.10,-4.30,5m0s,"1m PUT re-entry: EMA6(2531215) EMA9(2531234) < MA21(2531592), close=2530780","1m PUT exit: EMA6(2531101) crossed above EMA9(2531100), close=2531210"
618,CALL,2025-10-15T15:06:00+05:30,2025-10-15T15:29:00+05:30,25317.90,25327.75,9.85,23m0s,"1m CALL entry: EMA6(2531298) EMA9(2531238) > MA21(2531047), close=2531790",end of day (15:29 close)
619,PUT,2025-10-16T09:41:00+05:30,2025-10-16T09:44:00+05:30,25416.00,25431.40,-15.40,3m0s,"1m PUT entry: EMA6(2542182) EMA9(2542328) < MA21(2542465), close=2541600","1m PUT exit: EMA6(2542492) crossed above EMA9(2542468), close=2543140"
620,CALL,2025-10-16T09:46:00+05:30,2025-10-16T09:59:00+05:30,25436.35,25434.55,-1.80,13m0s,"1m CALL entry: EMA6(2542996) EMA9(2542844) > MA21(2542737), close=2543635","1m CALL exit: EMA6(2543953) crossed below EMA9(2543986), close=2543455"
621,CALL,2025-10-16T10:03:00+05:30,2025-10-16T10:09:00+05:30,25444.55,25437.30,-7.25,6m0s,"1m CALL re-entry: EMA6(2544001) EMA9(2543971) > MA21(2543904), close=2544455","1m CALL exit: EMA6(2544015) crossed below EMA9(2544039), close=2543730"
622,CALL,2025-10-16T10:22:00+05:30,2025-10-16T10:52:00+05:30,25438.40,25455.40,17.00,30m0s,"1m CALL entry: EMA6(2543695) EMA9(2543566) > MA21(2543555), close=2543840","1m CALL exit: EMA6(2545904) crossed below EMA9(2545913), close=2545540"
623,CALL,2025-10-16T10:57:00+05:30,2025-10-16T11:07:00+05:30,25460.00,25461.90,1.90,10m0s,"1m CALL entry: EMA6(2545832) EMA9(2545837) > MA21(2545818), close=2546000","1m CALL exit: EMA6(2546282) crossed below EMA9(2546292), close=2546190"
624,CALL,2025-10-16T11:08:00+05:30,2025-10-16T11:14:00+05:30,25464.60,25462.25,-2.35,6m0s,"1m CALL re-entry: EMA6(2546333) EMA9(2546325) > MA21(2546201), close=2546460","1m CALL exit: EMA6(2546348) crossed below EMA9(2546353), close=2546225"
625,PUT,2025-10-16T11:15:00+05:30,2025-10-16T11:30:00+05:30,25461.10,25464.85,-3.75,15m0s,"1m PUT entry: EMA6(2546280) EMA9(2546304) < MA21(2546332), close=2546110","1m PUT exit: EMA6(2545937) crossed above EMA9(2545881), close=2546485"
626,CALL,2025-10-16T11:32:00+05:30,2025-10-16T11:34:00+05:30,25460.75,25454.50,-6.25,2m0s,"1m CALL entry: EMA6(2546076) EMA9(2546007) > MA21(2545983), close=2546075","1m CALL exit: EMA6(2545818) crossed below EMA9(2545845), close=2545450"
627,CALL,2025-10-16T11:52:00+05:30,2025-10-16T11:59:00+05:30,25462.55,25451.35,-11.20,7m0s,"1m CALL entry: EMA6(2545272) EMA9(2545143) > MA21(2545139), close=2546255","1m CALL exit: EMA6(2545398) crossed below EMA9(2545399), close=2545135"
628,CALL,2025-10-16T12:00:00+05:30,2025-10-16T12:46:00+05:30,25455.80,25501.95,46.15,46m0s,"1m CALL re-entry: EMA6(2545450) EMA9(2545436) > MA21(2545168), close=2545580","1m CALL exit: EMA6(2550576) crossed below EMA9(2550602), close=2550195"
629,PUT,2025-10-16T12:48:00+05:30,2025-10-16T12:52:00+05:30,25500.65,25505.70,-5.05,4m0s,"1m PUT entry: EMA6(2550310) EMA9(2550397) < MA21(2550452), close=2550065","1m PUT exit: EMA6(2550392) crossed above EMA9(2550391), close=2550570"
630,CALL,2025-10-16T12:54:00+05:30,2025-10-16T12:59:00+05:30,25515.80,25503.85,-11.95,5m0s,"1m CALL entry: EMA6(2550873) EMA9(2550740) > MA21(2550632), close=2551580","1m CALL exit: EMA6(2550865) crossed below EMA9(2550875), close=2550385"
631,CALL,2025-10-16T13:02:00+05:30,2025-10-16T13:09:00+05:30,25517.40,25508.75,-8.65,7m0s,"1m CALL entry: EMA6(2550997) EMA9(2550944) > MA21(2550748), close=2551740","1m CALL exit: EMA6(2551186) crossed below EMA9(2551197), close=2550875"
632,CALL,2025-10-16T13:11:00+05:30,2025-10-16T13:17:00+05:30,25516.55,25509.65,-6.90,6m0s,"1m CALL re-entry: EMA6(2551318) EMA9(2551285) > MA21(2551180), close=2551655","1m CALL exit: EMA6(2551618) crossed below EMA9(2551626), close=2550965"
633,PUT,2025-10-16T13:19:00+05:30,2025-10-16T13:21:00+05:30,25505.00,25522.60,-17.60,2m0s,"1m PUT entry: EMA6(2551154) EMA9(2551286) < MA21(2551360), close=2550500","1m PUT exit: EMA6(2551578) crossed above EMA9(2551545), close=2552260"
634,CALL,2025-10-16T13:43:00+05:30,2025-10-16T13:54:00+05:30,25532.60,25529.20,-3.40,11m0s,"1m CALL re-entry: EMA6(2552712) EMA9(2552678) > MA21(2552526), close=2553260","1m CALL exit: EMA6(2553360) crossed below EMA9(2553408), close=2552920"
635,PUT,2025-10-16T13:56:00+05:30,2025-10-16T13:58:00+05:30,25530.95,25538.45,-7.50,2m0s,"1m PUT entry: EMA6(2553155) EMA9(2553236) < MA21(2553261), close=2553095","1m PUT exit: EMA6(2553430) crossed above EMA9(2553407), close=2553845"
636,CALL,2025-10-16T14:20:00+05:30,2025-10-16T14:49:00+05:30,25565.65,25593.65,28.00,29m0s,"1m CALL re-entry: EMA6(2556084) EMA9(2556053) > MA21(2555910), close=2556565","1m CALL exit: EMA6(2560355) crossed below EMA9(2560421), close=2559365"
637,PUT,2025-10-16T14:50:00+05:30,2025-10-16T14:54:00+05:30,25589.60,25608.10,-18.50,4m0s,"1m PUT entry: EMA6(2559957) EMA9(2560129) < MA21(2560175), close=2558960","1m PUT exit: EMA6(2560309) crossed above EMA9(2560269), close=2560810"
638,CALL,2025-10-16T14:57:00+05:30,2025-10-16T15:03:00+05:30,25616.45,25594.75,-21.70,6m0s,"1m CALL entry: EMA6(2560764) EMA9(2560616) > MA21(2560527), close=2561645","1m CALL exit: EMA6(2560652) crossed below EMA9(2560758), close=2559475"
639,PUT,2025-10-16T15:04:00+05:30,2025-10-16T15:29:00+05:30,25599.40,25566.30,33.10,25m0s,"1m PUT entry: EMA6(2560449) EMA9(2560595) < MA21(2560650), close=2559940",end of day (15:29 close)
640,CALL,2025-10-17T09:27:00+05:30,2025-10-17T09:46:00+05:30,25591.40,25602.20,10.80,19m0s,"1m CALL entry: EMA6(2557198) EMA9(2556799) > MA21(2556444), close=2559140","1m CALL exit: EMA6(2561052) crossed below EMA9(2561084), close=2560220"
641,PUT,2025-10-17T09:48:00+05:30,2025-10-17T09:56:00+05:30,25599.60,25596.35,3.25,8m0s,"1m PUT entry: EMA6(2560622) EMA9(2560762) < MA21(2560904), close=2559960","1m PUT exit: EMA6(2559355) crossed above EMA9(2559331), close=2559635"
642,CALL,2025-10-17T10:00:00+05:30,2025-10-17T10:42:00+05:30,25609.45,25681.90,72.45,42m0s,"1m CALL entry: EMA6(2560256) EMA9(2560047) > MA21(2560013), close=2560945","1m CALL exit: EMA6(2568285) crossed below EMA9(2568286), close=2568190"
643,CALL,2025-10-17T10:44:00+05:30,2025-10-17T11:40:00+05:30,25689.70,25761.85,72.15,56m0s,"1m CALL re-entry: EMA6(2568441) EMA9(2568392) > MA21(2568200), close=2568970","1m CALL exit: EMA6(2576389) crossed below EMA9(2576404), close=2576185"
644,PUT,2025-10-17T11:42:00+05:30,2025-10-17T11:56:00+05:30,25732.70,25747.10,-14.40,14m0s,"1m PUT entry: EMA6(2575414) EMA9(2575708) < MA21(2576100), close=2573270","1m PUT exit: EMA6(2573932) crossed above EMA9(2573925), close=2574710"
645,CALL,2025-10-17T11:59:00+05:30,2025-10-17T12:16:00+05:30,25754.85,25742.15,-12.70,17m0s,"1m CALL entry: EMA6(2574600) EMA9(2574420) > MA21(2574331), close=2575485","1m CALL exit: EMA6(2575416) crossed below EMA9(2575544), close=2574215"
646,CALL,2025-10-17T12:19:00+05:30,2025-10-17T12:36:00+05:30,25766.90,25770.05,3.15,17m0s,"1m CALL entry: EMA6(2575837) EMA9(2575773) > MA21(2575736), close=2576690","1m CALL exit: EMA6(2577328) crossed below EMA9(2577332), close=2577005"
647,PUT,2025-10-17T12:38:00+05:30,2025-10-17T13:18:00+05:30,25766.85,25680.60,86.25,40m0s,"1m PUT entry: EMA6(2577084) EMA9(2577154) < MA21(2577169), close=2576685","1m PUT exit: EMA6(2567617) crossed above EMA9(2567564), close=2568060"
648,CALL,2025-10-17T13:21:00+05:30,2025-10-17T13:29:00+05:30,25691.35,25677.35,-14.00,8m0s,"1m CALL entry: EMA6(2568122) EMA9(2567944) > MA21(2567833), close=2569135","1m CALL exit: EMA6(2568676) crossed below EMA9(2568710), close=2567735"
649,PUT,2025-10-17T13:32:00+05:30,2025-10-17T13:42:00+05:30,25670.60,25664.90,5.70,10m0s,"1m PUT entry: EMA6(2567673) EMA9(2567922) < MA21(2568079), close=2567060","1m PUT exit: EMA6(2565263) crossed above EMA9(2565246), close=2566490"
650,PUT,2025-10-17T13:46:00+05:30,2025-10-17T13:48:00+05:30,25647.65,25657.05,-9.40,2m0s,"1m PUT re-entry: EMA6(2565377) EMA9(2565391) < MA21(2565950), close=2564765","1m PUT exit: EMA6(2565396) crossed above EMA9(2565393), close=2565705"
651,PUT,2025-10-17T13:49:00+05:30,2025-10-17T13:56:00+05:30,25652.60,25657.60,-5.00,7m0s,"1m PUT re-entry: EMA6(2565357) EMA9(2565366) < MA21(2565372), close=2565260","1m PUT exit: EMA6(2565128) crossed above EMA9(2565087), close=2565760"
652,CALL,2025-10-17T14:17:00+05:30,2025-10-17T14:28:00+05:30,25697.30,25690.00,-7.30,11m0s,"1m CALL re-entry: EMA6(2568736) EMA9(2568643) > MA21(2568040), close=2569730","1m CALL exit: EMA6(2569863) crossed below EMA9(2569927), close=2569000"
653,PUT,2025-10-17T14:29:00+05:30,2025-10-17T14:32:00+05:30,25679.50,25703.10,-23.60,3m0s,"1m PUT entry: EMA6(2569316) EMA9(2569532) < MA21(2569603), close=2567950","1m PUT exit: EMA6(2569825) crossed above EMA9(2569803), close=2570310"
654,PUT,2025-10-17T14:52:00+05:30,2025-10-17T14:55:00+05:30,25707.20,25733.90,-26.70,3m0s,"1m PUT entry: EMA6(2572015) EMA9(2572329) < MA21(2572540), close=2570720","1m PUT exit: EMA6(2572627) crossed above EMA9(2572626), close=2573390"
655,PUT,2025-10-17T14:59:00+05:30,2025-10-17T15:18:00+05:30,25725.10,25713.80,11.30,19m0s,"1m PUT re-entry: EMA6(2572686) EMA9(2572687) < MA21(2573042), close=2572510","1m PUT exit: EMA6(2571237) crossed above EMA9(2571227), close=2571380"
656,PUT,2025-10-17T15:22:00+05:30,2025-10-17T15:29:00+05:30,25707.85,25704.70,3.15,7m0s,"1m PUT entry: EMA6(2571148) EMA9(2571176) < MA21(2571268), close=2570785",end of day (15:29 close)
657,PUT,2025-10-20T09:34:00+05:30,2025-10-20T10:02:00+05:30,25872.70,25824.25,48.45,28m0s,"1m PUT entry: EMA6(2587535) EMA9(2587391) < MA21(2587732), close=2587270","1m PUT exit: EMA6(2581667) crossed above EMA9(2581612), close=2582425"
658,CALL,2025-10-20T10:03:00+05:30,2025-10-20T10:19:00+05:30,25838.25,25843.55,5.30,16m0s,"1m CALL entry: EMA6(2582284) EMA9(2582055) > MA21(2581827), close=2583825","1m CALL exit: EMA6(2584553) crossed below EMA9(2584554), close=2584355"
659,PUT,2025-10-20T10:23:00+05:30,2025-10-20T10:24:00+05:30,25841.65,25851.05,-9.40,1m0s,"1m PUT entry: EMA6(2584275) EMA9(2584335) < MA21(2584436), close=2584165","1m PUT exit: EMA6(2584512) crossed above EMA9(2584489), close=2585105"
660,CALL,2025-10-20T10:25:00+05:30,2025-10-20T10:28:00+05:30,25850.05,25838.25,-11.80,3m0s,"1m CALL entry: EMA6(2584653) EMA9(2584592) > MA21(2584572), close=2585005","1m CALL exit: EMA6(2584547) crossed below EMA9(2584568), close=2583825"
661,CALL,2025-10-20T10:37:00+05:30,2025-10-20T10:57:00+05:30,25850.25,25864.80,14.55,20m0s,"1m CALL entry: EMA6(2584232) EMA9(2584103) > MA21(2584087), close=2585025","1m CALL exit: EMA6(2587353) crossed below EMA9(2587413), close=2586480"
662,CALL,2025-10-20T10:59:00+05:30,2025-10-20T11:05:00+05:30,25881.00,25871.85,-9.15,6m0s,"1m CALL re-entry: EMA6(2587564) EMA9(2587539) > MA21(2587177), close=2588100","1m CALL exit: EMA6(2587624) crossed below EMA9(2587654), close=2587185"
663,PUT,2025-10-20T11:11:00+05:30,2025-10-20T11:30:00+05:30,25874.60,25857.80,16.80,19m0s,"1m PUT re-entry: EMA6(2587587) EMA9(2587594) < MA21(2587707), close=2587460","1m PUT exit: EMA6(2585228) crossed above EMA9(2585199), close=2585780"
664,PUT,2025-10-20T11:31:00+05:30,2025-10-20T11:49:00+05:30,25844.70,25844.10,0.60,18m0s,"1m PUT re-entry: EMA6(2585012) EMA9(2585053) < MA21(2585539), close=2584470","1m PUT exit: EMA6(2584212) crossed above EMA9(2584205), close=2584410"
665,CALL,2025-10-20T11:51:00+05:30,2025-10-20T11:53:00+05:30,25848.20,25839.00,-9.20,2m0s,"1m CALL entry: EMA6(2584526) EMA9(2584439) > MA21(2584387), close=2584820","1m CALL exit: EMA6(2584243) crossed below EMA9(2584264), close=2583900"
666,PUT,2025-10-20T11:56:00+05:30,2025-10-20T11:59:00+05:30,25834.80,25843.35,-8.55,3m0s,"1m PUT re-entry: EMA6(2584061) EMA9(2584128) < MA21(2584232), close=2583480","1m PUT exit: EMA6(2584229) crossed above EMA9(2584229), close=2584335"
667,PUT,2025-10-20T12:07:00+05:30,2025-10-20T12:09:00+05:30,25839.25,25849.50,-10.25,2m0s,"1m PUT entry: EMA6(2584373) EMA9(2584409) < MA21(2584410), close=2583925","1m PUT exit: EMA6(2584514) crossed above EMA9(2584493), close=2584950"
668,PUT,2025-10-20T12:23:00+05:30,2025-10-20T12:28:00+05:30,25839.80,25854.85,-15.05,5m0s,"1m PUT entry: EMA6(2584676) EMA9(2584796) < MA21(2584892), close=2583980","1m PUT exit: EMA6(2584935) crossed above EMA9(2584873), close=2585485"
669,PUT,2025-10-20T12:31:00+05:30,2025-10-20T12:32:00+05:30,25844.60,25849.40,-4.80,1m0s,"1m PUT re-entry: EMA6(2584758) EMA9(2584776) < MA21(2584958), close=2584460","1m PUT exit: EMA6(2584810) crossed above EMA9(2584809), close=2584940"
670,CALL,2025-10-20T12:34:00+05:30,2025-10-20T13:16:00+05:30,25860.10,25888.10,28.00,42m0s,"1m CALL entry: EMA6(2585219) EMA9(2585101) > MA21(2584967), close=2586010","1m CALL exit: EMA6(2589469) crossed below EMA9(2589534), close=2588810"
671,PUT,2025-10-20T13:17:00+05:30,2025-10-20T13:30:00+05:30,25887.45,25893.10,-5.65,13m0s,"1m PUT entry: EMA6(2589262) EMA9(2589376) < MA21(2589494), close=2588745","1m PUT exit: EMA6(2588642) crossed above EMA9(2588617), close=2589310"
672,PUT,2025-10-20T13:34:00+05:30,2025-10-20T13:41:00+05:30,25883.55,25887.25,-3.70,7m0s,"1m PUT re-entry: EMA6(2588558) EMA9(2588567) < MA21(2588656), close=2588355","1m PUT exit: EMA6(2588440) crossed above EMA9(2588431), close=2588725"
673,PUT,2025-10-20T13:42:00+05:30,2025-10-20T14:14:00+05:30,25882.35,25861.05,21.30,32m0s,"1m PUT re-entry: EMA6(2588382) EMA9(2588392) < MA21(2588447), close=2588235","1m PUT exit: EMA6(2585389) crossed above EMA9(2585315), close=2586105"
674,CALL,2025-10-20T14:15:00+05:30,2025-10-20T14:19:00+05:30,25878.00,25844.05,-33.95,4m0s,"1m CALL entry: EMA6(2586078) EMA9(2585812) > MA21(2585485), close=2587800","1m CALL exit: EMA6(2585573) crossed below EMA9(2585625), close=2584405"
675,PUT,2025-10-20T14:20:00+05:30,2025-10-20T14:36:00+05:30,25838.20,25828.95,9.25,16m0s,"1m PUT entry: EMA6(2585072) EMA9(2585264) < MA21(2585375), close=2583820","1m PUT exit: EMA6(2582607) crossed above EMA9(2582587), close=2582895"
676,PUT,2025-10-20T14:38:00+05:30,2025-10-20T14:49:00+05:30,25816.55,25830.55,-14.00,11m0s,"1m PUT re-entry: EMA6(2582513) EMA9(2582544) < MA21(2582890), close=2581655","1m PUT exit: EMA6(2582102) crossed above EMA9(2581989), close=2583055"
677,PUT,2025-10-20T14:50:00+05:30,2025-10-20T14:56:00+05:30,25813.75,25826.30,-12.55,6m0s,"1m PUT entry: EMA6(2581894) EMA9(2581866) < MA21(2581972), close=2581375","1m PUT exit: EMA6(2581991) crossed above EMA9(2581916), close=2582630"
678,CALL,2025-10-20T15:27:00+05:30,2025-10-20T15:28:00+05:30,25851.60,25847.05,-4.55,1m0s,"1m CALL re-entry: EMA6(2584958) EMA9(2584945) > MA21(2584908), close=2585160","1m CALL exit: EMA6(2584886) crossed below EMA9(2584897), close=2584705"
679,PUT,2025-10-21T11:17:00+05:30,2025-10-21T13:30:00+05:30,25843.15,25999.25,-156.10,2h13m0s,"1m PUT re-entry: EMA6(2584760) EMA9(2584808) < MA21(2585032), close=2584315","1m PUT exit: EMA6(2589002) crossed above EMA9(2587753), close=2599925"
680,PUT,2025-10-21T13:52:00+05:30,2025-10-21T14:05:00+05:30,25880.60,25896.55,-15.95,13m0s,"1m PUT entry: EMA6(2589383) EMA9(2589840) < MA21(2590353), close=2588060","1m PUT exit: EMA6(2589491) crossed above EMA9(2589491), close=2589655"
681,PUT,2025-10-21T14:06:00+05:30,2025-10-21T14:08:00+05:30,25893.10,25894.90,-1.80,2m0s,"1m PUT re-entry: EMA6(2589439) EMA9(2589454) < MA21(2589672), close=2589310","1m PUT exit: EMA6(2589478) crossed above EMA9(2589478), close=2589490"
682,CALL,2025-10-21T14:12:00+05:30,2025-10-21T14:20:00+05:30,25898.20,25894.40,-3.80,8m0s,"1m CALL re-entry: EMA6(2589485) EMA9(2589467) > MA21(2589413), close=2589820","1m CALL exit: EMA6(2589727) crossed below EMA9(2589728), close=2589440"
683,PUT,2025-10-21T14:22:00+05:30,2025-10-23T09:15:00+05:30,25886.75,26057.20,-170.45,42h53m0s,"1m PUT entry: EMA6(2589267) EMA9(2589392) < MA21(2589551), close=2588675",end of day (forced close)
684,CALL,2025-10-23T09:15:00+05:30,2025-10-23T09:49:00+05:30,26018.05,26072.95,54.90,34m0s,"1m CALL entry: EMA6(2589431) EMA9(2587984) > MA21(2586164), close=2601805","1m CALL exit: EMA6(2607808) crossed below EMA9(2607823), close=2607295"
685,PUT,2025-10-23T09:50:00+05:30,2025-10-23T10:01:00+05:30,26078.40,26074.85,3.55,11m0s,"1m PUT entry: EMA6(2607817) EMA9(2607827) < MA21(2607920), close=2607840","1m PUT exit: EMA6(2606559) crossed above EMA9(2606494), close=2607485"
686,CALL,2025-10-23T10:05:00+05:30,2025-10-23T10:21:00+05:30,26080.35,26087.30,6.95,16m0s,"1m CALL entry: EMA6(2607318) EMA9(2607111) > MA21(2606911), close=2608035","1m CALL exit: EMA6(2608980) crossed below EMA9(2608997), close=2608730"
687,PUT,2025-10-23T10:24:00+05:30,2025-10-23T10:39:00+05:30,26079.05,26080.55,-1.50,15m0s,"1m PUT entry: EMA6(2608471) EMA9(2608611) < MA21(2608780), close=2607905","1m PUT exit: EMA6(2607556) crossed above EMA9(2607497), close=2608055"
688,PUT,2025-10-23T10:42:00+05:30,2025-10-23T10:59:00+05:30,26071.15,26063.40,7.75,17m0s,"1m PUT re-entry: EMA6(2607482) EMA9(2607482) < MA21(2607588), close=2607115","1m PUT exit: EMA6(2605643) crossed above EMA9(2605599), close=2606340"
689,CALL,2025-10-23T11:01:00+05:30,2025-10-23T11:06:00+05:30,26073.45,26049.15,-24.30,5m0s,"1m CALL entry: EMA6(2606433) EMA9(2606193) > MA21(2605957), close=2607345","1m CALL exit: EMA6(2605884) crossed below EMA9(2605959), close=2604915"
690,PUT,2025-10-23T11:08:00+05:30,2025-10-23T11:15:00+05:30,26046.90,26055.75,-8.85,7m0s,"1m PUT entry: EMA6(2605360) EMA9(2605550) < MA21(2605661), close=2604690","1m PUT exit: EMA6(2605256) crossed above EMA9(2605250), close=2605575"
691,PUT,2025-10-23T11:17:00+05:30,2025-10-23T11:19:00+05:30,26050.15,26054.15,-4.00,2m0s,"1m PUT re-entry: EMA6(2605200) EMA9(2605214) < MA21(2605569), close=2605015","1m PUT exit: EMA6(2605230) crossed above EMA9(2605227), close=2605415"
692,CALL,2025-10-23T11:23:00+05:30,2025-10-23T11:27:00+05:30,26058.50,26047.75,-10.75,4m0s,"1m CALL entry: EMA6(2605499) EMA9(2605431) > MA21(2605287), close=2605850","1m CALL exit: EMA6(2605328) crossed below EMA9(2605354), close=2604775"
693,PUT,2025-10-23T11:29:00+05:30,2025-10-23T11:38:00+05:30,26047.00,26051.30,-4.30,9m0s,"1m PUT entry: EMA6(2605067) EMA9(2605155) < MA21(2605197), close=2604700","1m PUT exit: EMA6(2604989) crossed above EMA9(2604986), close=2605130"
694,PUT,2025-10-23T11:39:00+05:30,2025-10-23T11:40:00+05:30,26049.60,26050.60,-1.00,1m0s,"1m PUT re-entry: EMA6(2604980) EMA9(2604981) < MA21(2605126), close=2604960","1m PUT exit: EMA6(2605003) crossed above EMA9(2604997), close=2605060"
695,CALL,2025-10-23T11:42:00+05:30,2025-10-23T12:06:00+05:30,26058.90,26071.40,12.50,24m0s,"1m CALL entry: EMA6(2605292) EMA9(2605204) > MA21(2605120), close=2605890","1m CALL exit: EMA6(2607463) crossed below EMA9(2607494), close=2607140"
696,PUT,2025-10-23T12:08:00+05:30,2025-10-23T12:12:00+05:30,26072.05,26083.30,-11.25,4m0s,"1m PUT entry: EMA6(2607240) EMA9(2607314) < MA21(2607365), close=2607205","1m PUT exit: EMA6(2607607) crossed above EMA9(2607534), close=2608330"
697,PUT,2025-10-23T12:19:00+05:30,2025-10-23T12:22:00+05:30,26073.35,26091.95,-18.60,3m0s,"1m PUT entry: EMA6(2607627) EMA9(2607646) < MA21(2607665), close=2607335","1m PUT exit: EMA6(2608040) crossed above EMA9(2607913), close=2609195"
698,CALL,2025-10-23T12:43:00+05:30,2025-10-23T12:44:00+05:30,26091.00,26088.15,-2.85,1m0s,"1m CALL entry: EMA6(2608852) EMA9(2608851) > MA21(2608776), close=2609100","1m CALL exit: EMA6(2608841) crossed below EMA9(2608844), close=2608815"
699,CALL,2025-10-23T12:45:00+05:30,2025-10-23T12:47:00+05:30,26094.65,26078.30,-16.35,2m0s,"1m CALL re-entry: EMA6(2609020) EMA9(2608968) > MA21(2608818), close=2609465","1m CALL exit: EMA6(2608951) crossed below EMA9(2608962), close=2607830"
700,PUT,2025-10-23T12:48:00+05:30,2025-10-23T13:13:00+05:30,26072.70,26063.65,9.05,25m0s,"1m PUT entry: EMA6(2608471) EMA9(2608623) < MA21(2608872), close=2607270","1m PUT exit: EMA6(2605247) crossed above EMA9(2605231), close=2606365"
701,CALL,2025-10-23T13:16:00+05:30,2025-10-23T13:24:00+05:30,26063.25,26052.55,-10.70,8m0s,"1m CALL entry: EMA6(2605838) EMA9(2605686) > MA21(2605520), close=2606325","1m CALL exit: EMA6(2606162) crossed below EMA9(2606246), close=2605255"
702,PUT,2025-10-23T13:26:00+05:30,2025-10-23T13:43:00+05:30,26051.90,26037.05,14.85,17m0s,"1m PUT entry: EMA6(2605629) EMA9(2605821) < MA21(2605824), close=2605190","1m PUT exit: EMA6(2602717) crossed above EMA9(2602685), close=2603705"
703,PUT,2025-10-23T13:45:00+05:30,2025-10-23T13:47:00+05:30,26022.60,26027.05,-4.45,2m0s,"1m PUT re-entry: EMA6(2602573) EMA9(2602594) < MA21(2603095), close=2602260","1m PUT exit: EMA6(2602623) crossed above EMA9(2602623), close=2602705"
704,PUT,2025-10-23T13:49:00+05:30,2025-10-23T13:50:00+05:30,26025.15,26028.90,-3.75,1m0s,"1m PUT re-entry: EMA6(2602605) EMA9(2602611) < MA21(2602667), close=2602515","1m PUT exit: EMA6(2602686) crossed above EMA9(2602667), close=2602890"
705,PUT,2025-10-23T13:55:00+05:30,2025-10-23T14:35:00+05:30,26011.85,25950.20,61.65,40m0s,"1m PUT entry: EMA6(2601994) EMA9(2602191) < MA21(2602321), close=2601185","1m PUT exit: EMA6(2594188) crossed above EMA9(2594176), close=2595020"
706,PUT,2025-10-23T14:37:00+05:30,2025-10-23T14:39:00+05:30,25934.45,25947.80,-13.35,2m0s,"1m PUT entry: EMA6(2594275) EMA9(2594266) < MA21(2594468), close=2593445","1m PUT exit: EMA6(2594249) crossed above EMA9(2594237), close=2594780"
707,CALL,2025-10-23T14:40:00+05:30,2025-10-23T14:52:00+05:30,25955.95,25963.30,7.35,12m0s,"1m CALL entry: EMA6(2594634) EMA9(2594508) > MA21(2594251), close=2595595","1m CALL exit: EMA6(2597369) crossed below EMA9(2597401), close=2596330"
708,PUT,2025-10-23T14:57:00+05:30,2025-10-23T15:19:00+05:30,25950.70,25900.30,50.40,22m0s,"1m PUT entry: EMA6(2596386) EMA9(2596641) < MA21(2596880), close=2595070","1m PUT exit: EMA6(2588684) crossed above EMA9(2588625), close=2590030"
709,PUT,2025-10-23T15:21:00+05:30,2025-10-23T15:29:00+05:30,25884.00,25870.30,13.70,8m0s,"1m PUT re-entry: EMA6(2588517) EMA9(2588523) < MA21(2589131), close=2588400",end of day (15:29 close)
710,CALL,2025-10-24T09:25:00+05:30,2025-10-24T09:27:00+05:30,25880.40,25863.10,-17.30,2m0s,"1m CALL entry: EMA6(2587699) EMA9(2587499) > MA21(2587354), close=2588040","1m CALL exit: EMA6(2587238) crossed below EMA9(2587243), close=2586310"
711,CALL,2025-10-24T09:28:00+05:30,2025-10-24T09:35:00+05:30,25881.90,25870.20,-11.70,7m0s,"1m CALL re-entry: EMA6(2587510) EMA9(2587432) > MA21(2587218), close=2588190","1m CALL exit: EMA6(2587471) crossed below EMA9(2587518), close=2587020"
712,CALL,2025-10-24T09:36:00+05:30,2025-10-24T09:46:00+05:30,25880.05,25889.85,9.80,10m0s,"1m CALL re-entry: EMA6(2587624) EMA9(2587616) > MA21(2587273), close=2588005","1m CALL exit: EMA6(2589371) crossed below EMA9(2589379), close=2588985"
713,PUT,2025-10-24T09:50:00+05:30,2025-10-24T09:57:00+05:30,25867.10,25886.80,-19.70,7m0s,"1m PUT entry: EMA6(2588227) EMA9(2588513) < MA21(2588824), close=2586710","1m PUT exit: EMA6(2588057) crossed above EMA9(2588040), close=2588680"
714,CALL,2025-10-24T10:01:00+05:30,2025-10-24T10:12:00+05:30,25892.70,25881.50,-11.20,11m0s,"1m CALL entry: EMA6(2588819) EMA9(2588651) > MA21(2588522), close=2589270","1m CALL exit: EMA6(2589267) crossed below EMA9(2589294), close=2588150"
715,PUT,2025-10-24T10:14:00+05:30,2025-10-24T10:37:00+05:30,25876.20,25835.75,40.45,23m0s,"1m PUT entry: EMA6(2588533) EMA9(2588748) < MA21(2588911), close=2587620","1m PUT exit: EMA6(2583213) crossed above EMA9(2583192), close=2583575"
716,CALL,2025-10-24T10:39:00+05:30,2025-10-24T10:40:00+05:30,25830.35,25816.95,-13.40,1m0s,"1m CALL entry: EMA6(2583186) EMA9(2583183) > MA21(2583172), close=2583035","1m CALL exit: EMA6(2582760) crossed below EMA9(2582885), close=2581695"
717,PUT,2025-10-24T10:55:00+05:30,2025-10-24T11:00:00+05:30,25818.05,25830.40,-12.35,5m0s,"1m PUT re-entry: EMA6(2582192) EMA9(2582216) < MA21(2582334), close=2581805","1m PUT exit: EMA6(2582364) crossed above EMA9(2582286), close=2583040"
718,PUT,2025-10-24T11:04:00+05:30,2025-10-24T11:08:00+05:30,25821.40,25829.00,-7.60,4m0s,"1m PUT entry: EMA6(2582118) EMA9(2582130) < MA21(2582131), close=2582140","1m PUT exit: EMA6(2581988) crossed above EMA9(2581960), close=2582900"
719,PUT,2025-10-24T11:09:00+05:30,2025-10-24T11:12:00+05:30,25811.05,25826.85,-15.80,3m0s,"1m PUT re-entry: EMA6(2581736) EMA9(2581789) < MA21(2582055), close=2581105","1m PUT exit: EMA6(2581733) crossed above EMA9(2581728), close=2582685"
720,CALL,2025-10-24T11:14:00+05:30,2025-10-24T11:18:00+05:30,25827.30,25814.85,-12.45,4m0s,"1m CALL entry: EMA6(2582208) EMA9(2582078) > MA21(2581937), close=2582730","1m CALL exit: EMA6(2581966) crossed below EMA9(2581996), close=2581485"
721,PUT,2025-10-24T11:19:00+05:30,2025-10-24T11:24:00+05:30,25816.35,25827.60,-11.25,5m0s,"1m PUT entry: EMA6(2581871) EMA9(2581924) < MA21(2581960), close=2581635","1m PUT exit: EMA6(2582087) crossed above EMA9(2582035), close=2582760"
722,PUT,2025-10-24T11:26:00+05:30,2025-10-24T11:36:00+05:30,25808.90,25822.80,-13.90,10m0s,"1m PUT entry: EMA6(2581727) EMA9(2581801) < MA21(2581855), close=2580890","1m PUT exit: EMA6(2581046) crossed above EMA9(2580950), close=2582280"
723,CALL,2025-10-24T11:38:00+05:30,2025-10-24T11:56:00+05:30,25818.50,25833.80,15.30,18m0s,"1m CALL entry: EMA6(2581420) EMA9(2581259) > MA21(2581201), close=2581850","1m CALL exit: EMA6(2583589) crossed below EMA9(2583594), close=2583380"
724,PUT,2025-10-24T11:58:00+05:30,2025-10-24T12:06:00+05:30,25824.10,25836.75,-12.65,8m0s,"1m PUT entry: EMA6(2583075) EMA9(2583217) < MA21(2583325), close=2582410","1m PUT exit: EMA6(2582922) crossed above EMA9(2582838), close=2583675"
725,CALL,2025-10-24T12:08:00+05:30,2025-10-24T12:18:00+05:30,25844.55,25842.10,-2.45,10m0s,"1m CALL entry: EMA6(2583604) EMA9(2583366) > MA21(2583180), close=2584455","1m CALL exit: EMA6(2584429) crossed below EMA9(2584433), close=2584210"
726,CALL,2025-10-24T12:22:00+05:30,2025-10-24T12:29:00+05:30,25850.80,25843.55,-7.25,7m0s,"1m CALL re-entry: EMA6(2584434) EMA9(2584403) > MA21(2584127), close=2585080","1m CALL exit: EMA6(2585133) crossed below EMA9(2585158), close=2584355"
727,PUT,2025-10-24T12:30:00+05:30,2025-10-24T12:38:00+05:30,25838.55,25847.15,-8.60,8m0s,"1m PUT entry: EMA6(2584768) EMA9(2584897) < MA21(2584927), close=2583855","1m PUT exit: EMA6(2584255) crossed above EMA9(2584250), close=2584715"
728,PUT,2025-10-24T12:41:00+05:30,2025-10-24T13:04:00+05:30,25837.40,25822.90,14.50,23m0s,"1m PUT re-entry: EMA6(2584236) EMA9(2584262) < MA21(2584626), close=2583740","1m PUT exit: EMA6(2581773) crossed above EMA9(2581729), close=2582290"
729,PUT,2025-10-24T13:06:00+05:30,2025-10-24T13:08:00+05:30,25807.90,25820.95,-13.05,2m0s,"1m PUT re-entry: EMA6(2581502) EMA9(2581556) < MA21(2581961), close=2580790","1m PUT exit: EMA6(2581655) crossed above EMA9(2581642), close=2582095"
730,CALL,2025-10-24T13:10:00+05:30,2025-10-24T13:18:00+05:30,25815.60,25807.40,-8.20,8m0s,"1m CALL entry: EMA6(2581646) EMA9(2581642) > MA21(2581574), close=2581560","1m CALL exit: EMA6(2581776) crossed below EMA9(2581851), close=2580740"
731,PUT,2025-10-24T13:19:00+05:30,2025-10-24T13:55:00+05:30,25810.50,25747.25,63.25,36m0s,"1m PUT entry: EMA6(2581569) EMA9(2581691) < MA21(2581731), close=2581050","1m PUT exit: EMA6(2573742) crossed above EMA9(2573626), close=2574725"
732,PUT,2025-10-24T13:57:00+05:30,2025-10-24T15:00:00+05:30,25729.95,25763.85,-33.90,1h3m0s,"1m PUT entry: EMA6(2573634) EMA9(2573601) < MA21(2573652), close=2572995","1m PUT exit: EMA6(2575023) crossed above EMA9(2574912), close=2576385"
733,PUT,2025-10-24T15:24:00+05:30,2025-10-24T15:26:00+05:30,25796.45,25803.45,-7.00,2m0s,"1m PUT entry: EMA6(2579819) EMA9(2579855) < MA21(2579877), close=2579645","1m PUT exit: EMA6(2579990) crossed above EMA9(2579963), close=2580345"
734,PUT,2025-10-24T15:28:00+05:30,2025-10-24T15:29:00+05:30,25795.50,25797.45,-1.95,1m0s,"1m PUT entry: EMA6(2579903) EMA9(2579915) < MA21(2579939), close=2579550",end of day (15:29 close)
735,PUT,2025-10-27T10:01:00+05:30,2025-10-27T10:06:00+05:30,25930.80,25959.00,-28.20,5m0s,"1m PUT entry: EMA6(2593523) EMA9(2593538) < MA21(2593624), close=2593080","1m PUT exit: EMA6(2593976) crossed above EMA9(2593790), close=2595900"
736,PUT,2025-10-27T10:33:00+05:30,2025-10-27T10:43:00+05:30,25967.70,25962.10,5.60,10m0s,"1m PUT entry: EMA6(2596636) EMA9(2596689) < MA21(2596715), close=2596770","1m PUT exit: EMA6(2596072) crossed above EMA9(2596056), close=2596210"
737,CALL,2025-10-27T10:47:00+05:30,2025-10-27T10:49:00+05:30,25964.40,25956.85,-7.55,2m0s,"1m CALL entry: EMA6(2596301) EMA9(2596245) > MA21(2596219), close=2596440","1m CALL exit: EMA6(2596099) crossed below EMA9(2596121), close=2595685"
738,CALL,2025-10-27T10:50:00+05:30,2025-10-27T11:16:00+05:30,25961.60,25965.80,4.20,26m0s,"1m CALL entry: EMA6(2596117) EMA9(2596129) > MA21(2596097), close=2596160","1m CALL exit: EMA6(2597241) crossed below EMA9(2597248), close=2596580"
739,PUT,2025-10-27T11:19:00+05:30,2025-10-27T11:22:00+05:30,25968.20,25975.75,-7.55,3m0s,"1m PUT entry: EMA6(2596964) EMA9(2597029) < MA21(2597107), close=2596820","1m PUT exit: EMA6(2597243) crossed above EMA9(2597207), close=2597575"
740,PUT,2025-10-27T11:37:00+05:30,2025-10-27T11:51:00+05:30,25973.40,25966.95,6.45,14m0s,"1m PUT entry: EMA6(2597423) EMA9(2597459) < MA21(2597474), close=2597340","1m PUT exit: EMA6(2596225) crossed above EMA9(2596209), close=2596695"
741,CALL,2025-10-27T11:54:00+05:30,2025-10-27T12:18:00+05:30,25971.10,25989.60,18.50,24m0s,"1m CALL entry: EMA6(2596730) EMA9(2596601) > MA21(2596544), close=2597110","1m CALL exit: EMA6(2599447) crossed below EMA9(2599489), close=2598960"
742,CALL,2025-10-27T12:46:00+05:30,2025-10-27T12:48:00+05:30,25977.80,25969.95,-7.85,2m0s,"1m CALL entry: EMA6(2597527) EMA9(2597503) > MA21(2597488), close=2597780","1m CALL exit: EMA6(2597356) crossed below EMA9(2597390), close=2596995"
743,PUT,2025-10-27T12:49:00+05:30,2025-10-27T12:54:00+05:30,25964.70,25976.95,-12.25,5m0s,"1m PUT entry: EMA6(2597103) EMA9(2597206) < MA21(2597262), close=2596470","1m PUT exit: EMA6(2597180) crossed above EMA9(2597167), close=2597695"
744,CALL,2025-10-27T12:56:00+05:30,2025-10-27T13:01:00+05:30,25977.40,25970.95,-6.45,5m0s,"1m CALL entry: EMA6(2597436) EMA9(2597359) > MA21(2597313), close=2597740","1m CALL exit: EMA6(2597374) crossed below EMA9(2597377), close=2597095"
745,CALL,2025-10-27T13:03:00+05:30,2025-10-27T14:10:00+05:30,25974.05,25950.55,-23.50,1h7m0s,"1m CALL entry: EMA6(2597304) EMA9(2597320) > MA21(2597303), close=2597405","1m CALL exit: EMA6(2595604) crossed below EMA9(2595637), close=2595055"
746,CALL,2025-10-27T14:18:00+05:30,2025-10-27T14:39:00+05:30,25977.70,25969.35,-8.35,21m0s,"1m CALL entry: EMA6(2596146) EMA9(2595849) > MA21(2595535), close=2597770","1m CALL exit: EMA6(2597474) crossed below EMA9(2597538), close=2596935"
747,PUT,2025-10-27T14:41:00+05:30,2025-10-27T14:58:00+05:30,25970.15,25954.30,15.85,17m0s,"1m PUT entry: EMA6(2597262) EMA9(2597359) < MA21(2597464), close=2597015","1m PUT exit: EMA6(2595126) crossed above EMA9(2595104), close=2595430"
748,CALL,2025-10-27T15:00:00+05:30,2025-10-27T15:04:00+05:30,25967.40,25948.50,-18.90,4m0s,"1m CALL entry: EMA6(2595729) EMA9(2595545) > MA21(2595432), close=2596740","1m CALL exit: EMA6(2595418) crossed below EMA9(2595442), close=2594850"
749,CALL,2025-10-27T15:08:00+05:30,2025-10-27T15:29:00+05:30,25966.30,25974.00,7.70,21m0s,"1m CALL re-entry: EMA6(2595730) EMA9(2595635) > MA21(2595184), close=2596630",end of day (15:29 close)
750,PUT,2025-10-28T09:21:00+05:30,2025-10-28T09:23:00+05:30,25962.90,25995.05,-32.15,2m0s,"1m PUT entry: EMA6(2597024) EMA9(2597224) < MA21(2597237), close=2596290","1m PUT exit: EMA6(2597921) crossed above EMA9(2597796), close=2599505"
751,PUT,2025-10-28T09:28:00+05:30,2025-10-28T10:44:00+05:30,25978.50,25891.15,87.35,1h16m0s,"1m PUT entry: EMA6(2597660) EMA9(2597656) < MA21(2597662), close=2597850","1m PUT exit: EMA6(2588476) crossed above EMA9(2588400), close=2589115"
752,CALL,2025-10-28T10:46:00+05:30,2025-10-28T10:50:00+05:30,25898.95,25880.15,-18.80,4m0s,"1m CALL entry: EMA6(2589048) EMA9(2588842) > MA21(2588649), close=2589895","1m CALL exit: EMA6(2588631) crossed below EMA9(2588643), close=2588015"
753,PUT,2025-10-28T10:53:00+05:30,2025-10-28T11:18:00+05:30,25873.40,25862.25,11.15,25m0s,"1m PUT entry: EMA6(2587880) EMA9(2588062) < MA21(2588235), close=2587340","1m PUT exit: EMA6(2585447) crossed above EMA9(2585374), close=2586225"
754,CALL,2025-10-28T11:40:00+05:30,2025-10-28T11:45:00+05:30,25886.35,25873.10,-13.25,5m0s,"1m CALL re-entry: EMA6(2588105) EMA9(2588049) > MA21(2587928), close=2588635","1m CALL exit: EMA6(2588036) crossed below EMA9(2588088), close=2587310"
755,CALL,2025-10-28T11:49:00+05:30,2025-10-28T11:54:00+05:30,25887.50,25877.05,-10.45,5m0s,"1m CALL entry: EMA6(2588370) EMA9(2588290) > MA21(2588213), close=2588750","1m CALL exit: EMA6(2588501) crossed below EMA9(2588507), close=2587705"
756,PUT,2025-10-28T11:56:00+05:30,2025-10-28T12:18:00+05:30,25863.90,25850.55,13.35,22m0s,"1m PUT entry: EMA6(2587636) EMA9(2587878) < MA21(2588191), close=2586390","1m PUT exit: EMA6(2584196) crossed above EMA9(2584117), close=2585055"
757,CALL,2025-10-28T12:19:00+05:30,2025-10-28T13:04:00+05:30,25851.75,25919.15,67.40,45m0s,"1m CALL entry: EMA6(2584476) EMA9(2584329) > MA21(2584156), close=2585175","1m CALL exit: EMA6(2593413) crossed below EMA9(2593466), close=2591915"
758,PUT,2025-10-28T13:05:00+05:30,2025-10-28T13:08:00+05:30,25911.45,25939.15,-27.70,3m0s,"1m PUT entry: EMA6(2592765) EMA9(2593001) < MA21(2593273), close=2591145","1m PUT exit: EMA6(2593198) crossed above EMA9(2593194), close=2593915"
759,CALL,2025-10-28T13:09:00+05:30,2025-10-28T13:13:00+05:30,25940.85,25927.35,-13.50,4m0s,"1m CALL entry: EMA6(2593452) EMA9(2593373) > MA21(2593335), close=2594085","1m CALL exit: EMA6(2593235) crossed below EMA9(2593279), close=2592735"
760,CALL,2025-10-28T13:24:00+05:30,2025-10-28T13:36:00+05:30,25939.50,25933.15,-6.35,12m0s,"1m CALL entry: EMA6(2592833) EMA9(2592722) > MA21(2592675), close=2593950","1m CALL exit: EMA6(2593955) crossed below EMA9(2594013), close=2593315"
761,PUT,2025-10-28T13:38:00+05:30,2025-10-28T14:00:00+05:30,25925.70,25894.25,31.45,22m0s,"1m PUT entry: EMA6(2593285) EMA9(2593500) < MA21(2593653), close=2592570","1m PUT exit: EMA6(2588203) crossed above EMA9(2588107), close=2589425"
762,PUT,2025-10-28T14:01:00+05:30,2025-10-28T14:15:00+05:30,25872.90,25873.20,-0.30,14m0s,"1m PUT re-entry: EMA6(2587942) EMA9(2587943) < MA21(2588227), close=2587290","1m PUT exit: EMA6(2586243) crossed above EMA9(2586149), close=2587320"
763,PUT,2025-10-28T14:17:00+05:30,2025-10-28T14:36:00+05:30,25853.05,25842.00,11.05,19m0s,"1m PUT re-entry: EMA6(2585927) EMA9(2585958) < MA21(2586394), close=2585305","1m PUT exit: EMA6(2583538) crossed above EMA9(2583460), close=2584200"
764,PUT,2025-10-28T14:38:00+05:30,2025-10-28T14:40:00+05:30,25827.80,25842.45,-14.65,2m0s,"1m PUT re-entry: EMA6(2583194) EMA9(2583237) < MA21(2583622), close=2582780","1m PUT exit: EMA6(2583519) crossed above EMA9(2583451), close=2584245"
765,CALL,2025-10-28T14:41:00+05:30,2025-10-28T14:44:00+05:30,25836.05,25826.75,-9.30,3m0s,"1m CALL entry: EMA6(2583544) EMA9(2583482) > MA21(2583405), close=2583605","1m CALL exit: EMA6(2583217) crossed below EMA9(2583273), close=2582675"
766,CALL,2025-10-28T14:45:00+05:30,2025-10-28T14:49:00+05:30,25849.70,25817.75,-31.95,4m0s,"1m CALL re-entry: EMA6(2583718) EMA9(2583612) > MA21(2583120), close=2584970","1m CALL exit: EMA6(2583144) crossed below EMA9(2583300), close=2581775"
767,CALL,2025-10-28T14:56:00+05:30,2025-10-28T15:29:00+05:30,25853.75,25965.40,111.65,33m0s,"1m CALL entry: EMA6(2583958) EMA9(2583756) > MA21(2583499), close=2585375",end of day (15:29 close)
768,PUT,2025-10-29T09:36:00+05:30,2025-10-29T09:46:00+05:30,25974.15,25989.95,-15.80,10m0s,"1m PUT entry: EMA6(2599154) EMA9(2599470) < MA21(2599594), close=2597415","1m PUT exit: EMA6(2597948) crossed above EMA9(2597868), close=2598995"
769,PUT,2025-10-29T09:48:00+05:30,2025-10-29T09:51:00+05:30,25969.80,25987.15,-17.35,3m0s,"1m PUT re-entry: EMA6(2597785) EMA9(2597792) < MA21(2598615), close=2596980","1m PUT exit: EMA6(2597797) crossed above EMA9(2597763), close=2598715"
770,CALL,2025-10-29T09:52:00+05:30,2025-10-29T10:17:00+05:30,25984.95,25994.15,9.20,25m0s,"1m CALL entry: EMA6(2597996) EMA9(2597909) > MA21(2597896), close=2598495","1m CALL exit: EMA6(2599860) crossed below EMA9(2599909), close=2599415"
771,PUT,2025-10-29T10:19:00+05:30,2025-10-29T10:22:00+05:30,25987.95,26003.65,-15.70,3m0s,"1m PUT entry: EMA6(2599486) EMA9(2599624) < MA21(2599801), close=2598795","1m PUT exit: EMA6(2599886) crossed above EMA9(2599855), close=2600365"
772,CALL,2025-10-29T10:23:00+05:30,2025-10-29T10:42:00+05:30,26015.55,26041.55,26.00,19m0s,"1m CALL entry: EMA6(2600363) EMA9(2600195) > MA21(2599948), close=2601555","1m CALL exit: EMA6(2604560) crossed below EMA9(2604590), close=2604155"
773,CALL,2025-10-29T10:43:00+05:30,2025-10-29T10:44:00+05:30,26048.75,26046.15,-2.60,1m0s,"1m CALL re-entry: EMA6(2604650) EMA9(2604647) > MA21(2604130), close=2604875","1m CALL exit: EMA6(2604640) crossed below EMA9(2604641), close=2604615"
774,CALL,2025-10-29T10:45:00+05:30,2025-10-29T10:47:00+05:30,26048.95,26045.50,-3.45,2m0s,"1m CALL re-entry: EMA6(2604713) EMA9(2604691) > MA21(2604451), close=2604895","1m CALL exit: EMA6(2604662) crossed below EMA9(2604663), close=2604550"
775,PUT,2025-10-29T11:03:00+05:30,2025-10-29T11:10:00+05:30,26033.65,26038.00,-4.35,7m0s,"1m PUT entry: EMA6(2603748) EMA9(2603745) < MA21(2603818), close=2603365","1m PUT exit: EMA6(2603624) crossed above EMA9(2603622), close=2603800"
776,PUT,2025-10-29T11:13:00+05:30,2025-10-29T11:22:00+05:30,26020.25,26032.45,-12.20,9m0s,"1m PUT entry: EMA6(2603131) EMA9(2603286) < MA21(2603485), close=2602025","1m PUT exit: EMA6(2602497) crossed above EMA9(2602490), close=2603245"
777,CALL,2025-10-29T11:25:00+05:30,2025-10-29T11:35:00+05:30,26043.50,26035.70,-7.80,10m0s,"1m CALL entry: EMA6(2603397) EMA9(2603169) > MA21(2602971), close=2604350","1m CALL exit: EMA6(2603828) crossed below EMA9(2603836), close=2603570"
778,CALL,2025-10-29T11:39:00+05:30,2025-10-29T11:48:00+05:30,26041.50,26038.20,-3.30,9m0s,"1m CALL re-entry: EMA6(2603763) EMA9(2603754) > MA21(2603631), close=2604150","1m CALL exit: EMA6(2604384) crossed below EMA9(2604394), close=2603820"
779,PUT,2025-10-29T11:52:00+05:30,2025-10-29T12:04:00+05:30,26033.75,26045.60,-11.85,12m0s,"1m PUT entry: EMA6(2603860) EMA9(2603983) < MA21(2604091), close=2603375","1m PUT exit: EMA6(2603583) crossed above EMA9(2603521), close=2604560"
780,CALL,2025-10-29T12:05:00+05:30,2025-10-29T12:22:00+05:30,26055.40,26054.55,-0.85,17m0s,"1m CALL entry: EMA6(2604142) EMA9(2603925) > MA21(2603756), close=2605540","1m CALL exit: EMA6(2605584) crossed below EMA9(2605587), close=2605455"
781,PUT,2025-10-29T12:24:00+05:30,2025-10-29T12:26:00+05:30,26049.75,26059.40,-9.65,2m0s,"1m PUT entry: EMA6(2605416) EMA9(2605469) < MA21(2605546), close=2604975","1m PUT exit: EMA6(2605525) crossed above EMA9(2605523), close=2605940"
782,CALL,2025-10-29T12:28:00+05:30,2025-10-29T12:53:00+05:30,26066.95,26069.35,2.40,25m0s,"1m CALL entry: EMA6(2605931) EMA9(2605814) > MA21(2605711), close=2606695","1m CALL exit: EMA6(2607365) crossed below EMA9(2607384), close=2606935"
783,PUT,2025-10-29T12:58:00+05:30,2025-10-29T13:01:00+05:30,26068.50,26073.25,-4.75,3m0s,"1m PUT entry: EMA6(2607076) EMA9(2607140) < MA21(2607210), close=2606850","1m PUT exit: EMA6(2607255) crossed above EMA9(2607247), close=2607325"
784,PUT,2025-10-29T13:02:00+05:30,2025-10-29T13:08:00+05:30,26064.40,26071.90,-7.50,6m0s,"1m PUT re-entry: EMA6(2607022) EMA9(2607086) < MA21(2607337), close=2606440","1m PUT exit: EMA6(2606861) crossed above EMA9(2606836), close=2607190"
785,CALL,2025-10-29T13:10:00+05:30,2025-10-29T13:21:00+05:30,26078.15,26073.05,-5.10,11m0s,"1m CALL entry: EMA6(2607309) EMA9(2607173) > MA21(2607038), close=2607815","1m CALL exit: EMA6(2607806) crossed below EMA9(2607817), close=2607305"
786,CALL,2025-10-29T13:23:00+05:30,2025-10-29T13:26:00+05:30,26082.50,26075.10,-7.40,3m0s,"1m CALL re-entry: EMA6(2607909) EMA9(2607883) > MA21(2607547), close=2608250","1m CALL exit: EMA6(2607802) crossed below EMA9(2607822), close=2607510"
787,PUT,2025-10-29T13:27:00+05:30,2025-10-29T13:32:00+05:30,26072.20,26084.95,-12.75,5m0s,"1m PUT entry: EMA6(2607636) EMA9(2607702) < MA21(2607824), close=2607220","1m PUT exit: EMA6(2607822) crossed above EMA9(2607744), close=2608495"
788,CALL,2025-10-29T13:33:00+05:30,2025-10-29T13:43:00+05:30,26089.25,26078.45,-10.80,10m0s,"1m CALL entry: EMA6(2608137) EMA9(2607980) > MA21(2607836), close=2608925","1m CALL exit: EMA6(2608447) crossed below EMA9(2608496), close=2607845"
789,PUT,2025-10-29T13:45:00+05:30,2025-10-29T14:14:00+05:30,26070.55,26052.85,17.70,29m0s,"1m PUT entry: EMA6(2607795) EMA9(2608001) < MA21(2608148), close=2607055","1m PUT exit: EMA6(2605002) crossed above EMA9(2604981), close=2605285"
790,CALL,2025-10-29T14:16:00+05:30,2025-10-29T14:22:00+05:30,26069.15,26050.10,-19.05,6m0s,"1m CALL entry: EMA6(2605611) EMA9(2605421) > MA21(2605324), close=2606915","1m CALL exit: EMA6(2605810) crossed below EMA9(2605876), close=2605010"
791,PUT,2025-10-29T14:26:00+05:30,2025-10-29T14:30:00+05:30,26050.90,26060.40,-9.50,4m0s,"1m PUT entry: EMA6(2605277) EMA9(2605417) < MA21(2605424), close=2605090","1m PUT exit: EMA6(2605598) crossed above EMA9(2605560), close=2606040"
792,CALL,2025-10-29T14:31:00+05:30,2025-10-29T14:35:00+05:30,26064.55,26048.35,-16.20,4m0s,"1m CALL entry: EMA6(2605843) EMA9(2605739) > MA21(2605736), close=2606455","1m CALL exit: EMA6(2605574) crossed below EMA9(2605623), close=2604835"
793,CALL,2025-10-29T14:39:00+05:30,2025-10-29T14:43:00+05:30,26059.50,26052.30,-7.20,4m0s,"1m CALL entry: EMA6(2605721) EMA9(2605696) > MA21(2605624), close=2605950","1m CALL exit: EMA6(2605767) crossed below EMA9(2605767), close=2605230"
794,PUT,2025-10-29T14:45:00+05:30,2025-10-29T14:59:00+05:30,26051.45,26045.90,5.55,14m0s,"1m PUT entry: EMA6(2605550) EMA9(2605612) < MA21(2605636), close=2605145","1m PUT exit: EMA6(2604234) crossed above EMA9(2604211), close=2604590"
795,CALL,2025-10-29T15:02:00+05:30,2025-10-29T15:04:00+05:30,26042.85,26040.50,-2.35,2m0s,"1m CALL entry: EMA6(2604314) EMA9(2604285) > MA21(2604285), close=2604285","1m CALL exit: EMA6(2604231) crossed below EMA9(2604236), close=2604050"
796,CALL,2025-10-29T15:06:00+05:30,2025-10-29T15:09:00+05:30,26043.05,26039.30,-3.75,3m0s,"1m CALL re-entry: EMA6(2604240) EMA9(2604240) > MA21(2604027), close=2604305","1m CALL exit: EMA6(2604195) crossed below EMA9(2604216), close=2603930"
797,PUT,2025-10-29T15:10:00+05:30,2025-10-29T15:11:00+05:30,26041.95,26043.75,-1.80,1m0s,"1m PUT entry: EMA6(2604195) EMA9(2604212) < MA21(2604238), close=2604195","1m PUT exit: EMA6(2604247) crossed above EMA9(2604245), close=2604375"
798,PUT,2025-10-29T15:12:00+05:30,2025-10-29T15:14:00+05:30,26041.35,26043.55,-2.20,2m0s,"1m PUT entry: EMA6(2604215) EMA9(2604223) < MA21(2604226), close=2604135","1m PUT exit: EMA6(2604223) crossed above EMA9(2604223), close=2604355"
799,PUT,2025-10-30T09:15:00+05:30,2025-10-30T09:51:00+05:30,25988.30,25931.90,56.40,36m0s,"1m PUT entry: EMA6(2604471) EMA9(2605028) < MA21(2605404), close=2598830","1m PUT exit: EMA6(2592931) crossed above EMA9(2592912), close=2593190"
800,PUT,2025-10-30T09:52:00+05:30,2025-10-30T10:05:00+05:30,25916.35,25931.20,-14.85,13m0s,"1m PUT re-entry: EMA6(2592561) EMA9(2592657) < MA21(2593175), close=2591635","1m PUT exit: EMA6(2591641) crossed above EMA9(2591464), close=2593120"
801,CALL,2025-10-30T10:06:00+05:30,2025-10-30T10:19:00+05:30,25935.15,25929.65,-5.50,13m0s,"1m CALL entry: EMA6(2592176) EMA9(2591874) > MA21(2591584), close=2593515","1m CALL exit: EMA6(2594444) crossed below EMA9(2594492), close=2592965"
802,CALL,2025-10-30T10:22:00+05:30,2025-10-30T10:29:00+05:30,25952.60,25938.05,-14.55,7m0s,"1m CALL re-entry: EMA6(2594562) EMA9(2594526) > MA21(2594066), close=2595260","1m CALL exit: EMA6(2594669) crossed below EMA9(2594736), close=2593805"
803,PUT,2025-10-30T10:54:00+05:30,2025-10-30T11:03:00+05:30,25920.10,25927.10,-7.00,9m0s,"1m PUT entry: EMA6(2592384) EMA9(2592382) < MA21(2592502), close=2592010","1m PUT exit: EMA6(2592256) crossed above EMA9(2592249), close=2592710"
804,PUT,2025-10-30T11:31:00+05:30,2025-10-30T12:06:00+05:30,25945.20,25921.85,23.35,35m0s,"1m PUT entry: EMA6(2595289) EMA9(2595493) < MA21(2595705), close=2594520","1m PUT exit: EMA6(2591530) crossed above EMA9(2591460), close=2592185"
805,PUT,2025-10-30T12:09:00+05:30,2025-10-30T12:12:00+05:30,25910.85,25917.00,-6.15,3m0s,"1m PUT re-entry: EMA6(2591360) EMA9(2591377) < MA21(2591563), close=2591085","1m PUT exit: EMA6(2591414) crossed above EMA9(2591403), close=2591700"
806,PUT,2025-10-30T12:18:00+05:30,2025-10-30T12:24:00+05:30,25906.70,25921.00,-14.30,6m0s,"1m PUT entry: EMA6(2591103) EMA9(2591170) < MA21(2591198), close=2590670","1m PUT exit: EMA6(2591162) crossed above EMA9(2591069), close=2592100"
807,CALL,2025-10-30T12:25:00+05:30,2025-10-30T12:31:00+05:30,25920.95,25909.45,-11.50,6m0s,"1m CALL entry: EMA6(2591429) EMA9(2591274) > MA21(2591210), close=2592095","1m CALL exit: EMA6(2591458) crossed below EMA9(2591495), close=2590945"
808,PUT,2025-10-30T12:33:00+05:30,2025-10-30T12:37:00+05:30,25905.15,25921.55,-16.40,4m0s,"1m PUT entry: EMA6(2590973) EMA9(2591124) < MA21(2591200), close=2590515","1m PUT exit: EMA6(2591418) crossed above EMA9(2591361), close=2592155"
809,PUT,2025-10-30T12:55:00+05:30,2025-10-30T13:05:00+05:30,25917.85,25917.00,0.85,10m0s,"1m PUT entry: EMA6(2591858) EMA9(2591887) < MA21(2591933), close=2591785","1m PUT exit: EMA6(2591095) crossed above EMA9(2591090), close=2591700"
810,PUT,2025-10-30T13:08:00+05:30,2025-10-30T13:10:00+05:30,25905.20,25915.05,-9.85,2m0s,"1m PUT re-entry: EMA6(2591140) EMA9(2591151) < MA21(2591355), close=2590520","1m PUT exit: EMA6(2591216) crossed above EMA9(2591197), close=2591505"
811,CALL,2025-10-30T13:12:00+05:30,2025-10-30T13:23:00+05:30,25917.65,25908.80,-8.85,11m0s,"1m CALL entry: EMA6(2591396) EMA9(2591332) > MA21(2591237), close=2591765","1m CALL exit: EMA6(2591954) crossed below EMA9(2592013), close=2590880"
812,PUT,2025-10-30T13:24:00+05:30,2025-10-30T13:52:00+05:30,25905.35,25881.10,24.25,28m0s,"1m PUT entry: EMA6(2591549) EMA9(2591717) < MA21(2591773), close=2590535","1m PUT exit: EMA6(2587743) crossed above EMA9(2587732), close=2588110"
813,CALL,2025-10-30T13:54:00+05:30,2025-10-30T13:56:00+05:30,25882.45,25869.80,-12.65,2m0s,"1m CALL entry: EMA6(2587909) EMA9(2587854) > MA21(2587796), close=2588245","1m CALL exit: EMA6(2587645) crossed below EMA9(2587689), close=2586980"
814,CALL,2025-10-30T13:59:00+05:30,2025-10-30T14:04:00+05:30,25889.00,25878.35,-10.65,5m0s,"1m CALL entry: EMA6(2588090) EMA9(2587974) > MA21(2587812), close=2588900","1m CALL exit: EMA6(2587981) crossed below EMA9(2587989), close=2587835"
815,PUT,2025-10-30T14:09:00+05:30,2025-10-30T14:13:00+05:30,25874.75,25883.80,-9.05,4m0s,"1m PUT entry: EMA6(2587707) EMA9(2587773) < MA21(2587848), close=2587475","1m PUT exit: EMA6(2587864) crossed above EMA9(2587840), close=2588380"
816,CALL,2025-10-30T14:14:00+05:30,2025-10-30T14:18:00+05:30,25889.35,25874.95,-14.40,4m0s,"1m CALL entry: EMA6(2588170) EMA9(2588059) > MA21(2587938), close=2588935","1m CALL exit: EMA6(2587876) crossed below EMA9(2587918), close=2587495"
817,CALL,2025-10-30T14:20:00+05:30,2025-10-30T14:33:00+05:30,25889.35,25882.00,-7.35,13m0s,"1m CALL entry: EMA6(2588264) EMA9(2588182) > MA21(2588006), close=2588935","1m CALL exit: EMA6(2589502) crossed below EMA9(2589588), close=2588200"
818,PUT,2025-10-30T14:34:00+05:30,2025-10-30T14:44:00+05:30,25877.15,25904.60,-27.45,10m0s,"1m PUT entry: EMA6(2588991) EMA9(2589213) < MA21(2589318), close=2587715","1m PUT exit: EMA6(2589558) crossed above EMA9(2589462), close=2590460"
819,CALL,2025-10-30T14:45:00+05:30,2025-10-30T14:47:00+05:30,25903.35,25879.80,-23.55,2m0s,"1m CALL entry: EMA6(2589780) EMA9(2589636) > MA21(2589517), close=2590335","1m CALL exit: EMA6(2589062) crossed below EMA9(2589168), close=2587980"
820,PUT,2025-10-30T15:04:00+05:30,2025-10-30T15:07:00+05:30,25863.55,25872.20,-8.65,3m0s,"1m PUT re-entry: EMA6(2586985) EMA9(2587004) < MA21(2587412), close=2586355","1m PUT exit: EMA6(2587064) crossed above EMA9(2587048), close=2587220"
821,CALL,2025-10-30T15:11:00+05:30,2025-10-30T15:29:00+05:30,25873.90,25891.20,17.30,18m0s,"1m CALL entry: EMA6(2586918) EMA9(2586919) > MA21(2586770), close=2587390",end of day (15:29 close)
822,CALL,2025-10-31T09:25:00+05:30,2025-10-31T09:44:00+05:30,25914.10,25926.65,12.55,19m0s,"1m CALL entry: EMA6(2588643) EMA9(2588074) > MA21(2587565), close=2591410","1m CALL exit: EMA6(2593274) crossed below EMA9(2593329), close=2592665"
823,PUT,2025-10-31T09:46:00+05:30,2025-10-31T09:58:00+05:30,25918.60,25932.80,-14.20,12m0s,"1m PUT entry: EMA6(2592634) EMA9(2592842) < MA21(2593032), close=2591860","1m PUT exit: EMA6(2592484) crossed above EMA9(2592451), close=2593280"
824,PUT,2025-10-31T10:00:00+05:30,2025-10-31T10:44:00+05:30,25919.05,25818.75,100.30,44m0s,"1m PUT re-entry: EMA6(2592312) EMA9(2592342) < MA21(2592559), close=2591905","1m PUT exit: EMA6(2580949) crossed above EMA9(2580857), close=2581875"
825,CALL,2025-10-31T10:46:00+05:30,2025-10-31T10:53:00+05:30,25825.45,25811.05,-14.40,7m0s,"1m CALL entry: EMA6(2581694) EMA9(2581436) > MA21(2581342), close=2582545","1m CALL exit: EMA6(2581605) crossed below EMA9(2581645), close=2581105"
826,PUT,2025-10-31T10:57:00+05:30,2025-10-31T11:19:00+05:30,25802.65,25787.45,15.20,22m0s,"1m PUT entry: EMA6(2580719) EMA9(2580917) < MA21(2581069), close=2580265","1m PUT exit: EMA6(2578102) crossed above EMA9(2578038), close=2578745"
827,PUT,2025-10-31T11:31:00+05:30,2025-10-31T11:33:00+05:30,25779.70,25790.85,-11.15,2m0s,"1m PUT entry: EMA6(2578045) EMA9(2578151) < MA21(2578174), close=2577970","1m PUT exit: EMA6(2578401) crossed above EMA9(2578367), close=2579085"
828,CALL,2025-10-31T11:51:00+05:30,2025-10-31T12:13:00+05:30,25801.55,25800.90,-0.65,22m0s,"1m CALL re-entry: EMA6(2579841) EMA9(2579823) > MA21(2579636), close=2580155","1m CALL exit: EMA6(2581719) crossed below EMA9(2581840), close=2580090"
829,CALL,2025-10-31T12:40:00+05:30,2025-10-31T12:46:00+05:30,25796.85,25786.65,-10.20,6m0s,"1m CALL entry: EMA6(2579490) EMA9(2579400) > MA21(2579279), close=2579685","1m CALL exit: EMA6(2579311) crossed below EMA9(2579381), close=2578665"
830,PUT,2025-10-31T12:48:00+05:30,2025-10-31T12:50:00+05:30,25789.90,25798.50,-8.60,2m0s,"1m PUT entry: EMA6(2579135) EMA9(2579226) < MA21(2579238), close=2578990","1m PUT exit: EMA6(2579333) crossed above EMA9(2579331), close=2579850"
831,PUT,2025-10-31T12:52:00+05:30,2025-10-31T12:55:00+05:30,25789.85,25797.60,-7.75,3m0s,"1m PUT entry: EMA6(2579256) EMA9(2579279) < MA21(2579349), close=2578985","1m PUT exit: EMA6(2579331) crossed above EMA9(2579310), close=2579760"
832,CALL,2025-10-31T12:56:00+05:30,2025-10-31T13:14:00+05:30,25798.35,25800.65,2.30,18m0s,"1m CALL entry: EMA6(2579475) EMA9(2579415) > MA21(2579401), close=2579835","1m CALL exit: EMA6(2580595) crossed below EMA9(2580658), close=2580065"
833,PUT,2025-10-31T13:16:00+05:30,2025-10-31T13:19:00+05:30,25803.40,25808.35,-4.95,3m0s,"1m PUT entry: EMA6(2580447) EMA9(2580525) < MA21(2580546), close=2580340","1m PUT exit: EMA6(2580598) crossed above EMA9(2580594), close=2580835"
834,PUT,2025-10-31T13:21:00+05:30,2025-10-31T13:54:00+05:30,25801.85,25769.25,32.60,33m0s,"1m PUT re-entry: EMA6(2580491) EMA9(2580521) < MA21(2580694), close=2580185","1m PUT exit: EMA6(2576527) crossed above EMA9(2576502), close=2576925"
835,CALL,2025-10-31T13:55:00+05:30,2025-10-31T14:07:00+05:30,25775.00,25768.05,-6.95,12m0s,"1m CALL entry: EMA6(2576805) EMA9(2576702) > MA21(2576610), close=2577500","1m CALL exit: EMA6(2577387) crossed below EMA9(2577453), close=2576805"
836,PUT,2025-10-31T14:11:00+05:30,2025-10-31T14:14:00+05:30,25772.35,25777.40,-5.05,3m0s,"1m PUT entry: EMA6(2577257) EMA9(2577311) < MA21(2577370), close=2577235","1m PUT exit: EMA6(2577460) crossed above EMA9(2577430), close=2577740"
837,PUT,2025-10-31T14:16:00+05:30,2025-10-31T14:26:00+05:30,25769.55,25769.75,-0.20,10m0s,"1m PUT re-entry: EMA6(2577273) EMA9(2577306) < MA21(2577510), close=2576955","1m PUT exit: EMA6(2576327) crossed above EMA9(2576303), close=2576975"
838,CALL,2025-10-31T14:28:00+05:30,2025-10-31T14:37:00+05:30,25778.35,25762.80,-15.55,9m0s,"1m CALL entry: EMA6(2577049) EMA9(2576842) > MA21(2576695), close=2577835","1m CALL exit: EMA6(2577224) crossed below EMA9(2577328), close=2576280"
839,CALL,2025-10-31T14:42:00+05:30,2025-10-31T14:45:00+05:30,25780.70,25771.40,-9.30,3m0s,"1m CALL re-entry: EMA6(2577569) EMA9(2577514) > MA21(2577299), close=2578070","1m CALL exit: EMA6(2577418) crossed below EMA9(2577433), close=2577140"
840,CALL,2025-10-31T15:24:00+05:30,2025-10-31T15:29:00+05:30,25728.35,25732.55,4.20,5m0s,"1m CALL entry: EMA6(2572133) EMA9(2572058) > MA21(2572012), close=2572835",end of day (15:29 close)
841,PUT,2025-11-03T09:16:00+05:30,2025-11-03T09:36:00+05:30,25673.90,25696.50,-22.60,20m0s,"1m PUT entry: EMA6(2570885) EMA9(2571315) < MA21(2571858), close=2567390","1m PUT exit: EMA6(2567501) crossed above EMA9(2567331), close=2569650"
842,CALL,2025-11-03T09:37:00+05:30,2025-11-03T10:02:00+05:30,25690.05,25732.95,42.90,25m0s,"1m CALL entry: EMA6(2567931) EMA9(2567666) > MA21(2567510), close=2569005","1m CALL exit: EMA6(2574287) crossed below EMA9(2574360), close=2573295"
843,PUT,2025-11-03T10:03:00+05:30,2025-11-03T10:22:00+05:30,25719.80,25722.70,-2.90,19m0s,"1m PUT entry: EMA6(2573628) EMA9(2573884) < MA21(2574239), close=2571980","1m PUT exit: EMA6(2571602) crossed above EMA9(2571569), close=2572270"
844,CALL,2025-11-03T10:23:00+05:30,2025-11-03T10:50:00+05:30,25726.10,25749.05,22.95,27m0s,"1m CALL entry: EMA6(2571890) EMA9(2571777) > MA21(2571623), close=2572610","1m CALL exit: EMA6(2575683) crossed below EMA9(2575732), close=2574905"
845,PUT,2025-11-03T10:53:00+05:30,2025-11-03T11:00:00+05:30,25743.80,25755.30,-11.50,7m0s,"1m PUT entry: EMA6(2574968) EMA9(2575167) < MA21(2575277), close=2574380","1m PUT exit: EMA6(2574969) crossed above EMA9(2574953), close=2575530"
846,CALL,2025-11-03T11:06:00+05:30,2025-11-03T11:15:00+05:30,25752.30,25749.95,-2.35,9m0s,"1m CALL entry: EMA6(2575197) EMA9(2575157) > MA21(2575125), close=2575230","1m CALL exit: EMA6(2575487) crossed below EMA9(2575508), close=2574995"
847,PUT,2025-11-03T11:17:00+05:30,2025-11-03T11:19:00+05:30,25749.75,25757.45,-7.70,2m0s,"1m PUT entry: EMA6(2575248) EMA9(2575326) < MA21(2575343), close=2574975","1m PUT exit: EMA6(2575450) crossed above EMA9(2575444), close=2575745"
848,PUT,2025-11-03T11:20:00+05:30,2025-11-03T11:22:00+05:30,25751.10,25756.60,-5.50,2m0s,"1m PUT entry: EMA6(2575353) EMA9(2575377) < MA21(2575440), close=2575110","1m PUT exit: EMA6(2575472) crossed above EMA9(2575454), close=2575660"
849,PUT,2025-11-03T11:26:00+05:30,2025-11-03T11:32:00+05:30,25744.65,25757.40,-12.75,6m0s,"1m PUT entry: EMA6(2575229) EMA9(2575305) < MA21(2575474), close=2574465","1m PUT exit: EMA6(2575359) crossed above EMA9(2575317), close=2575740"
850,CALL,2025-11-03T11:33:00+05:30,2025-11-03T11:35:00+05:30,25754.20,25747.45,-6.75,2m0s,"1m CALL entry: EMA6(2575377) EMA9(2575338) > MA21(2575320), close=2575420","1m CALL exit: EMA6(2575169) crossed below EMA9(2575204), close=2574745"
851,CALL,2025-11-03T11:58:00+05:30,2025-11-03T12:01:00+05:30,25726.90,25722.50,-4.40,3m0s,"1m CALL entry: EMA6(2572790) EMA9(2572702) > MA21(2572676), close=2572690","1m CALL exit: EMA6(2572498) crossed below EMA9(2572525), close=2572250"
852,PUT,2025-11-03T12:02:00+05:30,2025-11-03T12:19:00+05:30,25719.30,25718.40,0.90,17m0s,"1m PUT entry: EMA6(2572336) EMA9(2572406) < MA21(2572420), close=2571930","1m PUT exit: EMA6(2571175) crossed above EMA9(2571131), close=2571840"
853,CALL,2025-11-03T12:21:00+05:30,2025-11-03T12:28:00+05:30,25725.80,25716.00,-9.80,7m0s,"1m CALL entry: EMA6(2571718) EMA9(2571539) > MA21(2571438), close=2572580","1m CALL exit: EMA6(2571768) crossed below EMA9(2571774), close=2571600"
854,PUT,2025-11-03T12:31:00+05:30,2025-11-03T12:39:00+05:30,25703.35,25717.95,-14.60,8m0s,"1m PUT entry: EMA6(2571121) EMA9(2571293) < MA21(2571394), close=2570335","1m PUT exit: EMA6(2571265) crossed above EMA9(2571216), close=2571795"
855,CALL,2025-11-03T12:41:00+05:30,2025-11-03T13:05:00+05:30,25724.95,25739.85,14.90,24m0s,"1m CALL entry: EMA6(2571875) EMA9(2571682) > MA21(2571550), close=2572495","1m CALL exit: EMA6(2574541) crossed below EMA9(2574579), close=2573985"
856,CALL,2025-11-03T13:08:00+05:30,2025-11-03T13:25:00+05:30,25756.45,25747.05,-9.40,17m0s,"1m CALL re-entry: EMA6(2574858) EMA9(2574778) > MA21(2574487), close=2575645","1m CALL exit: EMA6(2575419) crossed below EMA9(2575504), close=2574705"
857,PUT,2025-11-03T13:26:00+05:30,2025-11-03T13:31:00+05:30,25743.85,25755.65,-11.80,5m0s,"1m PUT entry: EMA6(2575124) EMA9(2575280) < MA21(2575441), close=2574385","1m PUT exit: EMA6(2575196) crossed above EMA9(2575185), close=2575565"
858,CALL,2025-11-03T13:35:00+05:30,2025-11-03T13:44:00+05:30,25760.75,25755.55,-5.20,9m0s,"1m CALL entry: EMA6(2575700) EMA9(2575579) > MA21(2575511), close=2576075","1m CALL exit: EMA6(2575952) crossed below EMA9(2575953), close=2575555"
859,PUT,2025-11-03T13:47:00+05:30,2025-11-03T13:56:00+05:30,25745.95,25752.05,-6.10,9m0s,"1m PUT entry: EMA6(2575417) EMA9(2575555) < MA21(2575632), close=2574595","1m PUT exit: EMA6(2574471) crossed above EMA9(2574451), close=2575205"
860,CALL,2025-11-03T13:59:00+05:30,2025-11-03T14:08:00+05:30,25765.25,25755.90,-9.35,9m0s,"1m CALL entry: EMA6(2575595) EMA9(2575312) > MA21(2575060), close=2576525","1m CALL exit: EMA6(2576205) crossed below EMA9(2576242), close=2575590"
861,CALL,2025-11-03T14:13:00+05:30,2025-11-03T14:29:00+05:30,25764.70,25783.65,18.95,16m0s,"1m CALL re-entry: EMA6(2576154) EMA9(2576152) > MA21(2576041), close=2576470","1m CALL exit: EMA6(2578849) crossed below EMA9(2578872), close=2578365"
862,PUT,2025-11-03T14:33:00+05:30,2025-11-03T14:57:00+05:30,25777.25,25761.40,15.85,24m0s,"1m PUT entry: EMA6(2578333) EMA9(2578472) < MA21(2578719), close=2577725","1m PUT exit: EMA6(2575792) crossed above EMA9(2575776), close=2576140"
863,PUT,2025-11-03T15:00:00+05:30,2025-11-03T15:07:00+05:30,25753.75,25760.00,-6.25,7m0s,"1m PUT re-entry: EMA6(2575765) EMA9(2575779) < MA21(2576029), close=2575375","1m PUT exit: EMA6(2575599) crossed above EMA9(2575598), close=2576000"
864,CALL,2025-11-03T15:26:00+05:30,2025-11-03T15:29:00+05:30,25769.60,25774.30,4.70,3m0s,"1m CALL re-entry: EMA6(2576766) EMA9(2576746) > MA21(2576610), close=2576960",end of day (15:29 close)
865,PUT,2025-11-04T09:46:00+05:30,2025-11-04T09:56:00+05:30,25703.90,25702.50,1.40,10m0s,"1m PUT re-entry: EMA6(2571015) EMA9(2571080) < MA21(2571251), close=2570390","1m PUT exit: EMA6(2570074) crossed above EMA9(2570062), close=2570250"
866,CALL,2025-11-04T09:59:00+05:30,2025-11-04T10:09:00+05:30,25705.70,25701.55,-4.15,10m0s,"1m CALL entry: EMA6(2570543) EMA9(2570431) > MA21(2570421), close=2570570","1m CALL exit: EMA6(2570890) crossed below EMA9(2570969), close=2570155"
867,PUT,2025-11-04T10:11:00+05:30,2025-11-04T10:23:00+05:30,25703.75,25697.55,6.20,12m0s,"1m PUT entry: EMA6(2570538) EMA9(2570677) < MA21(2570776), close=2570375","1m PUT exit: EMA6(2569062) crossed above EMA9(2569045), close=2569755"
868,CALL,2025-11-04T10:26:00+05:30,2025-11-04T10:39:00+05:30,25706.80,25701.25,-5.55,13m0s,"1m CALL entry: EMA6(2569980) EMA9(2569750) > MA21(2569576), close=2570680","1m CALL exit: EMA6(2570573) crossed below EMA9(2570621), close=2570125"
869,PUT,2025-11-04T10:41:00+05:30,2025-11-04T10:56:00+05:30,25697.60,25699.80,-2.20,15m0s,"1m PUT entry: EMA6(2570242) EMA9(2570364) < MA21(2570439), close=2569760","1m PUT exit: EMA6(2569686) crossed above EMA9(2569671), close=2569980"
870,CALL,2025-11-04T10:57:00+05:30,2025-11-04T11:05:00+05:30,25706.60,25691.35,-15.25,8m0s,"1m CALL entry: EMA6(2569964) EMA9(2569869) > MA21(2569800), close=2570660","1m CALL exit: EMA6(2570369) crossed below EMA9(2570467), close=2569135"
871,PUT,2025-11-04T11:07:00+05:30,2025-11-04T11:23:00+05:30,25693.65,25690.80,2.85,16m0s,"1m PUT entry: EMA6(2569934) EMA9(2570115) < MA21(2570131), close=2569365","1m PUT exit: EMA6(2568610) crossed above EMA9(2568573), close=2569080"
872,PUT,2025-11-04T11:24:00+05:30,2025-11-04T11:47:00+05:30,25670.80,25664.45,6.35,23m0s,"1m PUT re-entry: EMA6(2568173) EMA9(2568275) < MA21(2568552), close=2567080","1m PUT exit: EMA6(2566189) crossed above EMA9(2566181), close=2566445"
873,CALL,2025-11-04T11:50:00+05:30,2025-11-04T11:59:00+05:30,25666.50,25664.65,-1.85,9m0s,"1m CALL entry: EMA6(2566391) EMA9(2566333) > MA21(2566244), close=2566650","1m CALL exit: EMA6(2566782) crossed below EMA9(2566782), close=2566465"
874,CALL,2025-11-04T12:01:00+05:30,2025-11-04T12:07:00+05:30,25674.20,25663.50,-10.70,6m0s,"1m CALL re-entry: EMA6(2566928) EMA9(2566881) > MA21(2566571), close=2567420","1m CALL exit: EMA6(2567108) crossed below EMA9(2567129), close=2566350"
875,CALL,2025-11-04T12:10:00+05:30,2025-11-04T12:27:00+05:30,25674.50,25675.90,1.40,17m0s,"1m CALL entry: EMA6(2567133) EMA9(2567124) > MA21(2567072), close=2567450","1m CALL exit: EMA6(2567857) crossed below EMA9(2567872), close=2567590"
876,PUT,2025-11-04T12:29:00+05:30,2025-11-04T12:43:00+05:30,25670.70,25674.85,-4.15,14m0s,"1m PUT entry: EMA6(2567510) EMA9(2567614) < MA21(2567720), close=2567070","1m PUT exit: EMA6(2567193) crossed above EMA9(2567184), close=2567485"
877,CALL,2025-11-04T12:44:00+05:30,2025-11-04T12:51:00+05:30,25679.35,25669.95,-9.40,7m0s,"1m CALL entry: EMA6(2567405) EMA9(2567334) > MA21(2567311), close=2567935","1m CALL exit: EMA6(2567538) crossed below EMA9(2567577), close=2566995"
878,PUT,2025-11-04T12:52:00+05:30,2025-11-04T13:00:00+05:30,25666.50,25674.50,-8.00,8m0s,"1m PUT entry: EMA6(2567284) EMA9(2567391) < MA21(2567404), close=2566650","1m PUT exit: EMA6(2567169) crossed above EMA9(2567163), close=2567450"
879,PUT,2025-11-04T13:02:00+05:30,2025-11-04T13:05:00+05:30,25665.65,25680.15,-14.50,3m0s,"1m PUT re-entry: EMA6(2566986) EMA9(2567036) < MA21(2567323), close=2566565","1m PUT exit: EMA6(2567219) crossed above EMA9(2567159), close=2568015"
880,CALL,2025-11-04T13:06:00+05:30,2025-11-04T13:12:00+05:30,25681.55,25666.75,-14.80,6m0s,"1m CALL entry: EMA6(2567487) EMA9(2567358) > MA21(2567270), close=2568155","1m CALL exit: EMA6(2567188) crossed below EMA9(2567237), close=2566675"
881,PUT,2025-11-04T13:13:00+05:30,2025-11-04T13:28:00+05:30,25665.95,25663.75,2.20,15m0s,"1m PUT entry: EMA6(2567019) EMA9(2567108) < MA21(2567124), close=2566595","1m PUT exit: EMA6(2565966) crossed above EMA9(2565956), close=2566375"
882,CALL,2025-11-04T13:30:00+05:30,2025-11-04T13:34:00+05:30,25666.25,25659.55,-6.70,4m0s,"1m CALL entry: EMA6(2566397) EMA9(2566282) > MA21(2566200), close=2566625","1m CALL exit: EMA6(2566207) crossed below EMA9(2566232), close=2565955"
883,CALL,2025-11-04T13:35:00+05:30,2025-11-04T13:48:00+05:30,25667.95,25673.10,5.15,13m0s,"1m CALL re-entry: EMA6(2566375) EMA9(2566344) > MA21(2566117), close=2566795","1m CALL exit: EMA6(2567384) crossed below EMA9(2567389), close=2567310"
884,PUT,2025-11-04T13:50:00+05:30,2025-11-04T14:30:00+05:30,25662.95,25618.60,44.35,40m0s,"1m PUT entry: EMA6(2566918) EMA9(2567048) < MA21(2567130), close=2566295","1m PUT exit: EMA6(2561562) crossed above EMA9(2561542), close=2561860"
885,CALL,2025-11-04T14:32:00+05:30,2025-11-04T14:41:00+05:30,25615.20,25616.00,0.80,9m0s,"1m CALL entry: EMA6(2561555) EMA9(2561544) > MA21(2561469), close=2561520","1m CALL exit: EMA6(2562070) crossed below EMA9(2562087), close=2561600"
886,PUT,2025-11-04T14:44:00+05:30,2025-11-04T14:59:00+05:30,25609.90,25607.30,2.60,15m0s,"1m PUT entry: EMA6(2561534) EMA9(2561674) < MA21(2561804), close=2560990","1m PUT exit: EMA6(2560251) crossed above EMA9(2560210), close=2560730"
887,CALL,2025-11-04T15:01:00+05:30,2025-11-04T15:03:00+05:30,25602.05,25593.55,-8.50,2m0s,"1m CALL entry: EMA6(2560364) EMA9(2560315) > MA21(2560296), close=2560205","1m CALL exit: EMA6(2560146) crossed below EMA9(2560186), close=2559355"
888,PUT,2025-11-04T15:06:00+05:30,2025-11-04T15:07:00+05:30,25595.60,25610.00,-14.40,1m0s,"1m PUT entry: EMA6(2559849) EMA9(2559941) < MA21(2559983), close=2559560","1m PUT exit: EMA6(2560178) crossed above EMA9(2560153), close=2561000"
889,PUT,2025-11-04T15:09:00+05:30,2025-11-04T15:25:00+05:30,25597.30,25600.30,-3.00,16m0s,"1m PUT entry: EMA6(2559988) EMA9(2560024) < MA21(2560028), close=2559730","1m PUT exit: EMA6(2559561) crossed above EMA9(2559528), close=2560030"
890,PUT,2025-11-04T15:27:00+05:30,2025-11-04T15:29:00+05:30,25594.90,25586.25,8.65,2m0s,"1m PUT entry: EMA6(2559590) EMA9(2559565) < MA21(2559610), close=2559490",end of day (15:29 close)
891,PUT,2025-11-06T09:30:00+05:30,2025-11-06T09:51:00+05:30,25620.55,25616.55,4.00,21m0s,"1m PUT entry: EMA6(2562880) EMA9(2563206) < MA21(2563330), close=2562055","1m PUT exit: EMA6(2561436) crossed above EMA9(2561411), close=2561655"
892,CALL,2025-11-06T09:54:00+05:30,2025-11-06T10:04:00+05:30,25628.20,25614.35,-13.85,10m0s,"1m CALL entry: EMA6(2561888) EMA9(2561744) > MA21(2561623), close=2562820","1m CALL exit: EMA6(2562553) crossed below EMA9(2562557), close=2561435"
893,PUT,2025-11-06T10:07:00+05:30,2025-11-06T10:45:00+05:30,25600.55,25534.60,65.95,38m0s,"1m PUT entry: EMA6(2561374) EMA9(2561675) < MA21(2562026), close=2560055","1m PUT exit: EMA6(2553112) crossed above EMA9(2553084), close=2553460"
894,CALL,2025-11-06T10:47:00+05:30,2025-11-06T11:10:00+05:30,25541.35,25558.20,16.85,23m0s,"1m CALL entry: EMA6(2553601) EMA9(2553453) > MA21(2553359), close=2554135","1m CALL exit: EMA6(2556464) crossed below EMA9(2556505), close=2555820"
895,PUT,2025-11-06T11:13:00+05:30,2025-11-06T11:46:00+05:30,25558.25,25541.65,16.60,33m0s,"1m PUT entry: EMA6(2556230) EMA9(2556309) < MA21(2556366), close=2555825","1m PUT exit: EMA6(2553600) crossed above EMA9(2553534), close=2554165"
896,PUT,2025-11-06T12:12:00+05:30,2025-11-06T12:19:00+05:30,25546.65,25558.55,-11.90,7m0s,"1m PUT entry: EMA6(2555427) EMA9(2555613) < MA21(2555789), close=2554665","1m PUT exit: EMA6(2555455) crossed above EMA9(2555428), close=2555855"
897,PUT,2025-11-06T12:21:00+05:30,2025-11-06T12:32:00+05:30,25549.10,25558.65,-9.55,11m0s,"1m PUT re-entry: EMA6(2555344) EMA9(2555364) < MA21(2555681), close=2554910","1m PUT exit: EMA6(2554924) crossed above EMA9(2554862), close=2555865"
898,CALL,2025-11-06T12:33:00+05:30,2025-11-06T13:06:00+05:30,25558.20,25585.65,27.45,33m0s,"1m CALL entry: EMA6(2555180) EMA9(2555054) > MA21(2554945), close=2555820","1m CALL exit: EMA6(2559592) crossed below EMA9(2559638), close=2558565"
899,PUT,2025-11-06T13:07:00+05:30,2025-11-06T13:16:00+05:30,25578.75,25591.35,-12.60,9m0s,"1m PUT entry: EMA6(2559101) EMA9(2559285) < MA21(2559415), close=2557875","1m PUT exit: EMA6(2558205) crossed above EMA9(2558165), close=2559135"
900,PUT,2025-11-06T13:19:00+05:30,2025-11-06T13:20:00+05:30,25576.50,25585.05,-8.55,1m0s,"1m PUT re-entry: EMA6(2558182) EMA9(2558191) < MA21(2558596), close=2557650","1m PUT exit: EMA6(2558275) crossed above EMA9(2558254), close=2558505"
901,CALL,2025-11-06T13:22:00+05:30,2025-11-06T13:28:00+05:30,25595.35,25583.20,-12.15,6m0s,"1m CALL entry: EMA6(2558844) EMA9(2558678) > MA21(2558561), close=2559535","1m CALL exit: EMA6(2558714) crossed below EMA9(2558744), close=2558320"
902,CALL,2025-11-06T13:31:00+05:30,2025-11-06T13:35:00+05:30,25594.90,25574.75,-20.15,4m0s,"1m CALL re-entry: EMA6(2558710) EMA9(2558704) > MA21(2558476), close=2559490","1m CALL exit: EMA6(2558457) crossed below EMA9(2558567), close=2557475"
903,CALL,2025-11-06T13:37:00+05:30,2025-11-06T13:38:00+05:30,25593.95,25581.30,-12.65,1m0s,"1m CALL entry: EMA6(2558920) EMA9(2558868) > MA21(2558816), close=2559395","1m CALL exit: EMA6(2558694) crossed below EMA9(2558721), close=2558130"
904,CALL,2025-11-06T14:08:00+05:30,2025-11-06T14:24:00+05:30,25541.30,25540.30,-1.00,16m0s,"1m CALL entry: EMA6(2553510) EMA9(2553502) > MA21(2553454), close=2554130","1m CALL exit: EMA6(2554389) crossed below EMA9(2554414), close=2554030"
905,PUT,2025-11-06T14:27:00+05:30,2025-11-06T14:31:00+05:30,25533.80,25549.50,-15.70,4m0s,"1m PUT entry: EMA6(2554021) EMA9(2554132) < MA21(2554300), close=2553380","1m PUT exit: EMA6(2554280) crossed above EMA9(2554223), close=2554950"
906,CALL,2025-11-06T14:33:00+05:30,2025-11-06T14:40:00+05:30,25549.40,25532.75,-16.65,7m0s,"1m CALL entry: EMA6(2554577) EMA9(2554461) > MA21(2554413), close=2554940","1m CALL exit: EMA6(2554449) crossed below EMA9(2554569), close=2553275"
907,PUT,2025-11-06T14:41:00+05:30,2025-11-06T14:46:00+05:30,25530.30,25552.95,-22.65,5m0s,"1m PUT entry: EMA6(2554044) EMA9(2554261) < MA21(2554432), close=2553030","1m PUT exit: EMA6(2554654) crossed above EMA9(2554583), close=2555295"
908,PUT,2025-11-06T14:49:00+05:30,2025-11-06T14:52:00+05:30,25529.60,25547.90,-18.30,3m0s,"1m PUT entry: EMA6(2554339) EMA9(2554426) < MA21(2554635), close=2552960","1m PUT exit: EMA6(2554452) crossed above EMA9(2554448), close=2554790"
909,PUT,2025-11-06T14:55:00+05:30,2025-11-06T14:57:00+05:30,25537.75,25549.95,-12.20,2m0s,"1m PUT re-entry: EMA6(2554360) EMA9(2554399) < MA21(2554523), close=2553775","1m PUT exit: EMA6(2554415) crossed above EMA9(2554413), close=2554995"
910,CALL,2025-11-06T14:58:00+05:30,2025-11-06T15:00:00+05:30,25556.70,25534.50,-22.20,2m0s,"1m CALL entry: EMA6(2554773) EMA9(2554664) > MA21(2554423), close=2555670","1m CALL exit: EMA6(2554555) crossed below EMA9(2554564), close=2553450"
911,PUT,2025-11-06T15:01:00+05:30,2025-11-06T15:19:00+05:30,25529.15,25514.70,14.45,18m0s,"1m PUT entry: EMA6(2554086) EMA9(2554234) < MA21(2554398), close=2552915","1m PUT exit: EMA6(2550695) crossed above EMA9(2550681), close=2551470"
912,PUT,2025-11-06T15:21:00+05:30,2025-11-06T15:22:00+05:30,25501.40,25516.00,-14.60,1m0s,"1m PUT re-entry: EMA6(2550523) EMA9(2550564) < MA21(2550829), close=2550140","1m PUT exit: EMA6(2550831) crossed above EMA9(2550771), close=2551600"
913,CALL,2025-11-06T15:27:00+05:30,2025-11-06T15:29:00+05:30,25517.05,25519.95,2.90,2m0s,"1m CALL re-entry: EMA6(2550966) EMA9(2550894) > MA21(2550606), close=2551705",end of day (15:29 close)
914,CALL,2025-11-07T09:41:00+05:30,2025-11-07T09:54:00+05:30,25343.65,25352.45,8.80,13m0s,"1m CALL entry: EMA6(2533976) EMA9(2533882) > MA21(2533767), close=2534365","1m CALL exit: EMA6(2536540) crossed below EMA9(2536563), close=2535245"
915,PUT,2025-11-07T09:57:00+05:30,2025-11-07T10:15:00+05:30,25349.25,25347.60,1.65,18m0s,"1m PUT entry: EMA6(2535259) EMA9(2535556) < MA21(2535645), close=2534925","1m PUT exit: EMA6(2534288) crossed above EMA9(2534254), close=2534760"
916,PUT,2025-11-07T10:56:00+05:30,2025-11-07T11:09:00+05:30,25365.50,25370.20,-4.70,13m0s,"1m PUT entry: EMA6(2537147) EMA9(2537279) < MA21(2537448), close=2536550","1m PUT exit: EMA6(2536299) crossed above EMA9(2536296), close=2537020"
917,CALL,2025-11-07T11:11:00+05:30,2025-11-07T11:40:00+05:30,25384.05,25442.40,58.35,29m0s,"1m CALL entry: EMA6(2537205) EMA9(2536957) > MA21(2536697), close=2538405","1m CALL exit: EMA6(2544981) crossed below EMA9(2545012), close=2544240"
918,PUT,2025-11-07T11:45:00+05:30,2025-11-07T12:02:00+05:30,25444.30,25448.65,-4.35,17m0s,"1m PUT entry: EMA6(2544691) EMA9(2544758) < MA21(2544804), close=2544430","1m PUT exit: EMA6(2543987) crossed above EMA9(2543900), close=2544865"
919,CALL,2025-11-07T12:03:00+05:30,2025-11-07T12:54:00+05:30,25446.45,25478.45,32.00,51m0s,"1m CALL entry: EMA6(2544175) EMA9(2544049) > MA21(2543925), close=2544645","1m CALL exit: EMA6(2548242) crossed below EMA9(2548252), close=2547845"
920,PUT,2025-11-07T12:57:00+05:30,2025-11-07T12:59:00+05:30,25476.95,25491.50,-14.55,2m0s,"1m PUT entry: EMA6(2547822) EMA9(2547922) < MA21(2548005), close=2547695","1m PUT exit: EMA6(2548380) crossed above EMA9(2548292), close=2549150"
921,PUT,2025-11-07T13:10:00+05:30,2025-11-07T13:15:00+05:30,25482.50,25488.90,-6.40,5m0s,"1m PUT entry: EMA6(2548535) EMA9(2548603) < MA21(2548649), close=2548250","1m PUT exit: EMA6(2548629) crossed above EMA9(2548622), close=2548890"
922,PUT,2025-11-07T13:20:00+05:30,2025-11-07T14:18:00+05:30,25485.80,25476.75,9.05,58m0s,"1m PUT entry: EMA6(2548806) EMA9(2548789) < MA21(2548829), close=2548580","1m PUT exit: EMA6(2547525) crossed above EMA9(2547521), close=2547675"
923,CALL,2025-11-07T14:19:00+05:30,2025-11-07T14:37:00+05:30,25482.20,25518.00,35.80,18m0s,"1m CALL entry: EMA6(2547724) EMA9(2547661) > MA21(2547560), close=2548220","1m CALL exit: EMA6(2552084) crossed below EMA9(2552092), close=2551800"
924,PUT,2025-11-07T14:41:00+05:30,2025-11-07T15:15:00+05:30,25513.70,25507.20,6.50,34m0s,"1m PUT entry: EMA6(2551597) EMA9(2551709) < MA21(2551895), close=2551370","1m PUT exit: EMA6(2548884) crossed above EMA9(2548668), close=2550720"
925,CALL,2025-11-10T09:30:00+05:30,2025-11-10T09:43:00+05:30,25551.55,25549.55,-2.00,13m0s,"1m CALL re-entry: EMA6(2553900) EMA9(2553780) > MA21(2553478), close=2555155","1m CALL exit: EMA6(2555864) crossed below EMA9(2555947), close=2554955"
926,CALL,2025-11-10T09:47:00+05:30,2025-11-10T09:58:00+05:30,25570.95,25568.65,-2.30,11m0s,"1m CALL re-entry: EMA6(2556045) EMA9(2555988) > MA21(2555750), close=2557095","1m CALL exit: EMA6(2557934) crossed below EMA9(2557964), close=2556865"
927,PUT,2025-11-10T10:02:00+05:30,2025-11-10T10:12:00+05:30,25561.50,25577.45,-15.95,10m0s,"1m PUT entry: EMA6(2557051) EMA9(2557258) < MA21(2557286), close=2556150","1m PUT exit: EMA6(2556812) crossed above EMA9(2556701), close=2557745"
928,CALL,2025-11-10T10:14:00+05:30,2025-11-10T10:36:00+05:30,25576.00,25609.45,33.45,22m0s,"1m CALL entry: EMA6(2557228) EMA9(2557048) > MA21(2556974), close=2557600","1m CALL exit: EMA6(2561499) crossed below EMA9(2561516), close=2560945"
929,PUT,2025-11-10T10:38:00+05:30,2025-11-10T10:54:00+05:30,25608.35,25604.30,4.05,16m0s,"1m PUT entry: EMA6(2561108) EMA9(2561219) < MA21(2561373), close=2560835","1m PUT exit: EMA6(2560151) crossed above EMA9(2560128), close=2560430"
930,CALL,2025-11-10T10:56:00+05:30,2025-11-10T11:34:00+05:30,25610.70,25639.95,29.25,38m0s,"1m CALL entry: EMA6(2560580) EMA9(2560450) > MA21(2560291), close=2561070","1m CALL exit: EMA6(2564252) crossed below EMA9(2564278), close=2563995"
931,PUT,2025-11-10T11:38:00+05:30,2025-11-10T11:46:00+05:30,25641.00,25641.85,-0.85,8m0s,"1m PUT entry: EMA6(2564158) EMA9(2564186) < MA21(2564212), close=2564100","1m PUT exit: EMA6(2563735) crossed above EMA9(2563725), close=2564185"
932,PUT,2025-11-10T11:47:00+05:30,2025-11-10T12:11:00+05:30,25632.20,25628.35,3.85,24m0s,"1m PUT re-entry: EMA6(2563588) EMA9(2563624) < MA21(2563990), close=2563220","1m PUT exit: EMA6(2562557) crossed above EMA9(2562531), close=2562835"
933,CALL,2025-11-10T12:13:00+05:30,2025-11-10T12:36:00+05:30,25629.85,25631.00,1.15,23m0s,"1m CALL entry: EMA6(2562771) EMA9(2562698) > MA21(2562607), close=2562985","1m CALL exit: EMA6(2563298) crossed below EMA9(2563305), close=2563100"
934,CALL,2025-11-10T12:37:00+05:30,2025-11-10T13:04:00+05:30,25636.45,25643.50,7.05,27m0s,"1m CALL re-entry: EMA6(2563397) EMA9(2563373) > MA21(2563213), close=2563645","1m CALL exit: EMA6(2564759) crossed below EMA9(2564784), close=2564350"
935,PUT,2025-11-10T13:05:00+05:30,2025-11-10T13:25:00+05:30,25640.35,25637.05,3.30,20m0s,"1m PUT entry: EMA6(2564552) EMA9(2564634) < MA21(2564702), close=2564035","1m PUT exit: EMA6(2563375) crossed above EMA9(2563349), close=2563705"
936,CALL,2025-11-10T13:26:00+05:30,2025-11-10T13:34:00+05:30,25638.90,25635.40,-3.50,8m0s,"1m CALL entry: EMA6(2563522) EMA9(2563457) > MA21(2563399), close=2563890","1m CALL exit: EMA6(2563622) crossed below EMA9(2563623), close=2563540"
937,CALL,2025-11-10T13:36:00+05:30,2025-11-10T13:40:00+05:30,25638.40,25635.50,-2.90,4m0s,"1m CALL re-entry: EMA6(2563663) EMA9(2563650) > MA21(2563497), close=2563840","1m CALL exit: EMA6(2563671) crossed below EMA9(2563673), close=2563550"
938,PUT,2025-11-10T13:42:00+05:30,2025-11-10T14:03:00+05:30,25629.65,25616.35,13.30,21m0s,"1m PUT entry: EMA6(2563392) EMA9(2563470) < MA21(2563605), close=2562965","1m PUT exit: EMA6(2560650) crossed above EMA9(2560583), close=2561635"
939,PUT,2025-11-10T14:35:00+05:30,2025-11-10T14:56:00+05:30,25624.20,25612.65,11.55,21m0s,"1m PUT entry: EMA6(2562850) EMA9(2562976) < MA21(2563072), close=2562420","1m PUT exit: EMA6(2560869) crossed above EMA9(2560841), close=2561265"
940,PUT,2025-11-10T14:59:00+05:30,2025-11-10T15:26:00+05:30,25605.90,25574.15,31.75,27m0s,"1m PUT re-entry: EMA6(2560822) EMA9(2560829) < MA21(2561000), close=2560590","1m PUT exit: EMA6(2557123) crossed above EMA9(2557102), close=2557415"
941,CALL,2025-11-10T15:28:00+05:30,2025-11-10T15:29:00+05:30,25571.85,25574.25,2.40,1m0s,"1m CALL entry: EMA6(2557151) EMA9(2557131) > MA21(2557084), close=2557185",end of day (15:29 close)
942,PUT,2025-11-11T09:19:00+05:30,2025-11-11T09:41:00+05:30,25546.00,25521.95,24.05,22m0s,"1m PUT entry: EMA6(2556524) EMA9(2556828) < MA21(2557108), close=2554600","1m PUT exit: EMA6(2551250) crossed above EMA9(2551238), close=2552195"
943,CALL,2025-11-11T09:44:00+05:30,2025-11-11T09:48:00+05:30,25529.65,25510.10,-19.55,4m0s,"1m CALL entry: EMA6(2552008) EMA9(2551810) > MA21(2551602), close=2552965","1m CALL exit: EMA6(2551779) crossed below EMA9(2551782), close=2551010"
944,PUT,2025-11-11T09:50:00+05:30,2025-11-11T09:58:00+05:30,25495.45,25515.60,-20.15,8m0s,"1m PUT entry: EMA6(2550810) EMA9(2551075) < MA21(2551279), close=2549545","1m PUT exit: EMA6(2550615) crossed above EMA9(2550532), close=2551560"
945,CALL,2025-11-11T10:01:00+05:30,2025-11-11T10:14:00+05:30,25515.10,25501.95,-13.15,13m0s,"1m CALL entry: EMA6(2551224) EMA9(2551046) > MA21(2551040), close=2551510","1m CALL exit: EMA6(2551525) crossed below EMA9(2551674), close=2550195"
946,PUT,2025-11-11T10:15:00+05:30,2025-11-11T10:51:00+05:30,25505.05,25462.55,42.50,36m0s,"1m PUT entry: EMA6(2551233) EMA9(2551440) < MA21(2551579), close=2550505","1m PUT exit: EMA6(2545993) crossed above EMA9(2545988), close=2546255"
947,CALL,2025-11-11T10:52:00+05:30,2025-11-11T11:12:00+05:30,25470.25,25480.55,10.30,20m0s,"1m CALL entry: EMA6(2546288) EMA9(2546195) > MA21(2546140), close=2547025","1m CALL exit: EMA6(2548252) crossed below EMA9(2548266), close=2548055"
948,PUT,2025-11-11T11:13:00+05:30,2025-11-11T11:30:00+05:30,25479.15,25475.95,3.20,17m0s,"1m PUT entry: EMA6(2548155) EMA9(2548196) < MA21(2548240), close=2547915","1m PUT exit: EMA6(2547257) crossed above EMA9(2547228), close=2547595"
949,CALL,2025-11-11T11:33:00+05:30,2025-11-11T11:35:00+05:30,25472.85,25468.60,-4.25,2m0s,"1m CALL entry: EMA6(2547337) EMA9(2547309) > MA21(2547290), close=2547285","1m CALL exit: EMA6(2547246) crossed below EMA9(2547259), close=2546860"
950,CALL,2025-11-11T11:37:00+05:30,2025-11-11T12:12:00+05:30,25475.05,25530.70,55.65,35m0s,"1m CALL re-entry: EMA6(2547290) EMA9(2547283) > MA21(2547177), close=2547505","1m CALL exit: EMA6(2553592) crossed below EMA9(2553598), close=2553070"
951,PUT,2025-11-11T12:13:00+05:30,2025-11-11T12:15:00+05:30,25531.05,25539.20,-8.15,2m0s,"1m PUT entry: EMA6(2553453) EMA9(2553500) < MA21(2553522), close=2553105","1m PUT exit: EMA6(2553663) crossed above EMA9(2553637), close=2553920"
952,PUT,2025-11-11T12:45:00+05:30,2025-11-11T12:49:00+05:30,25572.15,25581.60,-9.45,4m0s,"1m PUT entry: EMA6(2557309) EMA9(2557392) < MA21(2557489), close=2557215","1m PUT exit: EMA6(2557467) crossed above EMA9(2557433), close=2558160"
953,PUT,2025-11-11T12:54:00+05:30,2025-11-11T13:05:00+05:30,25573.75,25578.50,-4.75,11m0s,"1m PUT entry: EMA6(2557645) EMA9(2557632) < MA21(2557670), close=2557375","1m PUT exit: EMA6(2557196) crossed above EMA9(2557138), close=2557850"
954,CALL,2025-11-11T13:06:00+05:30,2025-11-11T13:58:00+05:30,25579.15,25634.35,55.20,52m0s,"1m CALL entry: EMA6(2557402) EMA9(2557293) > MA21(2557245), close=2557915","1m CALL exit: EMA6(2565143) crossed below EMA9(2565325), close=2563435"
955,PUT,2025-11-11T14:00:00+05:30,2025-11-11T14:06:00+05:30,25643.85,25651.90,-8.05,6m0s,"1m PUT entry: EMA6(2564592) EMA9(2564846) < MA21(2564853), close=2564385","1m PUT exit: EMA6(2564758) crossed above EMA9(2564739), close=2565190"
956,CALL,2025-11-11T14:10:00+05:30,2025-11-11T14:14:00+05:30,25658.90,25647.20,-11.70,4m0s,"1m CALL entry: EMA6(2565672) EMA9(2565481) > MA21(2565394), close=2565890","1m CALL exit: EMA6(2565317) crossed below EMA9(2565343), close=2564720"
957,CALL,2025-11-11T14:15:00+05:30,2025-11-11T14:37:00+05:30,25660.35,25670.00,9.65,22m0s,"1m CALL re-entry: EMA6(2565522) EMA9(2565481) > MA21(2565087), close=2566035","1m CALL exit: EMA6(2568480) crossed below EMA9(2568653), close=2567000"
958,PUT,2025-11-11T14:38:00+05:30,2025-11-11T14:50:00+05:30,25665.65,25678.00,-12.35,12m0s,"1m PUT entry: EMA6(2567933) EMA9(2568235) < MA21(2568570), close=2566565","1m PUT exit: EMA6(2567047) crossed above EMA9(2567018), close=2567800"
959,CALL,2025-11-11T14:52:00+05:30,2025-11-11T15:09:00+05:30,25688.35,25681.35,-7.00,17m0s,"1m CALL entry: EMA6(2567808) EMA9(2567582) > MA21(2567497), close=2568835","1m CALL exit: EMA6(2568857) crossed below EMA9(2568890), close=2568135"
960,CALL,2025-11-11T15:11:00+05:30,2025-11-11T15:29:00+05:30,25692.05,25705.55,13.50,18m0s,"1m CALL entry: EMA6(2568652) EMA9(2568709) > MA21(2568615), close=2569205",end of day (15:29 close)
961,PUT,2025-11-12T09:33:00+05:30,2025-11-12T09:41:00+05:30,25797.90,25845.70,-47.80,8m0s,"1m PUT entry: EMA6(2579997) EMA9(2580194) < MA21(2580344), close=2579790","1m PUT exit: EMA6(2580851) crossed above EMA9(2580445), close=2584570"
962,CALL,2025-11-12T09:42:00+05:30,2025-11-12T10:03:00+05:30,25846.70,25846.50,-0.20,21m0s,"1m CALL entry: EMA6(2581942) EMA9(2581290) > MA21(2580809), close=2584670","1m CALL exit: EMA6(2585345) crossed below EMA9(2585365), close=2584650"
963,PUT,2025-11-12T10:04:00+05:30,2025-11-12T10:06:00+05:30,25847.30,25857.30,-10.00,2m0s,"1m PUT entry: EMA6(2585169) EMA9(2585238) < MA21(2585303), close=2584730","1m PUT exit: EMA6(2585310) crossed above EMA9(2585310), close=2585730"
964,PUT,2025-11-12T10:08:00+05:30,2025-11-12T10:30:00+05:30,25846.15,25843.45,2.70,22m0s,"1m PUT re-entry: EMA6(2585129) EMA9(2585185) < MA21(2585349), close=2584615","1m PUT exit: EMA6(2583946) crossed above EMA9(2583913), close=2584345"
965,CALL,2025-11-12T10:32:00+05:30,2025-11-12T10:58:00+05:30,25850.10,25867.85,17.75,26m0s,"1m CALL entry: EMA6(2584281) EMA9(2584162) > MA21(2584022), close=2585010","1m CALL exit: EMA6(2587148) crossed below EMA9(2587173), close=2586785"
966,PUT,2025-11-12T10:59:00+05:30,2025-11-12T11:05:00+05:30,25865.35,25873.15,-7.80,6m0s,"1m PUT entry: EMA6(2586973) EMA9(2587045) < MA21(2587173), close=2586535","1m PUT exit: EMA6(2587039) crossed above EMA9(2587023), close=2587315"
967,CALL,2025-11-12T11:07:00+05:30,2025-11-12T11:59:00+05:30,25874.95,25893.15,18.20,52m0s,"1m CALL entry: EMA6(2587225) EMA9(2587164) > MA21(2587143), close=2587495","1m CALL exit: EMA6(2589721) crossed below EMA9(2589727), close=2589315"
968,PUT,2025-11-12T12:01:00+05:30,2025-11-12T12:08:00+05:30,25887.85,25895.75,-7.90,7m0s,"1m PUT entry: EMA6(2589308) EMA9(2589423) < MA21(2589549), close=2588785","1m PUT exit: EMA6(2589282) crossed above EMA9(2589273), close=2589575"
969,CALL,2025-11-12T12:10:00+05:30,2025-11-12T12:12:00+05:30,25899.65,25887.50,-12.15,2m0s,"1m CALL entry: EMA6(2589613) EMA9(2589519) > MA21(2589475), close=2589965","1m CALL exit: EMA6(2589349) crossed below EMA9(2589367), close=2588750"
970,CALL,2025-11-12T12:26:00+05:30,2025-11-12T12:50:00+05:30,25896.45,25914.45,18.00,24m0s,"1m CALL entry: EMA6(2589371) EMA9(2589311) > MA21(2589249), close=2589645","1m CALL exit: EMA6(2591520) crossed below EMA9(2591527), close=2591445"
971,PUT,2025-11-12T12:52:00+05:30,2025-11-12T12:58:00+05:30,25903.60,25915.35,-11.75,6m0s,"1m PUT entry: EMA6(2591086) EMA9(2591212) < MA21(2591346), close=2590360","1m PUT exit: EMA6(2591018) crossed above EMA9(2590996), close=2591535"
972,CALL,2025-11-12T13:02:00+05:30,2025-11-12T13:18:00+05:30,25913.90,25916.90,3.00,16m0s,"1m CALL entry: EMA6(2591363) EMA9(2591289) > MA21(2591256), close=2591390","1m CALL exit: EMA6(2592007) crossed below EMA9(2592009), close=2591690"
973,CALL,2025-11-12T13:20:00+05:30,2025-11-12T13:28:00+05:30,25920.25,25915.90,-4.35,8m0s,"1m CALL re-entry: EMA6(2592015) EMA9(2592014) > MA21(2591881), close=2592025","1m CALL exit: EMA6(2592277) crossed below EMA9(2592309), close=2591590"
974,PUT,2025-11-12T13:29:00+05:30,2025-11-12T13:38:00+05:30,25915.55,25923.55,-8.00,9m0s,"1m PUT entry: EMA6(2592071) EMA9(2592158) < MA21(2592218), close=2591555","1m PUT exit: EMA6(2591495) crossed above EMA9(2591472), close=2592355"
975,CALL,2025-11-12T13:40:00+05:30,2025-11-12T13:56:00+05:30,25930.45,25920.85,-9.60,16m0s,"1m CALL entry: EMA6(2592183) EMA9(2591982) > MA21(2591902), close=2593045","1m CALL exit: EMA6(2592141) crossed below EMA9(2592142), close=2592085"
976,PUT,2025-11-12T13:57:00+05:30,2025-11-12T14:26:00+05:30,25918.40,25901.25,17.15,29m0s,"1m PUT entry: EMA6(2592055) EMA9(2592081) < MA21(2592128), close=2591840","1m PUT exit: EMA6(2589139) crossed above EMA9(2589043), close=2590125"
977,CALL,2025-11-12T14:34:00+05:30,2025-11-12T14:39:00+05:30,25894.15,25890.80,-3.35,5m0s,"1m CALL re-entry: EMA6(2589229) EMA9(2589227) > MA21(2589110), close=2589415","1m CALL exit: EMA6(2589245) crossed below EMA9(2589262), close=2589080"
978,CALL,2025-11-12T14:40:00+05:30,2025-11-12T14:41:00+05:30,25894.25,25883.85,-10.40,1m0s,"1m CALL re-entry: EMA6(2589297) EMA9(2589295) > MA21(2589163), close=2589425","1m CALL exit: EMA6(2589036) crossed below EMA9(2589113), close=2588385"
979,CALL,2025-11-12T14:53:00+05:30,2025-11-12T15:04:00+05:30,25895.95,25887.40,-8.55,11m0s,"1m CALL entry: EMA6(2589063) EMA9(2588939) > MA21(2588851), close=2589595","1m CALL exit: EMA6(2589022) crossed below EMA9(2589052), close=2588740"
980,CALL,2025-11-12T15:06:00+05:30,2025-11-12T15:11:00+05:30,25892.55,25886.90,-5.65,5m0s,"1m CALL re-entry: EMA6(2589095) EMA9(2589093) > MA21(2589037), close=2589255","1m CALL exit: EMA6(2589135) crossed below EMA9(2589158), close=2588690"
981,CALL,2025-11-13T09:27:00+05:30,2025-11-13T09:35:00+05:30,25875.15,25842.35,-32.80,8m0s,"1m CALL entry: EMA6(2585879) EMA9(2585445) > MA21(2585156), close=2587515","1m CALL exit: EMA6(2585832) crossed below EMA9(2586017), close=2584235"
982,PUT,2025-11-13T09:37:00+05:30,2025-11-13T09:44:00+05:30,25837.70,25857.00,-19.30,7m0s,"1m PUT entry: EMA6(2584715) EMA9(2585124) < MA21(2585278), close=2583770","1m PUT exit: EMA6(2584728) crossed above EMA9(2584726), close=2585700"
983,CALL,2025-11-13T09:47:00+05:30,2025-11-13T09:55:00+05:30,25875.65,25862.10,-13.55,8m0s,"1m CALL entry: EMA6(2586410) EMA9(2586009) > MA21(2585788), close=2587565","1m CALL exit: EMA6(2587070) crossed below EMA9(2587084), close=2586210"
984,CALL,2025-11-13T09:57:00+05:30,2025-11-13T11:13:00+05:30,25875.45,25959.40,83.95,1h16m0s,"1m CALL re-entry: EMA6(2587207) EMA9(2587175) > MA21(2586307), close=2587545","1m CALL exit: EMA6(2596193) crossed below EMA9(2596200), close=2595940"
985,CALL,2025-11-13T11:14:00+05:30,2025-11-13T11:30:00+05:30,25963.35,25960.95,-2.40,16m0s,"1m CALL re-entry: EMA6(2596234) EMA9(2596227) > MA21(2595728), close=2596335","1m CALL exit: EMA6(2596785) crossed below EMA9(2596799), close=2596095"
986,PUT,2025-11-13T11:33:00+05:30,2025-11-13T11:38:00+05:30,25963.10,25968.70,-5.60,5m0s,"1m PUT entry: EMA6(2596453) EMA9(2596534) < MA21(2596580), close=2596310","1m PUT exit: EMA6(2596462) crossed above EMA9(2596460), close=2596870"
987,CALL,2025-11-13T11:40:00+05:30,2025-11-13T11:41:00+05:30,25969.90,25960.30,-9.60,1m0s,"1m CALL entry: EMA6(2596757) EMA9(2596680) > MA21(2596663), close=2596990","1m CALL exit: EMA6(2596550) crossed below EMA9(2596550), close=2596030"
988,CALL,2025-11-13T11:48:00+05:30,2025-11-13T12:26:00+05:30,25969.95,25980.75,10.80,38m0s,"1m CALL entry: EMA6(2596533) EMA9(2596484) > MA21(2596433), close=2596995","1m CALL exit: EMA6(2598256) crossed below EMA9(2598259), close=2598075"
989,CALL,2025-11-13T12:27:00+05:30,2025-11-13T12:28:00+05:30,25983.15,25979.75,-3.40,1m0s,"1m CALL re-entry: EMA6(2598273) EMA9(2598271) > MA21(2598267), close=2598315","1m CALL exit: EMA6(2598188) crossed below EMA9(2598211), close=2597975"
990,CALL,2025-11-13T12:52:00+05:30,2025-11-13T12:53:00+05:30,25953.60,25940.25,-13.35,1m0s,"1m CALL entry: EMA6(2595422) EMA9(2595363) > MA21(2595343), close=2595360","1m CALL exit: EMA6(2595023) crossed below EMA9(2595095), close=2594025"
991,CALL,2025-11-13T12:56:00+05:30,2025-11-13T13:18:00+05:30,25952.45,25973.15,20.70,22m0s,"1m CALL entry: EMA6(2595047) EMA9(2595063) > MA21(2595001), close=2595245","1m CALL exit: EMA6(2597745) crossed below EMA9(2597763), close=2597315"
992,CALL,2025-11-13T13:23:00+05:30,2025-11-13T13:26:00+05:30,25988.50,25976.85,-11.65,3m0s,"1m CALL entry: EMA6(2598226) EMA9(2598100) > MA21(2597983), close=2598850","1m CALL exit: EMA6(2597971) crossed below EMA9(2597978), close=2597685"
993,CALL,2025-11-13T13:29:00+05:30,2025-11-13T13:32:00+05:30,25981.00,25977.35,-3.65,3m0s,"1m CALL re-entry: EMA6(2597971) EMA9(2597968) > MA21(2597885), close=2598100","1m CALL exit: EMA6(2597952) crossed below EMA9(2597963), close=2597735"
994,PUT,2025-11-13T13:34:00+05:30,2025-11-13T13:35:00+05:30,25977.85,25986.95,-9.10,1m0s,"1m PUT entry: EMA6(2597901) EMA9(2597923) < MA21(2597947), close=2597785","1m PUT exit: EMA6(2598128) crossed above EMA9(2598077), close=2598695"
995,PUT,2025-11-13T13:51:00+05:30,2025-11-13T14:18:00+05:30,25985.80,25912.80,73.00,27m0s,"1m PUT entry: EMA6(2598928) EMA9(2599083) < MA21(2599159), close=2598580","1m PUT exit: EMA6(2590319) crossed above EMA9(2590210), close=2591280"
996,CALL,2025-11-13T14:19:00+05:30,2025-11-13T14:23:00+05:30,25917.55,25897.35,-20.20,4m0s,"1m CALL entry: EMA6(2590730) EMA9(2590519) > MA21(2590447), close=2591755","1m CALL exit: EMA6(2590254) crossed below EMA9(2590295), close=2589735"
997,CALL,2025-11-13T14:24:00+05:30,2025-11-13T14:37:00+05:30,25910.50,25914.50,4.00,13m0s,"1m CALL re-entry: EMA6(2590481) EMA9(2590446) > MA21(2590158), close=2591050","1m CALL exit: EMA6(2591735) crossed below EMA9(2591736), close=2591450"
998,CALL,2025-11-13T14:41:00+05:30,2025-11-13T14:51:00+05:30,25923.90,25904.10,-19.80,10m0s,"1m CALL entry: EMA6(2591644) EMA9(2591628) > MA21(2591450), close=2592390","1m CALL exit: EMA6(2591872) crossed below EMA9(2592014), close=2590410"
999,CALL,2025-11-13T15:16:00+05:30,2025-11-13T15:19:00+05:30,25901.20,25872.75,-28.45,3m0s,"1m CALL entry: EMA6(2588748) EMA9(2588505) > MA21(2588240), close=2590120","1m CALL exit: EMA6(2588080) crossed below EMA9(2588122), close=2587275"
1000,PUT,2025-11-13T15:22:00+05:30,2025-11-13T15:26:00+05:30,25874.50,25882.90,-8.40,4m0s,"1m PUT entry: EMA6(2587872) EMA9(2587954) < MA21(2588049), close=2587450","1m PUT exit: EMA6(2587986) crossed above EMA9(2587971), close=2588290"
1001,PUT,2025-11-13T15:28:00+05:30,2025-11-13T15:29:00+05:30,25877.35,25884.10,-6.75,1m0s,"1m PUT entry: EMA6(2587861) EMA9(2587885) < MA21(2587917), close=2587735",end of day (15:29 close)
1002,PUT,2025-11-14T09:15:00+05:30,2025-11-14T09:29:00+05:30,25816.50,25823.20,-6.70,14m0s,"1m PUT entry: EMA6(2586198) EMA9(2586722) < MA21(2587648), close=2581650","1m PUT exit: EMA6(2580694) crossed above EMA9(2580624), close=2582320"
1003,CALL,2025-11-14T09:32:00+05:30,2025-11-14T09:50:00+05:30,25854.85,25837.60,-17.25,18m0s,"1m CALL entry: EMA6(2583085) EMA9(2582446) > MA21(2581616), close=2585485","1m CALL exit: EMA6(2585251) crossed below EMA9(2585325), close=2583760"
1004,PUT,2025-11-14T09:51:00+05:30,2025-11-14T10:17:00+05:30,25821.50,25790.50,31.00,26m0s,"1m PUT entry: EMA6(2584365) EMA9(2584690) < MA21(2585286), close=2582150","1m PUT exit: EMA6(2578644) crossed above EMA9(2578643), close=2579050"
1005,CALL,2025-11-14T10:19:00+05:30,2025-11-14T10:25:00+05:30,25798.65,25784.40,-14.25,6m0s,"1m CALL entry: EMA6(2579264) EMA9(2579100) > MA21(2578877), close=2579865","1m CALL exit: EMA6(2579030) crossed below EMA9(2579092), close=2578440"
1006,PUT,2025-11-14T10:27:00+05:30,2025-11-14T10:46:00+05:30,25784.40,25771.80,12.60,19m0s,"1m PUT entry: EMA6(2578820) EMA9(2578919) < MA21(2578926), close=2578440","1m PUT exit: EMA6(2576997) crossed above EMA9(2576986), close=2577180"
1007,CALL,2025-11-14T10:49:00+05:30,2025-11-14T11:18:00+05:30,25785.60,25827.75,42.15,29m0s,"1m CALL entry: EMA6(2577588) EMA9(2577416) > MA21(2577335), close=2578560","1m CALL exit: EMA6(2584499) crossed below EMA9(2584695), close=2582775"
1008,PUT,2025-11-14T11:55:00+05:30,2025-11-14T12:06:00+05:30,25793.15,25799.90,-6.75,11m0s,"1m PUT re-entry: EMA6(2579799) EMA9(2579852) < MA21(2580010), close=2579315","1m PUT exit: EMA6(2579594) crossed above EMA9(2579548), close=2579990"
1009,CALL,2025-11-14T12:08:00+05:30,2025-11-14T12:32:00+05:30,25800.95,25817.60,16.65,24m0s,"1m CALL entry: EMA6(2579761) EMA9(2579684) > MA21(2579644), close=2580095","1m CALL exit: EMA6(2582699) crossed below EMA9(2582783), close=2581760"
1010,PUT,2025-11-14T12:52:00+05:30,2025-11-14T13:13:00+05:30,25805.75,25804.75,1.00,21m0s,"1m PUT re-entry: EMA6(2580808) EMA9(2580821) < MA21(2580864), close=2580575","1m PUT exit: EMA6(2579492) crossed above EMA9(2579395), close=2580475"
1011,CALL,2025-11-14T13:15:00+05:30,2025-11-14T13:33:00+05:30,25798.75,25804.70,5.95,18m0s,"1m CALL entry: EMA6(2579697) EMA9(2579581) > MA21(2579515), close=2579875","1m CALL exit: EMA6(2581032) crossed below EMA9(2581054), close=2580470"
1012,PUT,2025-11-14T13:35:00+05:30,2025-11-14T13:59:00+05:30,25805.75,25762.30,43.45,24m0s,"1m PUT entry: EMA6(2580814) EMA9(2580887) < MA21(2580900), close=2580575","1m PUT exit: EMA6(2575925) crossed above EMA9(2575903), close=2576230"
1013,CALL,2025-11-14T14:01:00+05:30,2025-11-14T14:12:00+05:30,25764.30,25765.25,0.95,11m0s,"1m CALL entry: EMA6(2576162) EMA9(2576085) > MA21(2576033), close=2576430","1m CALL exit: EMA6(2576711) crossed below EMA9(2576713), close=2576525"
1014,CALL,2025-11-14T14:14:00+05:30,2025-11-14T14:17:00+05:30,25774.40,25763.20,-11.20,3m0s,"1m CALL re-entry: EMA6(2576900) EMA9(2576843) > MA21(2576489), close=2577440","1m CALL exit: EMA6(2576727) crossed below EMA9(2576751), close=2576320"
1015,CALL,2025-11-14T14:18:00+05:30,2025-11-14T14:20:00+05:30,25770.35,25757.80,-12.55,2m0s,"1m CALL re-entry: EMA6(2576815) EMA9(2576808) > MA21(2576739), close=2577035","1m CALL exit: EMA6(2576596) crossed below EMA9(2576664), close=2575780"
1016,CALL,2025-11-14T14:28:00+05:30,2025-11-14T14:48:00+05:30,25779.35,25786.65,7.30,20m0s,"1m CALL entry: EMA6(2576823) EMA9(2576720) > MA21(2576666), close=2577935","1m CALL exit: EMA6(2579017) crossed below EMA9(2579037), close=2578665"
1017,PUT,2025-11-14T14:50:00+05:30,2025-11-14T15:00:00+05:30,25787.40,25827.90,-40.50,10m0s,"1m PUT entry: EMA6(2578840) EMA9(2578897) < MA21(2578907), close=2578740","1m PUT exit: EMA6(2578288) crossed above EMA9(2577932), close=2582790"
1018,CALL,2025-11-14T15:01:00+05:30,2025-11-14T15:28:00+05:30,25846.40,25910.25,63.85,27m0s,"1m CALL entry: EMA6(2580103) EMA9(2579273) > MA21(2578386), close=2584640","1m CALL exit: EMA6(2592423) crossed below EMA9(2592479), close=2591025"
1019,CALL,2025-11-17T09:18:00+05:30,2025-11-17T09:39:00+05:30,25928.85,25961.15,32.30,21m0s,"1m CALL entry: EMA6(2592660) EMA9(2592590) > MA21(2592583), close=2592885","1m CALL exit: EMA6(2596639) crossed below EMA9(2596643), close=2596115"
1020,CALL,2025-11-17T09:41:00+05:30,2025-11-17T09:42:00+05:30,25972.60,25962.60,-10.00,1m0s,"1m CALL entry: EMA6(2596681) EMA9(2596659) > MA21(2596530), close=2597260","1m CALL exit: EMA6(2596561) crossed below EMA9(2596580), close=2596260"
1021,CALL,2025-11-17T09:43:00+05:30,2025-11-17T09:47:00+05:30,25969.35,25955.90,-13.45,4m0s,"1m CALL re-entry: EMA6(2596668) EMA9(2596651) > MA21(2596606), close=2596935","1m CALL exit: EMA6(2596369) crossed below EMA9(2596460), close=2595590"
1022,CALL,2025-11-17T09:56:00+05:30,2025-11-17T10:02:00+05:30,25974.25,25959.15,-15.10,6m0s,"1m CALL entry: EMA6(2596767) EMA9(2596632) > MA21(2596490), close=2597425","1m CALL exit: EMA6(2596582) crossed below EMA9(2596635), close=2595915"
1023,PUT,2025-11-17T10:03:00+05:30,2025-11-17T10:18:00+05:30,25950.60,25961.85,-11.25,15m0s,"1m PUT entry: EMA6(2596147) EMA9(2596320) < MA21(2596477), close=2595060","1m PUT exit: EMA6(2595477) crossed above EMA9(2595399), close=2596185"
1024,CALL,2025-11-17T10:19:00+05:30,2025-11-17T10:27:00+05:30,25963.90,25944.35,-19.55,8m0s,"1m CALL entry: EMA6(2595738) EMA9(2595597) > MA21(2595523), close=2596390","1m CALL exit: EMA6(2595857) crossed below EMA9(2595963), close=2594435"
1025,PUT,2025-11-17T10:28:00+05:30,2025-11-17T10:47:00+05:30,25936.90,25942.30,-5.40,19m0s,"1m PUT entry: EMA6(2595238) EMA9(2595509) < MA21(2595587), close=2593690","1m PUT exit: EMA6(2593708) crossed above EMA9(2593699), close=2594230"
1026,PUT,2025-11-17T10:51:00+05:30,2025-11-17T10:55:00+05:30,25933.85,25940.00,-6.15,4m0s,"1m PUT re-entry: EMA6(2593666) EMA9(2593693) < MA21(2593874), close=2593385","1m PUT exit: EMA6(2593659) crossed above EMA9(2593651), close=2594000"
1027,CALL,2025-11-17T10:56:00+05:30,2025-11-17T11:06:00+05:30,25945.15,25936.15,-9.00,10m0s,"1m CALL entry: EMA6(2593903) EMA9(2593824) > MA21(2593672), close=2594515","1m CALL exit: EMA6(2594387) crossed below EMA9(2594408), close=2593615"
1028,CALL,2025-11-17T11:09:00+05:30,2025-11-17T11:18:00+05:30,25948.70,25943.90,-4.80,9m0s,"1m CALL re-entry: EMA6(2594460) EMA9(2594435) > MA21(2594202), close=2594870","1m CALL exit: EMA6(2594498) crossed below EMA9(2594503), close=2594390"
1029,CALL,2025-11-17T11:39:00+05:30,2025-11-17T12:05:00+05:30,25932.90,25954.60,21.70,26m0s,"1m CALL entry: EMA6(2593332) EMA9(2593297) > MA21(2593262), close=2593290","1m CALL exit: EMA6(2595844) crossed below EMA9(2595882), close=2595460"
1030,CALL,2025-11-17T12:06:00+05:30,2025-11-17T12:28:00+05:30,25963.35,25970.60,7.25,22m0s,"1m CALL re-entry: EMA6(2595984) EMA9(2595972) > MA21(2595550), close=2596335","1m CALL exit: EMA6(2597120) crossed below EMA9(2597121), close=2597060"
1031,PUT,2025-11-17T12:29:00+05:30,2025-11-17T12:34:00+05:30,25967.60,25978.35,-10.75,5m0s,"1m PUT entry: EMA6(2597017) EMA9(2597049) < MA21(2597112), close=2596760","1m PUT exit: EMA6(2597168) crossed above EMA9(2597105), close=2597835"
1032,CALL,2025-11-17T12:54:00+05:30,2025-11-17T13:04:00+05:30,25993.80,25987.10,-6.70,10m0s,"1m CALL re-entry: EMA6(2598817) EMA9(2598750) > MA21(2598624), close=2599380","1m CALL exit: EMA6(2598956) crossed below EMA9(2598985), close=2598710"
1033,PUT,2025-11-17T13:05:00+05:30,2025-11-17T13:34:00+05:30,25984.95,25979.70,5.25,29m0s,"1m PUT entry: EMA6(2598825) EMA9(2598887) < MA21(2598906), close=2598495","1m PUT exit: EMA6(2597562) crossed above EMA9(2597558), close=2597970"
1034,CALL,2025-11-17T13:35:00+05:30,2025-11-17T14:16:00+05:30,25990.25,26008.95,18.70,41m0s,"1m CALL entry: EMA6(2597980) EMA9(2597851) > MA21(2597740), close=2599025","1m CALL exit: EMA6(2600984) crossed below EMA9(2600994), close=2600895"
1035,PUT,2025-11-17T14:18:00+05:30,2025-11-17T14:32:00+05:30,25996.65,26000.05,-3.40,14m0s,"1m PUT entry: EMA6(2600513) EMA9(2600653) < MA21(2600778), close=2599665","1m PUT exit: EMA6(2599509) crossed above EMA9(2599507), close=2600005"
1036,CALL,2025-11-17T14:34:00+05:30,2025-11-17T14:44:00+05:30,26002.35,25981.15,-21.20,10m0s,"1m CALL entry: EMA6(2599857) EMA9(2599763) > MA21(2599670), close=2600235","1m CALL exit: EMA6(2599552) crossed below EMA9(2599695), close=2598115"
1037,CALL,2025-11-17T14:58:00+05:30,2025-11-17T15:29:00+05:30,25993.90,26014.30,20.40,31m0s,"1m CALL entry: EMA6(2599340) EMA9(2599282) > MA21(2599278), close=2599390",end of day (15:29 close)
1038,CALL,2025-11-18T09:33:00+05:30,2025-11-18T09:35:00+05:30,25967.35,25958.35,-9.00,2m0s,"1m CALL entry: EMA6(2596313) EMA9(2596266) > MA21(2596207), close=2596735","1m CALL exit: EMA6(2596185) crossed below EMA9(2596194), close=2595835"
1039,PUT,2025-11-18T09:38:00+05:30,2025-11-18T10:19:00+05:30,25949.30,25908.15,41.15,41m0s,"1m PUT entry: EMA6(2595476) EMA9(2595653) < MA21(2595774), close=2594930","1m PUT exit: EMA6(2590153) crossed above EMA9(2590103), close=2590815"
1040,PUT,2025-11-18T10:31:00+05:30,2025-11-18T10:46:00+05:30,25897.95,25892.70,5.25,15m0s,"1m PUT entry: EMA6(2590274) EMA9(2590420) < MA21(2590459), close=2589795","1m PUT exit: EMA6(2589094) crossed above EMA9(2589081), close=2589270"
1041,CALL,2025-11-18T10:47:00+05:30,2025-11-18T11:28:00+05:30,25900.05,25933.75,33.70,41m0s,"1m CALL entry: EMA6(2589354) EMA9(2589266) > MA21(2589196), close=2590005","1m CALL exit: EMA6(2593971) crossed below EMA9(2594036), close=2593375"
1042,PUT,2025-11-18T11:29:00+05:30,2025-11-18T11:35:00+05:30,25924.85,25940.70,-15.85,6m0s,"1m PUT entry: EMA6(2593546) EMA9(2593726) < MA21(2593836), close=2592485","1m PUT exit: EMA6(2593722) crossed above EMA9(2593688), close=2594070"
1043,CALL,2025-11-18T11:38:00+05:30,2025-11-18T12:04:00+05:30,25942.20,25969.35,27.15,26m0s,"1m CALL entry: EMA6(2594104) EMA9(2594001) > MA21(2593994), close=2594220","1m CALL exit: EMA6(2597143) crossed below EMA9(2597144), close=2596935"
1044,PUT,2025-11-18T12:05:00+05:30,2025-11-18T12:30:00+05:30,25965.00,25956.65,8.35,25m0s,"1m PUT entry: EMA6(2596959) EMA9(2597015) < MA21(2597049), close=2596500","1m PUT exit: EMA6(2595203) crossed above EMA9(2595191), close=2595665"
1045,PUT,2025-11-18T12:31:00+05:30,2025-11-18T12:32:00+05:30,25949.00,25952.95,-3.95,1m0s,"1m PUT re-entry: EMA6(2595116) EMA9(2595133) < MA21(2595448), close=2594900","1m PUT exit: EMA6(2595167) crossed above EMA9(2595165), close=2595295"
1046,PUT,2025-11-18T12:34:00+05:30,2025-11-18T12:54:00+05:30,25949.00,25947.00,2.00,20m0s,"1m PUT re-entry: EMA6(2595130) EMA9(2595143) < MA21(2595261), close=2594900","1m PUT exit: EMA6(2593965) crossed above EMA9(2593927), close=2594700"
1047,CALL,2025-11-18T12:55:00+05:30,2025-11-18T13:14:00+05:30,25954.95,25953.50,-1.45,19m0s,"1m CALL entry: EMA6(2594402) EMA9(2594240) > MA21(2594045), close=2595495","1m CALL exit: EMA6(2595790) crossed below EMA9(2595790), close=2595350"
1048,CALL,2025-11-18T13:15:00+05:30,2025-11-18T13:41:00+05:30,25967.75,25967.75,0.00,26m0s,"1m CALL re-entry: EMA6(2596071) EMA9(2595987) > MA21(2595611), close=2596775","1m CALL exit: EMA6(2597467) crossed below EMA9(2597523), close=2596775"
1049,CALL,2025-11-18T13:43:00+05:30,2025-11-18T13:46:00+05:30,25978.20,25968.15,-10.05,3m0s,"1m CALL entry: EMA6(2597438) EMA9(2597471) > MA21(2597402), close=2597820","1m CALL exit: EMA6(2597340) crossed below EMA9(2597399), close=2596815"
1050,PUT,2025-11-18T13:53:00+05:30,2025-11-18T14:02:00+05:30,25974.15,25974.30,-0.15,9m0s,"1m PUT entry: EMA6(2597526) EMA9(2597512) < MA21(2597558), close=2597415","1m PUT exit: EMA6(2597259) crossed above EMA9(2597255), close=2597430"
1051,CALL,2025-11-18T14:04:00+05:30,2025-11-18T14:09:00+05:30,25985.60,25974.75,-10.85,5m0s,"1m CALL entry: EMA6(2597753) EMA9(2597613) > MA21(2597415), close=2598560","1m CALL exit: EMA6(2597922) crossed below EMA9(2597922), close=2597475"
1052,CALL,2025-11-18T14:11:00+05:30,2025-11-18T14:19:00+05:30,25983.50,25974.30,-9.20,8m0s,"1m CALL re-entry: EMA6(2597960) EMA9(2597942) > MA21(2597673), close=2598350","1m CALL exit: EMA6(2598088) crossed below EMA9(2598162), close=2597430"
1053,PUT,2025-11-18T14:20:00+05:30,2025-11-18T14:25:00+05:30,25976.10,25984.40,-8.30,5m0s,"1m PUT entry: EMA6(2597952) EMA9(2598052) < MA21(2598130), close=2597610","1m PUT exit: EMA6(2598109) crossed above EMA9(2598079), close=2598440"
1054,PUT,2025-11-18T14:26:00+05:30,2025-11-18T14:39:00+05:30,25976.95,25971.20,5.75,13m0s,"1m PUT re-entry: EMA6(2597991) EMA9(2598002) < MA21(2598120), close=2597695","1m PUT exit: EMA6(2596515) crossed above EMA9(2596512), close=2597120"
1055,PUT,2025-11-18T14:42:00+05:30,2025-11-18T15:29:00+05:30,25961.00,25894.70,66.30,47m0s,"1m PUT re-entry: EMA6(2596506) EMA9(2596524) < MA21(2596853), close=2596100",end of day (15:29 close)
1056,CALL,2025-11-19T09:25:00+05:30,2025-11-19T09:34:00+05:30,25905.70,25886.00,-19.70,9m0s,"1m CALL entry: EMA6(2589193) EMA9(2588947) > MA21(2588813), close=2590570","1m CALL exit: EMA6(2589912) crossed below EMA9(2589987), close=2588600"
1057,CALL,2025-11-19T09:38:00+05:30,2025-11-19T09:48:00+05:30,25911.40,25896.55,-14.85,10m0s,"1m CALL re-entry: EMA6(2590216) EMA9(2590129) > MA21(2589551), close=2591140","1m CALL exit: EMA6(2590423) crossed below EMA9(2590473), close=2589655"
1058,PUT,2025-11-19T09:49:00+05:30,2025-11-19T09:54:00+05:30,25891.95,25912.10,-20.15,5m0s,"1m PUT entry: EMA6(2590072) EMA9(2590218) < MA21(2590350), close=2589195","1m PUT exit: EMA6(2589991) crossed above EMA9(2589964), close=2591210"
1059,CALL,2025-11-19T09:55:00+05:30,2025-11-19T10:40:00+05:30,25917.95,25967.20,49.25,45m0s,"1m CALL entry: EMA6(2590506) EMA9(2590330) > MA21(2590288), close=2591795","1m CALL exit: EMA6(2597140) crossed below EMA9(2597159), close=2596720"
1060,PUT,2025-11-19T10:42:00+05:30,2025-11-19T10:54:00+05:30,25963.65,25967.45,-3.80,12m0s,"1m PUT entry: EMA6(2596787) EMA9(2596894) < MA21(2596982), close=2596365","1m PUT exit: EMA6(2596285) crossed above EMA9(2596231), close=2596745"
1061,PUT,2025-11-19T10:57:00+05:30,2025-11-19T11:20:00+05:30,25959.55,25939.30,20.25,23m0s,"1m PUT re-entry: EMA6(2596163) EMA9(2596173) < MA21(2596342), close=2595955","1m PUT exit: EMA6(2593232) crossed above EMA9(2593218), close=2593930"
1062,CALL,2025-11-19T11:24:00+05:30,2025-11-19T12:40:00+05:30,25938.40,26015.45,77.05,1h16m0s,"1m CALL entry: EMA6(2593714) EMA9(2593616) > MA21(2593577), close=2593840","1m CALL exit: EMA6(2601798) crossed below EMA9(2601803), close=2601545"
1063,CALL,2025-11-19T12:43:00+05:30,2025-11-19T12:45:00+05:30,26019.25,26012.85,-6.40,2m0s,"1m CALL re-entry: EMA6(2601835) EMA9(2601825) > MA21(2601638), close=2601925","1m CALL exit: EMA6(2601663) crossed below EMA9(2601706), close=2601285"
1064,CALL,2025-11-19T12:49:00+05:30,2025-11-19T12:58:00+05:30,26025.75,26016.55,-9.20,9m0s,"1m CALL entry: EMA6(2602084) EMA9(2601993) > MA21(2601934), close=2602575","1m CALL exit: EMA6(2602071) crossed below EMA9(2602093), close=2601655"
1065,PUT,2025-11-19T13:01:00+05:30,2025-11-19T13:03:00+05:30,26019.35,26025.15,-5.80,2m0s,"1m PUT entry: EMA6(2601951) EMA9(2601987) < MA21(2602015), close=2601935","1m PUT exit: EMA6(2602176) crossed above EMA9(2602137), close=2602515"
1066,CALL,2025-11-19T13:13:00+05:30,2025-11-19T13:17:00+05:30,26025.20,26022.45,-2.75,4m0s,"1m CALL entry: EMA6(2602307) EMA9(2602321) > MA21(2602283), close=2602520","1m CALL exit: EMA6(2602356) crossed below EMA9(2602365), close=2602245"
1067,PUT,2025-11-19T13:18:00+05:30,2025-11-19T13:45:00+05:30,26019.00,26006.20,12.80,27m0s,"1m PUT entry: EMA6(2602226) EMA9(2602272) < MA21(2602313), close=2601900","1m PUT exit: EMA6(2599928) crossed above EMA9(2599916), close=2600620"
1068,CALL,2025-11-19T13:49:00+05:30,2025-11-19T14:00:00+05:30,26010.20,26004.45,-5.75,11m0s,"1m CALL entry: EMA6(2600441) EMA9(2600318) > MA21(2600172), close=2601020","1m CALL exit: EMA6(2600884) crossed below EMA9(2600911), close=2600445"
1069,PUT,2025-11-19T14:02:00+05:30,2025-11-19T14:04:00+05:30,25995.95,26014.80,-18.85,2m0s,"1m PUT entry: EMA6(2600326) EMA9(2600495) < MA21(2600606), close=2599595","1m PUT exit: EMA6(2600895) crossed above EMA9(2600853), close=2601480"
1070,CALL,2025-11-19T14:05:00+05:30,2025-11-19T14:34:00+05:30,26018.95,26042.30,23.35,29m0s,"1m CALL entry: EMA6(2601181) EMA9(2601061) > MA21(2600925), close=2601895","1m CALL exit: EMA6(2604406) crossed below EMA9(2604406), close=2604230"
1071,PUT,2025-11-19T14:36:00+05:30,2025-11-19T14:39:00+05:30,26041.70,26048.90,-7.20,3m0s,"1m PUT entry: EMA6(2604299) EMA9(2604328) < MA21(2604377), close=2604170","1m PUT exit: EMA6(2604470) crossed above EMA9(2604434), close=2604890"
1072,PUT,2025-11-19T14:58:00+05:30,2025-11-19T15:12:00+05:30,26054.45,26057.65,-3.20,14m0s,"1m PUT entry: EMA6(2605983) EMA9(2606046) < MA21(2606107), close=2605445","1m PUT exit: EMA6(2605489) crossed above EMA9(2605484), close=2605765"
1073,CALL,2025-11-19T15:14:00+05:30,2025-11-19T15:18:00+05:30,26059.10,26053.45,-5.65,4m0s,"1m CALL entry: EMA6(2605746) EMA9(2605678) > MA21(2605675), close=2605910","1m CALL exit: EMA6(2605539) crossed below EMA9(2605560), close=2605345"
1074,PUT,2025-11-19T15:19:00+05:30,2025-11-19T15:29:00+05:30,26053.15,26052.70,0.45,10m0s,"1m PUT entry: EMA6(2605475) EMA9(2605511) < MA21(2605538), close=2605315",end of day (15:29 close)
1075,PUT,2025-11-20T09:43:00+05:30,2025-11-20T09:52:00+05:30,26076.55,26094.05,-17.50,9m0s,"1m PUT entry: EMA6(2609427) EMA9(2609668) < MA21(2609896), close=2607655","1m PUT exit: EMA6(2609033) crossed above EMA9(2609030), close=2609405"
1076,PUT,2025-11-20T09:53:00+05:30,2025-11-20T10:05:00+05:30,26087.50,26090.55,-3.05,12m0s,"1m PUT re-entry: EMA6(2608952) EMA9(2608974) < MA21(2609413), close=2608750","1m PUT exit: EMA6(2608425) crossed above EMA9(2608402), close=2609055"
1077,CALL,2025-11-20T10:06:00+05:30,2025-11-20T10:58:00+05:30,26098.50,26134.00,35.50,52m0s,"1m CALL entry: EMA6(2608832) EMA9(2608692) > MA21(2608647), close=2609850","1m CALL exit: EMA6(2613606) crossed below EMA9(2613607), close=2613400"
1078,PUT,2025-11-20T11:00:00+05:30,2025-11-20T11:05:00+05:30,26127.30,26136.90,-9.60,5m0s,"1m PUT entry: EMA6(2613243) EMA9(2613343) < MA21(2613353), close=2612730","1m PUT exit: EMA6(2613433) crossed above EMA9(2613405), close=2613690"
1079,CALL,2025-11-20T11:10:00+05:30,2025-11-20T11:15:00+05:30,26140.20,26133.15,-7.05,5m0s,"1m CALL entry: EMA6(2613760) EMA9(2613677) > MA21(2613602), close=2614020","1m CALL exit: EMA6(2613582) crossed below EMA9(2613610), close=2613315"
1080,PUT,2025-11-20T11:18:00+05:30,2025-11-20T11:24:00+05:30,26128.75,26137.35,-8.60,6m0s,"1m PUT entry: EMA6(2613300) EMA9(2613392) < MA21(2613456), close=2612875","1m PUT exit: EMA6(2613387) crossed above EMA9(2613359), close=2613735"
1081,CALL,2025-11-20T11:26:00+05:30,2025-11-20T11:42:00+05:30,26138.15,26140.10,1.95,16m0s,"1m CALL entry: EMA6(2613580) EMA9(2613510) > MA21(2613505), close=2613815","1m CALL exit: EMA6(2614124) crossed below EMA9(2614127), close=2614010"
1082,CALL,2025-11-20T11:43:00+05:30,2025-11-20T11:46:00+05:30,26143.85,26138.45,-5.40,3m0s,"1m CALL re-entry: EMA6(2614199) EMA9(2614179) > MA21(2613997), close=2614385","1m CALL exit: EMA6(2614185) crossed below EMA9(2614192), close=2613845"
1083,PUT,2025-11-20T11:47:00+05:30,2025-11-20T11:57:00+05:30,26134.40,26138.80,-4.40,10m0s,"1m PUT entry: EMA6(2613972) EMA9(2614041) < MA21(2614066), close=2613440","1m PUT exit: EMA6(2613605) crossed above EMA9(2613593), close=2613880"
1084,CALL,2025-11-20T11:59:00+05:30,2025-11-20T12:09:00+05:30,26143.50,26140.65,-2.85,10m0s,"1m CALL entry: EMA6(2613953) EMA9(2613853) > MA21(2613821), close=2614350","1m CALL exit: EMA6(2614350) crossed below EMA9(2614358), close=2614065"
1085,CALL,2025-11-20T12:14:00+05:30,2025-11-20T12:17:00+05:30,26146.05,26136.15,-9.90,3m0s,"1m CALL re-entry: EMA6(2614370) EMA9(2614357) > MA21(2614301), close=2614605","1m CALL exit: EMA6(2614246) crossed below EMA9(2614284), close=2613615"
1086,CALL,2025-11-20T12:22:00+05:30,2025-11-20T12:55:00+05:30,26144.95,26170.65,25.70,33m0s,"1m CALL entry: EMA6(2614429) EMA9(2614411) > MA21(2614391), close=2614495","1m CALL exit: EMA6(2617156) crossed below EMA9(2617161), close=2617065"
1087,PUT,2025-11-20T12:58:00+05:30,2025-11-20T13:00:00+05:30,26170.80,26173.65,-2.85,2m0s,"1m PUT entry: EMA6(2617093) EMA9(2617107) < MA21(2617109), close=2617080","1m PUT exit: EMA6(2617195) crossed above EMA9(2617176), close=2617365"
1088,CALL,2025-11-20T13:10:00+05:30,2025-11-20T13:13:00+05:30,26178.65,26173.75,-4.90,3m0s,"1m CALL re-entry: EMA6(2617650) EMA9(2617642) > MA21(2617470), close=2617865","1m CALL exit: EMA6(2617636) crossed below EMA9(2617643), close=2617375"
1089,CALL,2025-11-20T13:14:00+05:30,2025-11-20T13:15:00+05:30,26177.80,26176.05,-1.75,1m0s,"1m CALL re-entry: EMA6(2617677) EMA9(2617671) > MA21(2617560), close=2617780","1m CALL exit: EMA6(2617656) crossed below EMA9(2617658), close=2617605"
1090,CALL,2025-11-20T13:17:00+05:30,2025-11-20T13:48:00+05:30,26180.25,26207.05,26.80,31m0s,"1m CALL re-entry: EMA6(2617764) EMA9(2617732) > MA21(2617665), close=2618025","1m CALL exit: EMA6(2620742) crossed below EMA9(2620742), close=2620705"
1091,CALL,2025-11-20T13:49:00+05:30,2025-11-20T14:02:00+05:30,26211.95,26213.65,1.70,13m0s,"1m CALL re-entry: EMA6(2620871) EMA9(2620833) > MA21(2620649), close=2621195","1m CALL exit: EMA6(2621822) crossed below EMA9(2621859), close=2621365"
1092,CALL,2025-11-20T14:05:00+05:30,2025-11-20T14:26:00+05:30,26224.85,26228.55,3.70,21m0s,"1m CALL re-entry: EMA6(2621983) EMA9(2621945) > MA21(2621741), close=2622485","1m CALL exit: EMA6(2623173) crossed below EMA9(2623195), close=2622855"
1093,PUT,2025-11-20T14:28:00+05:30,2025-11-20T14:37:00+05:30,26208.65,26221.45,-12.80,9m0s,"1m PUT entry: EMA6(2622251) EMA9(2622519) < MA21(2622858), close=2620865","1m PUT exit: EMA6(2621354) crossed above EMA9(2621336), close=2622145"
1094,CALL,2025-11-20T14:42:00+05:30,2025-11-20T14:43:00+05:30,26217.45,26199.30,-18.15,1m0s,"1m CALL entry: EMA6(2621827) EMA9(2621746) > MA21(2621726), close=2621745","1m CALL exit: EMA6(2621285) crossed below EMA9(2621383), close=2619930"
1095,PUT,2025-11-20T14:53:00+05:30,2025-11-20T14:59:00+05:30,26201.20,26208.35,-7.15,6m0s,"1m PUT re-entry: EMA6(2620745) EMA9(2620793) < MA21(2621033), close=2620120","1m PUT exit: EMA6(2620597) crossed above EMA9(2620591), close=2620835"
1096,PUT,2025-11-20T15:01:00+05:30,2025-11-20T15:14:00+05:30,26185.85,26203.20,-17.35,13m0s,"1m PUT re-entry: EMA6(2620025) EMA9(2620193) < MA21(2620552), close=2618585","1m PUT exit: EMA6(2619271) crossed above EMA9(2619155), close=2620320"
1097,CALL,2025-11-20T15:16:00+05:30,2025-11-20T15:29:00+05:30,26191.20,26197.40,6.20,13m0s,"1m CALL entry: EMA6(2619361) EMA9(2619271) > MA21(2619271), close=2619120",end of day (15:29 close)
1098,CALL,2025-11-21T09:31:00+05:30,2025-11-21T09:35:00+05:30,26157.15,26146.25,-10.90,4m0s,"1m CALL entry: EMA6(2615708) EMA9(2615663) > MA21(2615463), close=2615715","1m CALL exit: EMA6(2615594) crossed below EMA9(2615674), close=2614625"
1099,PUT,2025-11-21T09:38:00+05:30,2025-11-21T10:32:00+05:30,26142.50,26072.35,70.15,54m0s,"1m PUT entry: EMA6(2614779) EMA9(2615011) < MA21(2615187), close=2614250","1m PUT exit: EMA6(2606856) crossed above EMA9(2606835), close=2607235"
1100,CALL,2025-11-21T10:35:00+05:30,2025-11-21T10:45:00+05:30,26067.00,26070.30,3.30,10m0s,"1m CALL entry: EMA6(2606899) EMA9(2606889) > MA21(2606888), close=2606700","1m CALL exit: EMA6(2607192) crossed below EMA9(2607208), close=2607030"
1101,PUT,2025-11-21T10:48:00+05:30,2025-11-21T10:49:00+05:30,26071.85,26075.75,-3.90,1m0s,"1m PUT entry: EMA6(2607059) EMA9(2607086) < MA21(2607094), close=2607185","1m PUT exit: EMA6(2607206) crossed above EMA9(2607184), close=2607575"
1102,PUT,2025-11-21T10:53:00+05:30,2025-11-21T10:56:00+05:30,26063.20,26079.80,-16.60,3m0s,"1m PUT entry: EMA6(2607023) EMA9(2607086) < MA21(2607205), close=2606320","1m PUT exit: EMA6(2607205) crossed above EMA9(2607174), close=2607980"
1103,CALL,2025-11-21T10:57:00+05:30,2025-11-21T11:06:00+05:30,26085.20,26067.15,-18.05,9m0s,"1m CALL entry: EMA6(2607581) EMA9(2607443) > MA21(2607267), close=2608520","1m CALL exit: EMA6(2607902) crossed below EMA9(2608030), close=2606715"
1104,CALL,2025-11-21T11:08:00+05:30,2025-11-21T11:23:00+05:30,26082.00,26092.35,10.35,15m0s,"1m CALL entry: EMA6(2607913) EMA9(2607986) > MA21(2607895), close=2608200","1m CALL exit: EMA6(2609689) crossed below EMA9(2609725), close=2609235"
1105,PUT,2025-11-21T11:27:00+05:30,2025-11-21T11:28:00+05:30,26094.35,26103.05,-8.70,1m0s,"1m PUT entry: EMA6(2609336) EMA9(2609405) < MA21(2609515), close=2609435","1m PUT exit: EMA6(2609613) crossed above EMA9(2609585), close=2610305"
1106,PUT,2025-11-21T11:31:00+05:30,2025-11-21T11:47:00+05:30,26096.60,26089.85,6.75,16m0s,"1m PUT entry: EMA6(2609798) EMA9(2609752) < MA21(2609852), close=2609660","1m PUT exit: EMA6(2608733) crossed above EMA9(2608715), close=2608985"
1107,CALL,2025-11-21T11:50:00+05:30,2025-11-21T12:00:00+05:30,26091.25,26087.65,-3.60,10m0s,"1m CALL entry: EMA6(2608957) EMA9(2608895) > MA21(2608850), close=2609125","1m CALL exit: EMA6(2609222) crossed below EMA9(2609245), close=2608765"
1108,CALL,2025-11-21T12:01:00+05:30,2025-11-21T12:32:00+05:30,26095.25,26138.40,43.15,31m0s,"1m CALL re-entry: EMA6(2609309) EMA9(2609301) > MA21(2609026), close=2609525","1m CALL exit: EMA6(2614650) crossed below EMA9(2614685), close=2613840"
1109,PUT,2025-11-21T12:36:00+05:30,2025-11-21T12:42:00+05:30,26144.60,26150.65,-6.05,6m0s,"1m PUT entry: EMA6(2614431) EMA9(2614483) < MA21(2614551), close=2614460","1m PUT exit: EMA6(2614593) crossed above EMA9(2614540), close=2615065"
1110,CALL,2025-11-21T12:45:00+05:30,2025-11-21T13:01:00+05:30,26150.45,26162.05,11.60,16m0s,"1m CALL entry: EMA6(2614801) EMA9(2614719) > MA21(2614696), close=2615045","1m CALL exit: EMA6(2616687) crossed below EMA9(2616726), close=2616205"
1111,PUT,2025-11-21T13:06:00+05:30,2025-11-21T13:34:00+05:30,26164.60,26121.55,43.05,28m0s,"1m PUT entry: EMA6(2616603) EMA9(2616639) < MA21(2616685), close=2616460","1m PUT exit: EMA6(2611660) crossed above EMA9(2611648), close=2612155"
1112,CALL,2025-11-21T13:36:00+05:30,2025-11-21T13:41:00+05:30,26118.15,26115.60,-2.55,5m0s,"1m CALL entry: EMA6(2611782) EMA9(2611744) > MA21(2611683), close=2611815","1m CALL exit: EMA6(2611734) crossed below EMA9(2611749), close=2611560"
1113,PUT,2025-11-21T13:43:00+05:30,2025-11-21T13:50:00+05:30,26105.80,26117.50,-11.70,7m0s,"1m PUT entry: EMA6(2611247) EMA9(2611390) < MA21(2611487), close=2610580","1m PUT exit: EMA6(2611240) crossed above EMA9(2611199), close=2611750"
1114,CALL,2025-11-21T13:53:00+05:30,2025-11-21T14:39:00+05:30,26120.75,26145.80,25.05,46m0s,"1m CALL entry: EMA6(2611580) EMA9(2611463) > MA21(2611409), close=2612075","1m CALL exit: EMA6(2615189) crossed below EMA9(2615194), close=2614580"
1115,PUT,2025-11-21T14:40:00+05:30,2025-11-21T15:16:00+05:30,26139.15,26075.40,63.75,36m0s,"1m PUT entry: EMA6(2614825) EMA9(2614938) < MA21(2615043), close=2613915","1m PUT exit: EMA6(2607255) crossed above EMA9(2607249), close=2607540"
1116,PUT,2025-11-21T15:17:00+05:30,2025-11-21T15:29:00+05:30,26071.65,26063.95,7.70,12m0s,"1m PUT re-entry: EMA6(2607229) EMA9(2607232) < MA21(2607300), close=2607165",end of day (15:29 close)
1117,PUT,2025-11-24T09:34:00+05:30,2025-11-24T09:49:00+05:30,26092.95,26095.70,-2.75,15m0s,"1m PUT entry: EMA6(2610032) EMA9(2610209) < MA21(2610334), close=2609295","1m PUT exit: EMA6(2608542) crossed above EMA9(2608458), close=2609570"
1118,CALL,2025-11-24T09:51:00+05:30,2025-11-24T09:57:00+05:30,26105.85,26086.75,-19.10,6m0s,"1m CALL entry: EMA6(2609486) EMA9(2609179) > MA21(2608791), close=2610585","1m CALL exit: EMA6(2609008) crossed below EMA9(2609033), close=2608675"
1119,CALL,2025-11-24T10:01:00+05:30,2025-11-24T10:19:00+05:30,26098.40,26113.95,15.55,18m0s,"1m CALL re-entry: EMA6(2609220) EMA9(2609150) > MA21(2608799), close=2609840","1m CALL exit: EMA6(2611676) crossed below EMA9(2611706), close=2611395"
1120,CALL,2025-11-24T10:21:00+05:30,2025-11-24T10:31:00+05:30,26125.10,26118.25,-6.85,10m0s,"1m CALL re-entry: EMA6(2611926) EMA9(2611871) > MA21(2611564), close=2612510","1m CALL exit: EMA6(2612195) crossed below EMA9(2612223), close=2611825"
1121,CALL,2025-11-24T10:32:00+05:30,2025-11-24T10:45:00+05:30,26123.75,26129.40,5.65,13m0s,"1m CALL entry: EMA6(2612246) EMA9(2612253) > MA21(2612232), close=2612375","1m CALL exit: EMA6(2613380) crossed below EMA9(2613388), close=2612940"
1122,PUT,2025-11-24T10:50:00+05:30,2025-11-24T11:25:00+05:30,26128.95,26104.50,24.45,35m0s,"1m PUT entry: EMA6(2613131) EMA9(2613183) < MA21(2613185), close=2612895","1m PUT exit: EMA6(2609837) crossed above EMA9(2609767), close=2610450"
1123,CALL,2025-11-24T11:26:00+05:30,2025-11-24T11:42:00+05:30,26109.60,26114.60,5.00,16m0s,"1m CALL entry: EMA6(2610158) EMA9(2610006) > MA21(2609816), close=2610960","1m CALL exit: EMA6(2611867) crossed below EMA9(2611913), close=2611460"
1124,PUT,2025-11-24T11:45:00+05:30,2025-11-24T12:02:00+05:30,26106.70,26087.85,18.85,17m0s,"1m PUT entry: EMA6(2611476) EMA9(2611611) < MA21(2611830), close=2610670","1m PUT exit: EMA6(2608141) crossed above EMA9(2608115), close=2608785"
1125,PUT,2025-11-24T12:07:00+05:30,2025-11-24T12:18:00+05:30,26076.10,26078.80,-2.70,11m0s,"1m PUT re-entry: EMA6(2608087) EMA9(2608116) < MA21(2608209), close=2607610","1m PUT exit: EMA6(2607345) crossed above EMA9(2607331), close=2607880"
1126,CALL,2025-11-24T12:21:00+05:30,2025-11-24T12:25:00+05:30,26087.25,26068.35,-18.90,4m0s,"1m CALL entry: EMA6(2608024) EMA9(2607843) > MA21(2607714), close=2608725","1m CALL exit: EMA6(2607550) crossed below EMA9(2607610), close=2606835"
1127,PUT,2025-11-24T12:26:00+05:30,2025-11-24T12:34:00+05:30,26066.60,26077.60,-11.00,8m0s,"1m PUT entry: EMA6(2607295) EMA9(2607420) < MA21(2607457), close=2606660","1m PUT exit: EMA6(2607114) crossed above EMA9(2607049), close=2607760"
1128,CALL,2025-11-24T12:36:00+05:30,2025-11-24T12:55:00+05:30,26079.90,26075.25,-4.65,19m0s,"1m CALL entry: EMA6(2607514) EMA9(2607365) > MA21(2607311), close=2607990","1m CALL exit: EMA6(2608111) crossed below EMA9(2608166), close=2607525"
1129,CALL,2025-11-24T12:59:00+05:30,2025-11-24T13:02:00+05:30,26084.75,26075.55,-9.20,3m0s,"1m CALL entry: EMA6(2608172) EMA9(2608172) > MA21(2608090), close=2608475","1m CALL exit: EMA6(2608091) crossed below EMA9(2608130), close=2607555"
1130,CALL,2025-11-24T13:10:00+05:30,2025-11-24T13:16:00+05:30,26088.60,26079.95,-8.65,6m0s,"1m CALL entry: EMA6(2608270) EMA9(2608145) > MA21(2608121), close=2608860","1m CALL exit: EMA6(2608154) crossed below EMA9(2608173), close=2607995"
1131,CALL,2025-11-24T13:17:00+05:30,2025-11-24T13:28:00+05:30,26086.05,26079.40,-6.65,11m0s,"1m CALL re-entry: EMA6(2608283) EMA9(2608259) > MA21(2608100), close=2608605","1m CALL exit: EMA6(2608607) crossed below EMA9(2608685), close=2607940"
1132,PUT,2025-11-24T13:29:00+05:30,2025-11-24T13:36:00+05:30,26083.45,26088.45,-5.00,7m0s,"1m PUT entry: EMA6(2608532) EMA9(2608617) < MA21(2608668), close=2608345","1m PUT exit: EMA6(2608372) crossed above EMA9(2608351), close=2608845"
1133,PUT,2025-11-24T13:37:00+05:30,2025-11-24T13:44:00+05:30,26080.95,26086.55,-5.60,7m0s,"1m PUT re-entry: EMA6(2608293) EMA9(2608300) < MA21(2608576), close=2608095","1m PUT exit: EMA6(2607988) crossed above EMA9(2607946), close=2608655"
1134,CALL,2025-11-24T13:46:00+05:30,2025-11-24T13:53:00+05:30,26085.50,26075.80,-9.70,7m0s,"1m CALL entry: EMA6(2608298) EMA9(2608190) > MA21(2608075), close=2608550","1m CALL exit: EMA6(2608025) crossed below EMA9(2608068), close=2607580"
1135,PUT,2025-11-24T13:54:00+05:30,2025-11-24T14:14:00+05:30,26076.95,26057.15,19.80,20m0s,"1m PUT entry: EMA6(2607930) EMA9(2607994) < MA21(2608036), close=2607695","1m PUT exit: EMA6(2605135) crossed above EMA9(2605117), close=2605715"
1136,PUT,2025-11-24T14:15:00+05:30,2025-11-24T14:18:00+05:30,26048.55,26057.10,-8.55,3m0s,"1m PUT re-entry: EMA6(2605055) EMA9(2605065) < MA21(2605709), close=2604855","1m PUT exit: EMA6(2605233) crossed above EMA9(2605180), close=2605710"
1137,PUT,2025-11-24T14:19:00+05:30,2025-11-24T14:42:00+05:30,26039.55,26030.10,9.45,23m0s,"1m PUT re-entry: EMA6(2604868) EMA9(2604935) < MA21(2605147), close=2603955","1m PUT exit: EMA6(2602736) crossed above EMA9(2602736), close=2603010"
1138,PUT,2025-11-24T14:44:00+05:30,2025-11-24T14:57:00+05:30,26025.70,26035.45,-9.75,13m0s,"1m PUT entry: EMA6(2602773) EMA9(2602769) < MA21(2602850), close=2602570","1m PUT exit: EMA6(2603003) crossed above EMA9(2602970), close=2603545"
1139,PUT,2025-11-24T15:01:00+05:30,2025-11-24T15:29:00+05:30,26012.00,25943.35,68.65,28m0s,"1m PUT entry: EMA6(2602855) EMA9(2602952) < MA21(2603039), close=2601200",end of day (15:29 close)
1140,CALL,2025-11-25T09:19:00+05:30,2025-11-25T09:48:00+05:30,25965.00,25966.45,1.45,29m0s,"1m CALL entry: EMA6(2594918) EMA9(2594595) > MA21(2594255), close=2596500","1m CALL exit: EMA6(2597030) crossed below EMA9(2597045), close=2596645"
1141,PUT,2025-11-25T09:49:00+05:30,2025-11-25T09:53:00+05:30,25961.15,25976.15,-15.00,4m0s,"1m PUT entry: EMA6(2596768) EMA9(2596859) < MA21(2596928), close=2596115","1m PUT exit: EMA6(2596706) crossed above EMA9(2596705), close=2597615"
1142,CALL,2025-11-25T09:55:00+05:30,2025-11-25T10:23:00+05:30,25987.85,26008.40,20.55,28m0s,"1m CALL entry: EMA6(2597644) EMA9(2597391) > MA21(2597139), close=2598785","1m CALL exit: EMA6(2601319) crossed below EMA9(2601360), close=2600840"
1143,PUT,2025-11-25T10:26:00+05:30,2025-11-25T10:30:00+05:30,26006.45,26014.95,-8.50,4m0s,"1m PUT entry: EMA6(2601105) EMA9(2601191) < MA21(2601239), close=2600645","1m PUT exit: EMA6(2601309) crossed above EMA9(2601308), close=2601495"
1144,PUT,2025-11-25T10:31:00+05:30,2025-11-25T10:32:00+05:30,26012.90,26016.85,-3.95,1m0s,"1m PUT re-entry: EMA6(2601303) EMA9(2601304) < MA21(2601538), close=2601290","1m PUT exit: EMA6(2601412) crossed above EMA9(2601380), close=2601685"
1145,PUT,2025-11-25T10:34:00+05:30,2025-11-25T11:14:00+05:30,26001.70,25945.20,56.50,40m0s,"1m PUT re-entry: EMA6(2601050) EMA9(2601137) < MA21(2601419), close=2600170","1m PUT exit: EMA6(2593885) crossed above EMA9(2593850), close=2594520"
1146,CALL,2025-11-25T11:15:00+05:30,2025-11-25T11:43:00+05:30,25950.25,25958.05,7.80,28m0s,"1m CALL entry: EMA6(2594210) EMA9(2594085) > MA21(2593928), close=2595025","1m CALL exit: EMA6(2596301) crossed below EMA9(2596324), close=2595805"
1147,PUT,2025-11-25T11:44:00+05:30,2025-11-25T11:50:00+05:30,25952.15,25969.55,-17.40,6m0s,"1m PUT entry: EMA6(2595991) EMA9(2596102) < MA21(2596170), close=2595215","1m PUT exit: EMA6(2596211) crossed above EMA9(2596128), close=2596955"
1148,CALL,2025-11-25T11:51:00+05:30,2025-11-25T12:12:00+05:30,25971.30,25977.90,6.60,21m0s,"1m CALL entry: EMA6(2596473) EMA9(2596329) > MA21(2596243), close=2597130","1m CALL exit: EMA6(2598335) crossed below EMA9(2598346), close=2597790"
1149,PUT,2025-11-25T12:13:00+05:30,2025-11-25T12:27:00+05:30,25975.55,25973.50,2.05,14m0s,"1m PUT entry: EMA6(2598112) EMA9(2598188) < MA21(2598264), close=2597555","1m PUT exit: EMA6(2596702) crossed above EMA9(2596689), close=2597350"
1150,PUT,2025-11-25T12:28:00+05:30,2025-11-25T12:34:00+05:30,25961.70,25966.90,-5.20,6m0s,"1m PUT re-entry: EMA6(2596550) EMA9(2596585) < MA21(2597213), close=2596170","1m PUT exit: EMA6(2596472) crossed above EMA9(2596455), close=2596690"
1151,CALL,2025-11-25T12:36:00+05:30,2025-11-25T13:00:00+05:30,25969.45,25973.30,3.85,24m0s,"1m CALL entry: EMA6(2596698) EMA9(2596627) > MA21(2596517), close=2596945","1m CALL exit: EMA6(2598667) crossed below EMA9(2598799), close=2597330"
1152,CALL,2025-11-25T13:09:00+05:30,2025-11-25T13:20:00+05:30,26001.55,25985.10,-16.45,11m0s,"1m CALL entry: EMA6(2599159) EMA9(2598927) > MA21(2598747), close=2600155","1m CALL exit: EMA6(2599235) crossed below EMA9(2599304), close=2598510"
1153,CALL,2025-11-25T13:23:00+05:30,2025-11-25T13:33:00+05:30,26001.05,25990.45,-10.60,10m0s,"1m CALL re-entry: EMA6(2599568) EMA9(2599507) > MA21(2599269), close=2600105","1m CALL exit: EMA6(2600000) crossed below EMA9(2600089), close=2599045"
1154,CALL,2025-11-25T13:36:00+05:30,2025-11-25T13:41:00+05:30,26007.05,25997.00,-10.05,5m0s,"1m CALL re-entry: EMA6(2600296) EMA9(2600267) > MA21(2600059), close=2600705","1m CALL exit: EMA6(2600338) crossed below EMA9(2600365), close=2599700"
1155,PUT,2025-11-25T13:42:00+05:30,2025-11-25T13:43:00+05:30,26001.15,26007.65,-6.50,1m0s,"1m PUT entry: EMA6(2600274) EMA9(2600315) < MA21(2600367), close=2600115","1m PUT exit: EMA6(2600414) crossed above EMA9(2600405), close=2600765"
1156,PUT,2025-11-25T13:44:00+05:30,2025-11-25T13:48:00+05:30,25996.45,26005.90,-9.45,4m0s,"1m PUT entry: EMA6(2600194) EMA9(2600253) < MA21(2600390), close=2599645","1m PUT exit: EMA6(2600267) crossed above EMA9(2600241), close=2600590"
1157,PUT,2025-11-25T13:49:00+05:30,2025-11-25T13:51:00+05:30,25999.10,26007.40,-8.30,2m0s,"1m PUT re-entry: EMA6(2600165) EMA9(2600175) < MA21(2600287), close=2599910","1m PUT exit: EMA6(2600243) crossed above EMA9(2600219), close=2600740"
1158,PUT,2025-11-25T14:19:00+05:30,2025-11-25T14:48:00+05:30,26004.20,25960.70,43.50,29m0s,"1m PUT entry: EMA6(2601517) EMA9(2601658) < MA21(2601802), close=2600420","1m PUT exit: EMA6(2595664) crossed above EMA9(2595662), close=2596070"
1159,PUT,2025-11-25T14:50:00+05:30,2025-11-25T15:29:00+05:30,25951.70,25860.30,91.40,39m0s,"1m PUT re-entry: EMA6(2595573) EMA9(2595604) < MA21(2595635), close=2595170",end of day (15:29 close)
1160,PUT,2025-11-26T10:17:00+05:30,2025-11-26T10:33:00+05:30,26086.25,26083.50,2.75,16m0s,"1m PUT entry: EMA6(2608588) EMA9(2608597) < MA21(2608605), close=2608625","1m PUT exit: EMA6(2607544) crossed above EMA9(2607466), close=2608350"
1161,CALL,2025-11-26T10:36:00+05:30,2025-11-26T11:13:00+05:30,26077.80,26115.15,37.35,37m0s,"1m CALL entry: EMA6(2607687) EMA9(2607614) > MA21(2607606), close=2607780","1m CALL exit: EMA6(2611601) crossed below EMA9(2611607), close=2611515"
1162,CALL,2025-11-26T11:14:00+05:30,2025-11-26T11:38:00+05:30,26116.75,26129.25,12.50,24m0s,"1m CALL re-entry: EMA6(2611622) EMA9(2611620) > MA21(2611456), close=2611675","1m CALL exit: EMA6(2613206) crossed below EMA9(2613218), close=2612925"
1163,PUT,2025-11-26T11:39:00+05:30,2025-11-26T11:49:00+05:30,26126.10,26131.60,-5.50,10m0s,"1m PUT entry: EMA6(2613035) EMA9(2613097) < MA21(2613184), close=2612610","1m PUT exit: EMA6(2612717) crossed above EMA9(2612678), close=2613160"
1164,CALL,2025-11-26T11:52:00+05:30,2025-11-26T12:20:00+05:30,26132.15,26148.85,16.70,28m0s,"1m CALL entry: EMA6(2612992) EMA9(2612906) > MA21(2612875), close=2613215","1m CALL exit: EMA6(2615349) crossed below EMA9(2615402), close=2614885"
1165,PUT,2025-11-26T12:21:00+05:30,2025-11-26T12:25:00+05:30,26150.15,26155.65,-5.50,4m0s,"1m PUT entry: EMA6(2615254) EMA9(2615325) < MA21(2615332), close=2615015","1m PUT exit: EMA6(2615384) crossed above EMA9(2615379), close=2615565"
1166,PUT,2025-11-26T12:26:00+05:30,2025-11-26T12:27:00+05:30,26150.60,26157.50,-6.90,1m0s,"1m PUT re-entry: EMA6(2615292) EMA9(2615315) < MA21(2615488), close=2615060","1m PUT exit: EMA6(2615423) crossed above EMA9(2615402), close=2615750"
1167,CALL,2025-11-26T12:29:00+05:30,2025-11-26T12:31:00+05:30,26157.80,26153.05,-4.75,2m0s,"1m CALL entry: EMA6(2615646) EMA9(2615576) > MA21(2615553), close=2615780","1m CALL exit: EMA6(2615444) crossed below EMA9(2615451), close=2615305"
1168,CALL,2025-11-26T12:33:00+05:30,2025-11-26T12:55:00+05:30,26156.50,26163.70,7.20,22m0s,"1m CALL entry: EMA6(2615491) EMA9(2615480) > MA21(2615474), close=2615650","1m CALL exit: EMA6(2616683) crossed below EMA9(2616716), close=2616370"
1169,PUT,2025-11-26T12:56:00+05:30,2025-11-26T12:59:00+05:30,26166.20,26171.70,-5.50,3m0s,"1m PUT entry: EMA6(2616665) EMA9(2616696) < MA21(2616715), close=2616620","1m PUT exit: EMA6(2616810) crossed above EMA9(2616780), close=2617170"
1170,CALL,2025-11-26T13:00:00+05:30,2025-11-26T13:15:00+05:30,26170.75,26179.50,8.75,15m0s,"1m CALL entry: EMA6(2616886) EMA9(2616839) > MA21(2616797), close=2617075","1m CALL exit: EMA6(2618466) crossed below EMA9(2618473), close=2617950"
1171,CALL,2025-11-26T13:17:00+05:30,2025-11-26T13:23:00+05:30,26188.30,26179.10,-9.20,6m0s,"1m CALL re-entry: EMA6(2618489) EMA9(2618480) > MA21(2618164), close=2618830","1m CALL exit: EMA6(2618516) crossed below EMA9(2618550), close=2617910"
1172,CALL,2025-11-26T13:40:00+05:30,2025-11-26T13:46:00+05:30,26180.20,26173.50,-6.70,6m0s,"1m CALL entry: EMA6(2617653) EMA9(2617549) > MA21(2617450), close=2618020","1m CALL exit: EMA6(2617806) crossed below EMA9(2617817), close=2617350"
1173,PUT,2025-11-26T13:51:00+05:30,2025-11-26T13:55:00+05:30,26170.25,26189.75,-19.50,4m0s,"1m PUT entry: EMA6(2617527) EMA9(2617588) < MA21(2617656), close=2617025","1m PUT exit: EMA6(2617894) crossed above EMA9(2617783), close=2618975"
1174,CALL,2025-11-26T14:08:00+05:30,2025-11-26T14:16:00+05:30,26198.50,26187.95,-10.55,8m0s,"1m CALL re-entry: EMA6(2619272) EMA9(2619231) > MA21(2618654), close=2619850","1m CALL exit: EMA6(2619550) crossed below EMA9(2619589), close=2618795"
1175,PUT,2025-11-26T14:17:00+05:30,2025-11-26T14:23:00+05:30,26186.50,26196.55,-10.05,6m0s,"1m PUT entry: EMA6(2619293) EMA9(2619401) < MA21(2619477), close=2618650","1m PUT exit: EMA6(2619266) crossed above EMA9(2619265), close=2619655"
1176,CALL,2025-11-26T14:25:00+05:30,2025-11-26T14:27:00+05:30,26198.00,26180.35,-17.65,2m0s,"1m CALL entry: EMA6(2619512) EMA9(2619446) > MA21(2619399), close=2619800","1m CALL exit: EMA6(2619146) crossed below EMA9(2619218), close=2618035"
1177,CALL,2025-11-26T14:42:00+05:30,2025-11-26T14:49:00+05:30,26196.10,26175.10,-21.00,7m0s,"1m CALL entry: EMA6(2618681) EMA9(2618541) > MA21(2618492), close=2619610","1m CALL exit: EMA6(2618500) crossed below EMA9(2618585), close=2617510"
1178,PUT,2025-11-26T14:50:00+05:30,2025-11-26T14:55:00+05:30,26169.25,26190.15,-20.90,5m0s,"1m PUT entry: EMA6(2618050) EMA9(2618253) < MA21(2618400), close=2616925","1m PUT exit: EMA6(2618309) crossed above EMA9(2618258), close=2619015"
1179,CALL,2025-11-26T14:57:00+05:30,2025-11-26T15:17:00+05:30,26194.00,26205.75,11.75,20m0s,"1m CALL entry: EMA6(2618776) EMA9(2618616) > MA21(2618492), close=2619400","1m CALL exit: EMA6(2620775) crossed below EMA9(2620787), close=2620575"
1180,PUT,2025-11-26T15:20:00+05:30,2025-11-26T15:24:00+05:30,26202.45,26210.45,-8.00,4m0s,"1m PUT entry: EMA6(2620574) EMA9(2620636) < MA21(2620713), close=2620245","1m PUT exit: EMA6(2620713) crossed above EMA9(2620688), close=2621045"
1181,PUT,2025-11-26T15:28:00+05:30,2025-11-26T15:29:00+05:30,26200.45,26203.50,-3.05,1m0s,"1m PUT re-entry: EMA6(2620509) EMA9(2620557) < MA21(2620764), close=2620045",end of day (15:29 close)
1182,PUT,2025-11-27T09:39:00+05:30,2025-11-27T09:50:00+05:30,26249.55,26249.50,0.05,11m0s,"1m PUT entry: EMA6(2626617) EMA9(2626860) < MA21(2627276), close=2624955","1m PUT exit: EMA6(2624608) crossed above EMA9(2624606), close=2624950"
1183,CALL,2025-11-27T09:54:00+05:30,2025-11-27T10:11:00+05:30,26258.70,26270.85,12.15,17m0s,"1m CALL entry: EMA6(2625548) EMA9(2625339) > MA21(2625190), close=2625870","1m CALL exit: EMA6(2628268) crossed below EMA9(2628366), close=2627085"
1184,PUT,2025-11-27T10:15:00+05:30,2025-11-27T10:21:00+05:30,26282.40,26286.20,-3.80,6m0s,"1m PUT entry: EMA6(2628139) EMA9(2628189) < MA21(2628284), close=2628240","1m PUT exit: EMA6(2628252) crossed above EMA9(2628208), close=2628620"
1185,PUT,2025-11-27T10:24:00+05:30,2025-11-27T10:32:00+05:30,26276.95,26282.90,-5.95,8m0s,"1m PUT re-entry: EMA6(2628098) EMA9(2628124) < MA21(2628352), close=2627695","1m PUT exit: EMA6(2627746) crossed above EMA9(2627721), close=2628290"
1186,PUT,2025-11-27T10:34:00+05:30,2025-11-27T10:35:00+05:30,26276.35,26280.95,-4.60,1m0s,"1m PUT re-entry: EMA6(2627680) EMA9(2627680) < MA21(2627829), close=2627635","1m PUT exit: EMA6(2627798) crossed above EMA9(2627763), close=2628095"
1187,CALL,2025-11-27T10:38:00+05:30,2025-11-27T10:56:00+05:30,26283.10,26286.95,3.85,18m0s,"1m CALL entry: EMA6(2627934) EMA9(2627874) > MA21(2627818), close=2628310","1m CALL exit: EMA6(2629347) crossed below EMA9(2629412), close=2628695"
1188,PUT,2025-11-27T10:59:00+05:30,2025-11-27T11:01:00+05:30,26291.05,26297.00,-5.95,2m0s,"1m PUT entry: EMA6(2629069) EMA9(2629158) < MA21(2629201), close=2629105","1m PUT exit: EMA6(2629369) crossed above EMA9(2629346), close=2629700"
1189,PUT,2025-11-27T11:02:00+05:30,2025-11-27T11:04:00+05:30,26289.70,26295.75,-6.05,2m0s,"1m PUT entry: EMA6(2629255) EMA9(2629271) < MA21(2629358), close=2628970","1m PUT exit: EMA6(2629307) crossed above EMA9(2629298), close=2629575"
1190,CALL,2025-11-27T11:07:00+05:30,2025-11-27T11:13:00+05:30,26300.90,26293.40,-7.50,6m0s,"1m CALL entry: EMA6(2629698) EMA9(2629596) > MA21(2629554), close=2630090","1m CALL exit: EMA6(2629600) crossed below EMA9(2629624), close=2629340"
1191,CALL,2025-11-27T11:15:00+05:30,2025-11-27T11:16:00+05:30,26298.30,26295.45,-2.85,1m0s,"1m CALL re-entry: EMA6(2629699) EMA9(2629688) > MA21(2629478), close=2629830","1m CALL exit: EMA6(2629655) crossed below EMA9(2629659), close=2629545"
1192,PUT,2025-11-27T11:17:00+05:30,2025-11-27T12:00:00+05:30,26288.25,26258.75,29.50,43m0s,"1m PUT entry: EMA6(2629418) EMA9(2629492) < MA21(2629503), close=2628825","1m PUT exit: EMA6(2624765) crossed above EMA9(2624664), close=2625875"
1193,CALL,2025-11-27T12:04:00+05:30,2025-11-27T12:05:00+05:30,26244.75,26239.25,-5.50,1m0s,"1m CALL entry: EMA6(2624732) EMA9(2624718) > MA21(2624707), close=2624475","1m CALL exit: EMA6(2624502) crossed below EMA9(2624559), close=2623925"
1194,PUT,2025-11-27T12:17:00+05:30,2025-11-27T12:41:00+05:30,26242.05,26230.40,11.65,24m0s,"1m PUT entry: EMA6(2624302) EMA9(2624266) < MA21(2624330), close=2624205","1m PUT exit: EMA6(2622519) crossed above EMA9(2622458), close=2623040"
1195,PUT,2025-11-27T12:59:00+05:30,2025-11-27T13:34:00+05:30,26237.65,26168.00,69.65,35m0s,"1m PUT entry: EMA6(2624097) EMA9(2624173) < MA21(2624229), close=2623765","1m PUT exit: EMA6(2615859) crossed above EMA9(2615837), close=2616800"
1196,PUT,2025-11-27T13:36:00+05:30,2025-11-27T13:47:00+05:30,26154.00,26154.35,-0.35,11m0s,"1m PUT re-entry: EMA6(2615778) EMA9(2615792) < MA21(2616318), close=2615400","1m PUT exit: EMA6(2615184) crossed above EMA9(2615161), close=2615435"
1197,CALL,2025-11-27T13:49:00+05:30,2025-11-27T14:17:00+05:30,26161.80,26178.40,16.60,28m0s,"1m CALL entry: EMA6(2615564) EMA9(2615443) > MA21(2615323), close=2616180","1m CALL exit: EMA6(2618456) crossed below EMA9(2618469), close=2617840"
1198,PUT,2025-11-27T14:18:00+05:30,2025-11-27T14:20:00+05:30,26174.00,26193.35,-19.35,2m0s,"1m PUT entry: EMA6(2618155) EMA9(2618256) < MA21(2618294), close=2617400","1m PUT exit: EMA6(2618625) crossed above EMA9(2618559), close=2619335"
1199,CALL,2025-11-27T14:32:00+05:30,2025-11-27T14:42:00+05:30,26208.45,26192.40,-16.05,10m0s,"1m CALL re-entry: EMA6(2620152) EMA9(2620116) > MA21(2619515), close=2620845","1m CALL exit: EMA6(2620395) crossed below EMA9(2620491), close=2619240"
1200,CALL,2025-11-27T15:02:00+05:30,2025-11-27T15:29:00+05:30,26222.05,26219.85,-2.20,27m0s,"1m CALL entry: EMA6(2620034) EMA9(2619680) > MA21(2619236), close=2622205",end of day (15:29 close)
1201,CALL,2025-11-28T09:19:00+05:30,2025-11-28T09:24:00+05:30,26242.15,26215.45,-26.70,5m0s,"1m CALL entry: EMA6(2622449) EMA9(2622221) > MA21(2621936), close=2624215","1m CALL exit: EMA6(2622211) crossed below EMA9(2622248), close=2621545"
1202,PUT,2025-11-28T09:25:00+05:30,2025-11-28T09:28:00+05:30,26205.80,26234.15,-28.35,3m0s,"1m PUT entry: EMA6(2621745) EMA9(2621915) < MA21(2622102), close=2620580","1m PUT exit: EMA6(2622479) crossed above EMA9(2622369), close=2623415"
1203,PUT,2025-11-28T09:38:00+05:30,2025-11-28T09:42:00+05:30,26206.25,26234.95,-28.70,4m0s,"1m PUT entry: EMA6(2622522) EMA9(2622763) < MA21(2622905), close=2620625","1m PUT exit: EMA6(2622765) crossed above EMA9(2622748), close=2623495"
1204,PUT,2025-11-28T09:43:00+05:30,2025-11-28T09:48:00+05:30,26225.70,26239.15,-13.45,5m0s,"1m PUT entry: EMA6(2622710) EMA9(2622712) < MA21(2622728), close=2622570","1m PUT exit: EMA6(2622818) crossed above EMA9(2622724), close=2623915"
1205,CALL,2025-11-28T09:49:00+05:30,2025-11-28T10:13:00+05:30,26238.70,26249.50,10.80,24m0s,"1m CALL entry: EMA6(2623119) EMA9(2622953) > MA21(2622929), close=2623870","1m CALL exit: EMA6(2625783) crossed below EMA9(2625823), close=2624950"
1206,PUT,2025-11-28T10:14:00+05:30,2025-11-28T10:29:00+05:30,26240.40,26236.20,4.20,15m0s,"1m PUT entry: EMA6(2625285) EMA9(2625466) < MA21(2625547), close=2624040","1m PUT exit: EMA6(2623302) crossed above EMA9(2623268), close=2623620"
1207,CALL,2025-11-28T10:31:00+05:30,2025-11-28T10:52:00+05:30,26246.60,26267.50,20.90,21m0s,"1m CALL entry: EMA6(2623853) EMA9(2623680) > MA21(2623609), close=2624660","1m CALL exit: EMA6(2627003) crossed below EMA9(2627029), close=2626750"
1208,PUT,2025-11-28T10:55:00+05:30,2025-11-28T11:13:00+05:30,26268.20,26266.75,1.45,18m0s,"1m PUT entry: EMA6(2626959) EMA9(2626983) < MA21(2626995), close=2626820","1m PUT exit: EMA6(2625933) crossed above EMA9(2625887), close=2626675"
1209,CALL,2025-11-28T11:15:00+05:30,2025-11-28T11:21:00+05:30,26267.15,26257.60,-9.55,6m0s,"1m CALL entry: EMA6(2626303) EMA9(2626175) > MA21(2626046), close=2626715","1m CALL exit: EMA6(2626241) crossed below EMA9(2626265), close=2625760"
1210,PUT,2025-11-28T11:22:00+05:30,2025-11-28T11:43:00+05:30,26249.85,26248.85,1.00,21m0s,"1m PUT entry: EMA6(2625882) EMA9(2626009) < MA21(2626048), close=2624985","1m PUT exit: EMA6(2624492) crossed above EMA9(2624450), close=2624885"
1211,CALL,2025-11-28T11:56:00+05:30,2025-11-28T11:59:00+05:30,26252.85,26247.10,-5.75,3m0s,"1m CALL re-entry: EMA6(2624979) EMA9(2624976) > MA21(2624766), close=2625285","1m CALL exit: EMA6(2624940) crossed below EMA9(2624956), close=2624710"
1212,PUT,2025-11-28T12:01:00+05:30,2025-11-28T12:32:00+05:30,26250.30,26232.05,18.25,31m0s,"1m PUT entry: EMA6(2624968) EMA9(2624970) < MA21(2624981), close=2625030","1m PUT exit: EMA6(2622670) crossed above EMA9(2622639), close=2623205"
1213,CALL,2025-11-28T12:34:00+05:30,2025-11-28T12:42:00+05:30,26237.20,26230.90,-6.30,8m0s,"1m CALL entry: EMA6(2623176) EMA9(2623022) > MA21(2622880), close=2623720","1m CALL exit: EMA6(2623211) crossed below EMA9(2623218), close=2623090"
1214,PUT,2025-11-28T12:46:00+05:30,2025-11-28T12:57:00+05:30,26215.85,26220.00,-4.15,11m0s,"1m PUT entry: EMA6(2622645) EMA9(2622802) < MA21(2622954), close=2621585","1m PUT exit: EMA6(2621723) crossed above EMA9(2621710), close=2622000"
1215,CALL,2025-11-28T13:00:00+05:30,2025-11-28T13:07:00+05:30,26226.15,26217.30,-8.85,7m0s,"1m CALL entry: EMA6(2622304) EMA9(2622163) > MA21(2622017), close=2622615","1m CALL exit: EMA6(2622112) crossed below EMA9(2622128), close=2621730"
1216,PUT,2025-11-28T13:11:00+05:30,2025-11-28T13:23:00+05:30,26216.50,26225.40,-8.90,12m0s,"1m PUT entry: EMA6(2621945) EMA9(2621998) < MA21(2622013), close=2621650","1m PUT exit: EMA6(2621690) crossed above EMA9(2621661), close=2622540"
1217,CALL,2025-11-28T13:24:00+05:30,2025-11-28T13:41:00+05:30,26227.50,26224.20,-3.30,17m0s,"1m CALL entry: EMA6(2621993) EMA9(2621879) > MA21(2621860), close=2622750","1m CALL exit: EMA6(2622757) crossed below EMA9(2622792), close=2622420"
1218,PUT,2025-11-28T13:42:00+05:30,2025-11-28T14:00:00+05:30,26221.15,26212.80,8.35,18m0s,"1m PUT entry: EMA6(2622573) EMA9(2622657) < MA21(2622680), close=2622115","1m PUT exit: EMA6(2620902) crossed above EMA9(2620894), close=2621280"
1219,CALL,2025-11-28T14:02:00+05:30,2025-11-28T14:07:00+05:30,26215.45,26206.15,-9.30,5m0s,"1m CALL entry: EMA6(2621251) EMA9(2621155) > MA21(2621053), close=2621545","1m CALL exit: EMA6(2621082) crossed below EMA9(2621107), close=2620615"
1220,PUT,2025-11-28T14:10:00+05:30,2025-11-28T14:26:00+05:30,26206.45,26204.95,1.50,16m0s,"1m PUT entry: EMA6(2620807) EMA9(2620886) < MA21(2620913), close=2620645","1m PUT exit: EMA6(2620198) crossed above EMA9(2620191), close=2620495"
1221,PUT,2025-11-28T14:27:00+05:30,2025-11-28T14:28:00+05:30,26200.60,26202.45,-1.85,1m0s,"1m PUT re-entry: EMA6(2620159) EMA9(2620165) < MA21(2620300), close=2620060","1m PUT exit: EMA6(2620183) crossed above EMA9(2620181), close=2620245"
1222,CALL,2025-11-28T14:30:00+05:30,2025-11-28T14:44:00+05:30,26207.05,26205.55,-1.50,14m0s,"1m CALL entry: EMA6(2620399) EMA9(2620338) > MA21(2620276), close=2620705","1m CALL exit: EMA6(2621171) crossed below EMA9(2621229), close=2620555"
1223,PUT,2025-11-28T14:46:00+05:30,2025-11-28T14:56:00+05:30,26205.40,26208.35,-2.95,10m0s,"1m PUT entry: EMA6(2620889) EMA9(2621002) < MA21(2621096), close=2620540","1m PUT exit: EMA6(2620744) crossed above EMA9(2620739), close=2620835"
1224,CALL,2025-11-28T14:59:00+05:30,2025-11-28T15:00:00+05:30,26209.55,26203.40,-6.15,1m0s,"1m CALL entry: EMA6(2620957) EMA9(2620906) > MA21(2620882), close=2620955","1m CALL exit: EMA6(2620781) crossed below EMA9(2620793), close=2620340"
1225,CALL,2025-11-28T15:03:00+05:30,2025-11-28T15:08:00+05:30,26209.95,26205.25,-4.70,5m0s,"1m CALL entry: EMA6(2620738) EMA9(2620745) > MA21(2620720), close=2620995","1m CALL exit: EMA6(2620747) crossed below EMA9(2620769), close=2620525"
1226,PUT,2025-11-28T15:10:00+05:30,2025-11-28T15:25:00+05:30,26206.70,26208.40,-1.70,15m0s,"1m PUT entry: EMA6(2620700) EMA9(2620726) < MA21(2620732), close=2620670","1m PUT exit: EMA6(2620216) crossed above EMA9(2620175), close=2620840"
1227,CALL,2025-11-28T15:26:00+05:30,2025-11-28T15:29:00+05:30,26210.65,26204.55,-6.10,3m0s,"1m CALL entry: EMA6(2620459) EMA9(2620353) > MA21(2620278), close=2621065",end of day (15:29 close)
1228,PUT,2025-12-01T09:45:00+05:30,2025-12-01T10:04:00+05:30,26282.60,26279.75,2.85,19m0s,"1m PUT entry: EMA6(2629082) EMA9(2629284) < MA21(2629393), close=2628260","1m PUT exit: EMA6(2627659) crossed above EMA9(2627644), close=2627975"
1229,PUT,2025-12-01T10:06:00+05:30,2025-12-01T10:29:00+05:30,26278.10,26281.10,-3.00,23m0s,"1m PUT entry: EMA6(2627916) EMA9(2627848) < MA21(2627929), close=2627810","1m PUT exit: EMA6(2627795) crossed above EMA9(2627781), close=2628110"
1230,CALL,2025-12-01T10:32:00+05:30,2025-12-01T10:36:00+05:30,26285.00,26275.90,-9.10,4m0s,"1m CALL entry: EMA6(2628051) EMA9(2627971) > MA21(2627919), close=2628500","1m CALL exit: EMA6(2627904) crossed below EMA9(2627919), close=2627590"
1231,PUT,2025-12-01T10:38:00+05:30,2025-12-01T11:11:00+05:30,26265.75,26234.40,31.35,33m0s,"1m PUT entry: EMA6(2627466) EMA9(2627602) < MA21(2627767), close=2626575","1m PUT exit: EMA6(2623128) crossed above EMA9(2623124), close=2623440"
1232,CALL,2025-12-01T11:12:00+05:30,2025-12-01T11:41:00+05:30,26235.25,26243.35,8.10,29m0s,"1m CALL entry: EMA6(2623241) EMA9(2623204) > MA21(2623193), close=2623525","1m CALL exit: EMA6(2625358) crossed below EMA9(2625382), close=2624335"
1233,PUT,2025-12-01T11:42:00+05:30,2025-12-01T11:56:00+05:30,26228.40,26211.15,17.25,14m0s,"1m PUT entry: EMA6(2624639) EMA9(2624874) < MA21(2625052), close=2622840","1m PUT exit: EMA6(2620409) crossed above EMA9(2620390), close=2621115"
1234,CALL,2025-12-01T12:00:00+05:30,2025-12-01T12:03:00+05:30,26214.30,26202.15,-12.15,3m0s,"1m CALL entry: EMA6(2621151) EMA9(2620997) > MA21(2620852), close=2621430","1m CALL exit: EMA6(2620771) crossed below EMA9(2620795), close=2620215"
1235,PUT,2025-12-01T12:07:00+05:30,2025-12-01T12:24:00+05:30,26187.65,26181.95,5.70,17m0s,"1m PUT entry: EMA6(2619503) EMA9(2619793) < MA21(2620050), close=2618765","1m PUT exit: EMA6(2617491) crossed above EMA9(2617471), close=2618195"
1236,CALL,2025-12-01T12:26:00+05:30,2025-12-01T12:31:00+05:30,26185.55,26167.95,-17.60,5m0s,"1m CALL entry: EMA6(2617999) EMA9(2617851) > MA21(2617734), close=2618555","1m CALL exit: EMA6(2617841) crossed below EMA9(2617872), close=2616795"
1237,PUT,2025-12-01T12:33:00+05:30,2025-12-01T12:47:00+05:30,26158.10,26168.45,-10.35,14m0s,"1m PUT entry: EMA6(2616986) EMA9(2617239) < MA21(2617486), close=2615810","1m PUT exit: EMA6(2616460) crossed above EMA9(2616434), close=2616845"
1238,PUT,2025-12-01T12:48:00+05:30,2025-12-01T12:51:00+05:30,26155.70,26166.55,-10.85,3m0s,"1m PUT re-entry: EMA6(2616206) EMA9(2616261) < MA21(2616558), close=2615570","1m PUT exit: EMA6(2616283) crossed above EMA9(2616277), close=2616655"
1239,CALL,2025-12-01T13:12:00+05:30,2025-12-01T13:22:00+05:30,26179.90,26179.80,-0.10,10m0s,"1m CALL re-entry: EMA6(2617808) EMA9(2617791) > MA21(2617743), close=2617990","1m CALL exit: EMA6(2618595) crossed below EMA9(2618605), close=2617980"
1240,PUT,2025-12-01T13:24:00+05:30,2025-12-01T13:37:00+05:30,26175.45,26186.55,-11.10,13m0s,"1m PUT entry: EMA6(2618122) EMA9(2618256) < MA21(2618270), close=2617545","1m PUT exit: EMA6(2617760) crossed above EMA9(2617663), close=2618655"
1241,CALL,2025-12-01T13:38:00+05:30,2025-12-01T13:55:00+05:30,26188.40,26181.90,-6.50,17m0s,"1m CALL entry: EMA6(2618069) EMA9(2617899) > MA21(2617838), close=2618840","1m CALL exit: EMA6(2618853) crossed below EMA9(2618888), close=2618190"
1242,PUT,2025-12-01T13:57:00+05:30,2025-12-01T14:01:00+05:30,26185.35,26197.05,-11.70,4m0s,"1m PUT entry: EMA6(2618711) EMA9(2618771) < MA21(2618855), close=2618535","1m PUT exit: EMA6(2618859) crossed above EMA9(2618810), close=2619705"
1243,CALL,2025-12-01T14:02:00+05:30,2025-12-01T14:16:00+05:30,26209.85,26205.65,-4.20,14m0s,"1m CALL entry: EMA6(2619467) EMA9(2619245) > MA21(2618994), close=2620985","1m CALL exit: EMA6(2620923) crossed below EMA9(2620942), close=2620565"
1244,PUT,2025-12-01T14:19:00+05:30,2025-12-01T15:02:00+05:30,26205.90,26167.80,38.10,43m0s,"1m PUT entry: EMA6(2620805) EMA9(2620849) < MA21(2620870), close=2620590","1m PUT exit: EMA6(2615421) crossed above EMA9(2615284), close=2616780"
1245,CALL,2025-12-01T15:04:00+05:30,2025-12-01T15:22:00+05:30,26180.55,26175.10,-5.45,18m0s,"1m CALL entry: EMA6(2616494) EMA9(2616111) > MA21(2615793), close=2618055","1m CALL exit: EMA6(2617732) crossed below EMA9(2617751), close=2617510"
1246,CALL,2025-12-01T15:26:00+05:30,2025-12-01T15:28:00+05:30,26183.30,26172.35,-10.95,2m0s,"1m CALL entry: EMA6(2618048) EMA9(2617981) > MA21(2617944), close=2618330","1m CALL exit: EMA6(2617743) crossed below EMA9(2617786), close=2617235"
1247,PUT,2025-12-02T09:59:00+05:30,2025-12-02T10:21:00+05:30,26075.10,26068.65,6.45,22m0s,"1m PUT re-entry: EMA6(2607965) EMA9(2608015) < MA21(2608414), close=2607510","1m PUT exit: EMA6(2606265) crossed above EMA9(2606224), close=2606865"
1248,CALL,2025-12-02T10:23:00+05:30,2025-12-02T10:44:00+05:30,26071.75,26074.65,2.90,21m0s,"1m CALL entry: EMA6(2606771) EMA9(2606613) > MA21(2606602), close=2607175","1m CALL exit: EMA6(2608177) crossed below EMA9(2608233), close=2607465"
1249,PUT,2025-12-02T10:46:00+05:30,2025-12-02T10:50:00+05:30,26069.80,26090.15,-20.35,4m0s,"1m PUT entry: EMA6(2607724) EMA9(2607887) < MA21(2608070), close=2606980","1m PUT exit: EMA6(2607990) crossed above EMA9(2607953), close=2609015"
1250,CALL,2025-12-02T10:52:00+05:30,2025-12-02T11:12:00+05:30,26098.15,26091.85,-6.30,20m0s,"1m CALL entry: EMA6(2608804) EMA9(2608561) > MA21(2608326), close=2609815","1m CALL exit: EMA6(2609397) crossed below EMA9(2609402), close=2609185"
1251,PUT,2025-12-02T11:13:00+05:30,2025-12-02T11:39:00+05:30,26085.15,26071.85,13.30,26m0s,"1m PUT entry: EMA6(2609145) EMA9(2609225) < MA21(2609324), close=2608515","1m PUT exit: EMA6(2606979) crossed above EMA9(2606975), close=2607185"
1252,PUT,2025-12-02T11:41:00+05:30,2025-12-02T12:09:00+05:30,26063.95,26054.85,9.10,28m0s,"1m PUT re-entry: EMA6(2606830) EMA9(2606874) < MA21(2607097), close=2606395","1m PUT exit: EMA6(2605195) crossed above EMA9(2605165), close=2605485"
1253,CALL,2025-12-02T12:11:00+05:30,2025-12-02T12:16:00+05:30,26056.05,26049.30,-6.75,5m0s,"1m CALL entry: EMA6(2605328) EMA9(2605270) > MA21(2605205), close=2605605","1m CALL exit: EMA6(2605250) crossed below EMA9(2605274), close=2604930"
1254,CALL,2025-12-02T12:17:00+05:30,2025-12-02T12:42:00+05:30,26060.80,26062.35,1.55,25m0s,"1m CALL re-entry: EMA6(2605487) EMA9(2605436) > MA21(2605211), close=2606080","1m CALL exit: EMA6(2606904) crossed below EMA9(2606981), close=2606235"
1255,PUT,2025-12-02T12:44:00+05:30,2025-12-02T13:09:00+05:30,26060.60,26051.50,9.10,25m0s,"1m PUT entry: EMA6(2606511) EMA9(2606665) < MA21(2606808), close=2606060","1m PUT exit: EMA6(2604319) crossed above EMA9(2604240), close=2605150"
1256,PUT,2025-12-02T13:10:00+05:30,2025-12-02T13:23:00+05:30,26038.85,26045.30,-6.45,13m0s,"1m PUT entry: EMA6(2604195) EMA9(2604169) < MA21(2604251), close=2603885","1m PUT exit: EMA6(2603861) crossed above EMA9(2603794), close=2604530"
1257,CALL,2025-12-02T13:24:00+05:30,2025-12-02T13:29:00+05:30,26045.75,26035.35,-10.40,5m0s,"1m CALL entry: EMA6(2604065) EMA9(2603950) > MA21(2603854), close=2604575","1m CALL exit: EMA6(2603870) crossed below EMA9(2603890), close=2603535"
1258,PUT,2025-12-02T13:31:00+05:30,2025-12-02T13:34:00+05:30,26034.50,26040.55,-6.05,3m0s,"1m PUT entry: EMA6(2603665) EMA9(2603733) < MA21(2603754), close=2603450","1m PUT exit: EMA6(2603838) crossed above EMA9(2603826), close=2604055"
1259,PUT,2025-12-02T13:36:00+05:30,2025-12-02T13:38:00+05:30,26029.65,26043.90,-14.25,2m0s,"1m PUT entry: EMA6(2603593) EMA9(2603659) < MA21(2603739), close=2602965","1m PUT exit: EMA6(2603722) crossed above EMA9(2603717), close=2604390"
1260,PUT,2025-12-02T13:39:00+05:30,2025-12-02T13:47:00+05:30,26035.30,26039.70,-4.40,8m0s,"1m PUT re-entry: EMA6(2603667) EMA9(2603680) < MA21(2603782), close=2603530","1m PUT exit: EMA6(2603627) crossed above EMA9(2603609), close=2603970"
1261,CALL,2025-12-02T13:48:00+05:30,2025-12-02T14:06:00+05:30,26044.60,26040.70,-3.90,18m0s,"1m CALL entry: EMA6(2603865) EMA9(2603779) > MA21(2603652), close=2604460","1m CALL exit: EMA6(2604894) crossed below EMA9(2604911), close=2604070"
1262,CALL,2025-12-02T14:08:00+05:30,2025-12-02T14:14:00+05:30,26059.90,26045.05,-14.85,6m0s,"1m CALL entry: EMA6(2605042) EMA9(2604994) > MA21(2604834), close=2605990","1m CALL exit: EMA6(2605103) crossed below EMA9(2605136), close=2604505"
1263,PUT,2025-12-02T14:15:00+05:30,2025-12-02T14:49:00+05:30,26046.15,26018.05,28.10,34m0s,"1m PUT entry: EMA6(2604963) EMA9(2605031) < MA21(2605100), close=2604615","1m PUT exit: EMA6(2601389) crossed above EMA9(2601385), close=2601805"
1264,CALL,2025-12-02T14:53:00+05:30,2025-12-02T14:55:00+05:30,26018.90,26010.65,-8.25,2m0s,"1m CALL entry: EMA6(2601775) EMA9(2601693) > MA21(2601624), close=2601890","1m CALL exit: EMA6(2601446) crossed below EMA9(2601482), close=2601065"
1265,PUT,2025-12-02T14:58:00+05:30,2025-12-02T15:01:00+05:30,26003.45,26021.95,-18.50,3m0s,"1m PUT entry: EMA6(2600948) EMA9(2601095) < MA21(2601217), close=2600345","1m PUT exit: EMA6(2601347) crossed above EMA9(2601306), close=2602195"
1266,PUT,2025-12-03T09:16:00+05:30,2025-12-03T09:47:00+05:30,26028.00,25947.70,80.30,31m0s,"1m PUT entry: EMA6(2603714) EMA9(2603973) < MA21(2604093), close=2602800","1m PUT exit: EMA6(2594337) crossed above EMA9(2594295), close=2594770"
1267,PUT,2025-12-03T09:48:00+05:30,2025-12-03T09:55:00+05:30,25937.45,25941.90,-4.45,7m0s,"1m PUT re-entry: EMA6(2594168) EMA9(2594185) < MA21(2594463), close=2593745","1m PUT exit: EMA6(2593928) crossed above EMA9(2593909), close=2594190"
1268,PUT,2025-12-03T10:03:00+05:30,2025-12-03T10:14:00+05:30,25921.85,25928.20,-6.35,11m0s,"1m PUT entry: EMA6(2593553) EMA9(2593739) < MA21(2593996), close=2592185","1m PUT exit: EMA6(2592129) crossed above EMA9(2592055), close=2592820"
1269,PUT,2025-12-03T10:17:00+05:30,2025-12-03T10:21:00+05:30,25911.05,25931.40,-20.35,4m0s,"1m PUT re-entry: EMA6(2591927) EMA9(2591965) < MA21(2592365), close=2591105","1m PUT exit: EMA6(2592104) crossed above EMA9(2592016), close=2593140"
1270,CALL,2025-12-03T10:34:00+05:30,2025-12-03T11:05:00+05:30,25927.25,25907.75,-19.50,31m0s,"1m CALL entry: EMA6(2592489) EMA9(2592536) > MA21(2592478), close=2592725","1m CALL exit: EMA6(2591701) crossed below EMA9(2591780), close=2590775"
1271,PUT,2025-12-03T11:06:00+05:30,2025-12-03T11:12:00+05:30,25908.85,25919.00,-10.15,6m0s,"1m PUT entry: EMA6(2591468) EMA9(2591601) < MA21(2591655), close=2590885","1m PUT exit: EMA6(2591671) crossed above EMA9(2591648), close=2591900"
1272,PUT,2025-12-03T11:15:00+05:30,2025-12-03T11:30:00+05:30,25916.10,25912.15,3.95,15m0s,"1m PUT entry: EMA6(2591768) EMA9(2591742) < MA21(2591780), close=2591610","1m PUT exit: EMA6(2590708) crossed above EMA9(2590647), close=2591215"
1273,CALL,2025-12-03T11:33:00+05:30,2025-12-03T11:50:00+05:30,25916.50,25928.05,11.55,17m0s,"1m CALL entry: EMA6(2591133) EMA9(2590990) > MA21(2590915), close=2591650","1m CALL exit: EMA6(2593175) crossed below EMA9(2593179), close=2592805"
1274,PUT,2025-12-03T11:53:00+05:30,2025-12-03T12:01:00+05:30,25929.30,25932.50,-3.20,8m0s,"1m PUT entry: EMA6(2593014) EMA9(2593052) < MA21(2593082), close=2592930","1m PUT exit: EMA6(2592969) crossed above EMA9(2592957), close=2593250"
1275,CALL,2025-12-03T12:03:00+05:30,2025-12-03T12:27:00+05:30,25936.95,25955.00,18.05,24m0s,"1m CALL entry: EMA6(2593185) EMA9(2593113) > MA21(2593063), close=2593695","1m CALL exit: EMA6(2595873) crossed below EMA9(2595876), close=2595500"
1276,PUT,2025-12-03T12:29:00+05:30,2025-12-03T12:53:00+05:30,25951.95,25929.85,22.10,24m0s,"1m PUT entry: EMA6(2595520) EMA9(2595614) < MA21(2595652), close=2595195","1m PUT exit: EMA6(2592793) crossed above EMA9(2592786), close=2592985"
1277,CALL,2025-12-03T12:54:00+05:30,2025-12-03T13:08:00+05:30,25932.45,25934.30,1.85,14m0s,"1m CALL entry: EMA6(2592922) EMA9(2592878) > MA21(2592858), close=2593245","1m CALL exit: EMA6(2593537) crossed below EMA9(2593542), close=2593430"
1278,CALL,2025-12-03T13:09:00+05:30,2025-12-03T13:17:00+05:30,25937.55,25930.40,-7.15,8m0s,"1m CALL re-entry: EMA6(2593599) EMA9(2593585) > MA21(2593371), close=2593755","1m CALL exit: EMA6(2593599) crossed below EMA9(2593644), close=2593040"
1279,CALL,2025-12-03T13:29:00+05:30,2025-12-03T13:42:00+05:30,25939.65,25942.45,2.80,13m0s,"1m CALL entry: EMA6(2593534) EMA9(2593412) > MA21(2593391), close=2593965","1m CALL exit: EMA6(2594460) crossed below EMA9(2594468), close=2594245"
1280,PUT,2025-12-03T13:44:00+05:30,2025-12-03T14:05:00+05:30,25928.30,25931.75,-3.45,21m0s,"1m PUT entry: EMA6(2593738) EMA9(2593938) < MA21(2594119), close=2592830","1m PUT exit: EMA6(2591908) crossed above EMA9(2591767), close=2593175"
1281,CALL,2025-12-03T14:23:00+05:30,2025-12-03T14:27:00+05:30,25955.20,25935.10,-20.10,4m0s,"1m CALL re-entry: EMA6(2594355) EMA9(2594220) > MA21(2593895), close=2595520","1m CALL exit: EMA6(2594059) crossed below EMA9(2594112), close=2593510"
1282,CALL,2025-12-03T14:42:00+05:30,2025-12-03T15:17:00+05:30,25943.55,25979.25,35.70,35m0s,"1m CALL entry: EMA6(2593763) EMA9(2593612) > MA21(2593530), close=2594355","1m CALL exit: EMA6(2598790) crossed below EMA9(2598809), close=2597925"
1283,PUT,2025-12-03T15:24:00+05:30,2025-12-03T15:28:00+05:30,25984.60,25990.40,-5.80,4m0s,"1m PUT entry: EMA6(2598595) EMA9(2598621) < MA21(2598677), close=2598460","1m PUT exit: EMA6(2598700) crossed above EMA9(2598675), close=2599040"
1284,PUT,2025-12-04T09:15:00+05:30,2025-12-04T09:23:00+05:30,25950.75,25985.45,-34.70,8m0s,"1m PUT re-entry: EMA6(2597625) EMA9(2597928) < MA21(2598698), close=2595075","1m PUT exit: EMA6(2596592) crossed above EMA9(2596571), close=2598545"
1285,CALL,2025-12-04T09:27:00+05:30,2025-12-04T10:04:00+05:30,25986.25,26025.05,38.80,37m0s,"1m CALL entry: EMA6(2597892) EMA9(2597626) > MA21(2597382), close=2598625","1m CALL exit: EMA6(2602733) crossed below EMA9(2602754), close=2602505"
1286,CALL,2025-12-04T10:06:00+05:30,2025-12-04T10:49:00+05:30,26031.90,26083.40,51.50,43m0s,"1m CALL entry: EMA6(2602752) EMA9(2602750) > MA21(2602656), close=2603190","1m CALL exit: EMA6(2608911) crossed below EMA9(2608960), close=2608340"
1287,PUT,2025-12-04T10:50:00+05:30,2025-12-04T11:04:00+05:30,26082.90,26083.00,-0.10,14m0s,"1m PUT entry: EMA6(2608733) EMA9(2608826) < MA21(2608880), close=2608290","1m PUT exit: EMA6(2608143) crossed above EMA9(2608132), close=2608300"
1288,PUT,2025-12-04T11:08:00+05:30,2025-12-04T12:03:00+05:30,26076.70,26031.40,45.30,55m0s,"1m PUT entry: EMA6(2608043) EMA9(2608078) < MA21(2608123), close=2607670","1m PUT exit: EMA6(2602615) crossed above EMA9(2602555), close=2603140"
1289,PUT,2025-12-04T12:15:00+05:30,2025-12-04T12:26:00+05:30,26017.80,26024.50,-6.70,11m0s,"1m PUT entry: EMA6(2602554) EMA9(2602699) < MA21(2602851), close=2601780","1m PUT exit: EMA6(2602060) crossed above EMA9(2602024), close=2602450"
1290,CALL,2025-12-04T12:29:00+05:30,2025-12-04T12:40:00+05:30,26024.25,26025.00,0.75,11m0s,"1m CALL entry: EMA6(2602407) EMA9(2602312) > MA21(2602220), close=2602425","1m CALL exit: EMA6(2602539) crossed below EMA9(2602540), close=2602500"
1291,PUT,2025-12-04T12:42:00+05:30,2025-12-04T12:56:00+05:30,26017.20,26005.95,11.25,14m0s,"1m PUT entry: EMA6(2602268) EMA9(2602347) < MA21(2602404), close=2601720","1m PUT exit: EMA6(2599978) crossed above EMA9(2599970), close=2600595"
1292,CALL,2025-12-04T13:01:00+05:30,2025-12-04T13:08:00+05:30,26004.20,25999.95,-4.25,7m0s,"1m CALL entry: EMA6(2600275) EMA9(2600225) > MA21(2600162), close=2600420","1m CALL exit: EMA6(2600210) crossed below EMA9(2600220), close=2599995"
1293,PUT,2025-12-04T13:10:00+05:30,2025-12-04T13:15:00+05:30,25993.15,26002.40,-9.25,5m0s,"1m PUT entry: EMA6(2599870) EMA9(2599971) < MA21(2600025), close=2599315","1m PUT exit: EMA6(2599859) crossed above EMA9(2599858), close=2600240"
1294,PUT,2025-12-04T13:19:00+05:30,2025-12-04T13:20:00+05:30,25995.65,26001.50,-5.85,1m0s,"1m PUT entry: EMA6(2599916) EMA9(2599923) < MA21(2600012), close=2599565","1m PUT exit: EMA6(2599983) crossed above EMA9(2599969), close=2600150"
1295,CALL,2025-12-04T13:21:00+05:30,2025-12-04T13:33:00+05:30,26006.85,26008.95,2.10,12m0s,"1m CALL entry: EMA6(2600184) EMA9(2600112) > MA21(2600031), close=2600685","1m CALL exit: EMA6(2601269) crossed below EMA9(2601287), close=2600895"
1296,PUT,2025-12-04T13:35:00+05:30,2025-12-04T13:52:00+05:30,25990.40,25981.55,8.85,17m0s,"1m PUT entry: EMA6(2600422) EMA9(2600670) < MA21(2600911), close=2599040","1m PUT exit: EMA6(2597944) crossed above EMA9(2597924), close=2598155"
1297,PUT,2025-12-04T13:53:00+05:30,2025-12-04T14:02:00+05:30,25974.85,25980.35,-5.50,9m0s,"1m PUT re-entry: EMA6(2597813) EMA9(2597836) < MA21(2598029), close=2597485","1m PUT exit: EMA6(2597700) crossed above EMA9(2597663), close=2598035"
1298,CALL,2025-12-04T14:24:00+05:30,2025-12-04T14:25:00+05:30,26002.25,26000.70,-1.55,1m0s,"1m CALL re-entry: EMA6(2600153) EMA9(2600147) > MA21(2600078), close=2600225","1m CALL exit: EMA6(2600129) crossed below EMA9(2600131), close=2600070"
1299,CALL,2025-12-04T14:29:00+05:30,2025-12-04T14:36:00+05:30,26014.00,26000.40,-13.60,7m0s,"1m CALL entry: EMA6(2600739) EMA9(2600597) > MA21(2600489), close=2601400","1m CALL exit: EMA6(2600604) crossed below EMA9(2600670), close=2600040"
1300,CALL,2025-12-04T14:38:00+05:30,2025-12-04T14:44:00+05:30,26013.55,26000.60,-12.95,6m0s,"1m CALL entry: EMA6(2600779) EMA9(2600766) > MA21(2600587), close=2601355","1m CALL exit: EMA6(2600871) crossed below EMA9(2600928), close=2600060"
1301,PUT,2025-12-04T14:45:00+05:30,2025-12-04T14:50:00+05:30,25992.35,26014.10,-21.75,5m0s,"1m PUT entry: EMA6(2600403) EMA9(2600590) < MA21(2600855), close=2599235","1m PUT exit: EMA6(2600533) crossed above EMA9(2600499), close=2601410"
1302,CALL,2025-12-04T14:51:00+05:30,2025-12-04T15:13:00+05:30,26018.15,26040.05,21.90,22m0s,"1m CALL entry: EMA6(2600899) EMA9(2600762) > MA21(2600750), close=2601815","1m CALL exit: EMA6(2604668) crossed below EMA9(2604711), close=2604005"
1303,PUT,2025-12-04T15:15:00+05:30,2025-12-04T15:29:00+05:30,26034.75,26017.10,17.65,14m0s,"1m PUT entry: EMA6(2604144) EMA9(2604313) < MA21(2604558), close=2603475",end of day (15:29 close)
1304,CALL,2025-12-05T09:19:00+05:30,2025-12-05T09:30:00+05:30,26050.60,26030.45,-20.15,11m0s,"1m CALL entry: EMA6(2603278) EMA9(2603028) > MA21(2602867), close=2605060","1m CALL exit: EMA6(2603797) crossed below EMA9(2603845), close=2603045"
1305,CALL,2025-12-05T09:34:00+05:30,2025-12-05T09:37:00+05:30,26049.65,26029.30,-20.35,3m0s,"1m CALL re-entry: EMA6(2604040) EMA9(2603962) > MA21(2603731), close=2604965","1m CALL exit: EMA6(2603622) crossed below EMA9(2603705), close=2602930"
1306,CALL,2025-12-05T09:42:00+05:30,2025-12-05T09:54:00+05:30,26045.10,26041.90,-3.20,12m0s,"1m CALL entry: EMA6(2603960) EMA9(2603885) > MA21(2603878), close=2604510","1m CALL exit: EMA6(2604705) crossed below EMA9(2604732), close=2604190"
1307,PUT,2025-12-05T09:56:00+05:30,2025-12-05T10:03:00+05:30,26032.60,26050.85,-18.25,7m0s,"1m PUT entry: EMA6(2604111) EMA9(2604291) < MA21(2604335), close=2603260","1m PUT exit: EMA6(2603190) crossed above EMA9(2603179), close=2605085"
1308,CALL,2025-12-05T10:04:00+05:30,2025-12-05T10:25:00+05:30,26085.15,26089.50,4.35,21m0s,"1m CALL entry: EMA6(2604711) EMA9(2604247) > MA21(2604161), close=2608515","1m CALL exit: EMA6(2609379) crossed below EMA9(2609391), close=2608950"
1309,PUT,2025-12-05T10:28:00+05:30,2025-12-05T10:38:00+05:30,26064.65,26069.10,-4.45,10m0s,"1m PUT entry: EMA6(2608278) EMA9(2608587) < MA21(2608757), close=2606465","1m PUT exit: EMA6(2606279) crossed above EMA9(2606245), close=2606910"
1310,CALL,2025-12-05T10:42:00+05:30,2025-12-05T11:19:00+05:30,26079.15,26136.00,56.85,37m0s,"1m CALL entry: EMA6(2607239) EMA9(2606991) > MA21(2606835), close=2607915","1m CALL exit: EMA6(2613747) crossed below EMA9(2613763), close=2613600"
1311,CALL,2025-12-05T11:20:00+05:30,2025-12-05T11:29:00+05:30,26142.00,26139.30,-2.70,9m0s,"1m CALL re-entry: EMA6(2613876) EMA9(2613851) > MA21(2613694), close=2614200","1m CALL exit: EMA6(2614238) crossed below EMA9(2614267), close=2613930"
1312,PUT,2025-12-05T11:30:00+05:30,2025-12-05T11:41:00+05:30,26132.10,26138.80,-6.70,11m0s,"1m PUT entry: EMA6(2613944) EMA9(2614056) < MA21(2614161), close=2613210","1m PUT exit: EMA6(2613635) crossed above EMA9(2613622), close=2613880"
1313,CALL,2025-12-05T11:44:00+05:30,2025-12-05T11:48:00+05:30,26141.60,26125.50,-16.10,4m0s,"1m CALL entry: EMA6(2613824) EMA9(2613764) > MA21(2613755), close=2614160","1m CALL exit: EMA6(2613662) crossed below EMA9(2613712), close=2612550"
1314,PUT,2025-12-05T11:49:00+05:30,2025-12-05T11:52:00+05:30,26124.15,26140.20,-16.05,3m0s,"1m PUT entry: EMA6(2613306) EMA9(2613453) < MA21(2613560), close=2612415","1m PUT exit: EMA6(2613699) crossed above EMA9(2613680), close=2614020"
1315,PUT,2025-12-05T12:00:00+05:30,2025-12-05T12:04:00+05:30,26136.35,26139.65,-3.30,4m0s,"1m PUT entry: EMA6(2613713) EMA9(2613726) < MA21(2613744), close=2613635","1m PUT exit: EMA6(2613737) crossed above EMA9(2613730), close=2613965"
1316,CALL,2025-12-05T12:05:00+05:30,2025-12-05T12:13:00+05:30,26141.70,26136.10,-5.60,8m0s,"1m CALL entry: EMA6(2613861) EMA9(2613818) > MA21(2613733), close=2614170","1m CALL exit: EMA6(2613929) crossed below EMA9(2613967), close=2613610"
1317,PUT,2025-12-05T12:14:00+05:30,2025-12-05T12:18:00+05:30,26130.15,26139.60,-9.45,4m0s,"1m PUT entry: EMA6(2613668) EMA9(2613777) < MA21(2613877), close=2613015","1m PUT exit: EMA6(2613814) crossed above EMA9(2613814), close=2613960"
1318,CALL,2025-12-05T12:19:00+05:30,2025-12-05T12:57:00+05:30,26140.90,26186.55,45.65,38m0s,"1m CALL entry: EMA6(2613893) EMA9(2613869) > MA21(2613864), close=2614090","1m CALL exit: EMA6(2619213) crossed below EMA9(2619227), close=2618655"
1319,PUT,2025-12-05T12:58:00+05:30,2025-12-05T13:01:00+05:30,26181.75,26197.60,-15.85,3m0s,"1m PUT entry: EMA6(2618916) EMA9(2619017) < MA21(2619070), close=2618175","1m PUT exit: EMA6(2619141) crossed above EMA9(2619113), close=2619760"
1320,PUT,2025-12-05T13:04:00+05:30,2025-12-05T13:18:00+05:30,26185.65,26187.95,-2.30,14m0s,"1m PUT entry: EMA6(2619000) EMA9(2619035) < MA21(2619147), close=2618565","1m PUT exit: EMA6(2618611) crossed above EMA9(2618594), close=2618795"
1321,CALL,2025-12-05T13:20:00+05:30,2025-12-05T13:31:00+05:30,26197.75,26188.35,-9.40,11m0s,"1m CALL entry: EMA6(2619019) EMA9(2618892) > MA21(2618786), close=2619775","1m CALL exit: EMA6(2619060) crossed below EMA9(2619073), close=2618835"
1322,CALL,2025-12-05T13:32:00+05:30,2025-12-05T13:33:00+05:30,26192.10,26189.60,-2.50,1m0s,"1m CALL re-entry: EMA6(2619103) EMA9(2619100) > MA21(2618952), close=2619210","1m CALL exit: EMA6(2619062) crossed below EMA9(2619072), close=2618960"
1323,CALL,2025-12-05T13:35:00+05:30,2025-12-05T13:43:00+05:30,26198.95,26191.85,-7.10,8m0s,"1m CALL re-entry: EMA6(2619279) EMA9(2619219) > MA21(2619087), close=2619895","1m CALL exit: EMA6(2619324) crossed below EMA9(2619330), close=2619185"
1324,CALL,2025-12-05T13:45:00+05:30,2025-12-05T13:47:00+05:30,26198.25,26186.50,-11.75,2m0s,"1m CALL re-entry: EMA6(2619455) EMA9(2619419) > MA21(2619326), close=2619825","1m CALL exit: EMA6(2619210) crossed below EMA9(2619259), close=2618650"
1325,CALL,2025-12-05T14:13:00+05:30,2025-12-05T14:17:00+05:30,26168.60,26164.50,-4.10,4m0s,"1m CALL entry: EMA6(2616873) EMA9(2616775) > MA21(2616758), close=2616860","1m CALL exit: EMA6(2616682) crossed below EMA9(2616686), close=2616450"
1326,CALL,2025-12-05T14:18:00+05:30,2025-12-05T14:24:00+05:30,26167.25,26164.10,-3.15,6m0s,"1m CALL re-entry: EMA6(2616695) EMA9(2616694) > MA21(2616575), close=2616725","1m CALL exit: EMA6(2616726) crossed below EMA9(2616740), close=2616410"
1327,CALL,2025-12-05T14:26:00+05:30,2025-12-05T14:28:00+05:30,26170.45,26161.50,-8.95,2m0s,"1m CALL re-entry: EMA6(2616791) EMA9(2616779) > MA21(2616638), close=2617045","1m CALL exit: EMA6(2616660) crossed below EMA9(2616696), close=2616150"
1328,CALL,2025-12-05T14:57:00+05:30,2025-12-05T15:28:00+05:30,26151.50,26183.55,32.05,31m0s,"1m CALL entry: EMA6(2614765) EMA9(2614655) > MA21(2614538), close=2615150","1m CALL exit: EMA6(2619035) crossed below EMA9(2619077), close=2618355"
1329,PUT,2025-12-08T10:33:00+05:30,2025-12-08T10:41:00+05:30,26084.35,26093.95,-9.60,8m0s,"1m PUT entry: EMA6(2609228) EMA9(2609308) < MA21(2609386), close=2608435","1m PUT exit: EMA6(2609000) crossed above EMA9(2608989), close=2609395"
1330,CALL,2025-12-08T10:44:00+05:30,2025-12-08T10:48:00+05:30,26096.80,26087.30,-9.50,4m0s,"1m CALL entry: EMA6(2609320) EMA9(2609232) > MA21(2609225), close=2609680","1m CALL exit: EMA6(2609318) crossed below EMA9(2609319), close=2608730"
1331,PUT,2025-12-08T10:50:00+05:30,2025-12-08T10:54:00+05:30,26082.50,26094.35,-11.85,4m0s,"1m PUT entry: EMA6(2608843) EMA9(2608972) < MA21(2609064), close=2608250","1m PUT exit: EMA6(2608947) crossed above EMA9(2608944), close=2609435"
1332,CALL,2025-12-08T10:56:00+05:30,2025-12-08T10:58:00+05:30,26095.65,26077.05,-18.60,2m0s,"1m CALL entry: EMA6(2609193) EMA9(2609123) > MA21(2609073), close=2609565","1m CALL exit: EMA6(2608684) crossed below EMA9(2608785), close=2607705"
1333,PUT,2025-12-08T11:19:00+05:30,2025-12-08T11:23:00+05:30,26059.90,26072.20,-12.30,4m0s,"1m PUT entry: EMA6(2606512) EMA9(2606619) < MA21(2606652), close=2605990","1m PUT exit: EMA6(2606759) crossed above EMA9(2606721), close=2607220"
1334,PUT,2025-12-08T11:33:00+05:30,2025-12-08T11:46:00+05:30,26062.75,26065.00,-2.25,13m0s,"1m PUT entry: EMA6(2606778) EMA9(2606871) < MA21(2606905), close=2606275","1m PUT exit: EMA6(2606209) crossed above EMA9(2606196), close=2606500"
1335,CALL,2025-12-08T11:48:00+05:30,2025-12-08T11:53:00+05:30,26069.95,26062.25,-7.70,5m0s,"1m CALL entry: EMA6(2606519) EMA9(2606425) > MA21(2606417), close=2606995","1m CALL exit: EMA6(2606499) crossed below EMA9(2606506), close=2606225"
1336,PUT,2025-12-08T11:56:00+05:30,2025-12-08T12:24:00+05:30,26059.65,26047.50,12.15,28m0s,"1m PUT entry: EMA6(2606231) EMA9(2606301) < MA21(2606308), close=2605965","1m PUT exit: EMA6(2604355) crossed above EMA9(2604338), close=2604750"
1337,PUT,2025-12-08T12:25:00+05:30,2025-12-08T12:50:00+05:30,26041.20,26023.55,17.65,25m0s,"1m PUT re-entry: EMA6(2604288) EMA9(2604295) < MA21(2604425), close=2604120","1m PUT exit: EMA6(2601969) crossed above EMA9(2601942), close=2602355"
1338,PUT,2025-12-08T12:52:00+05:30,2025-12-08T13:03:00+05:30,26015.80,26023.95,-8.15,11m0s,"1m PUT entry: EMA6(2601865) EMA9(2601879) < MA21(2601894), close=2601580","1m PUT exit: EMA6(2601642) crossed above EMA9(2601568), close=2602395"
1339,CALL,2025-12-08T13:04:00+05:30,2025-12-08T13:17:00+05:30,26023.70,26013.15,-10.55,13m0s,"1m CALL entry: EMA6(2601850) EMA9(2601728) > MA21(2601630), close=2602370","1m CALL exit: EMA6(2602264) crossed below EMA9(2602365), close=2601315"
1340,PUT,2025-12-08T13:19:00+05:30,2025-12-08T13:47:00+05:30,26004.20,25930.85,73.35,28m0s,"1m PUT entry: EMA6(2601578) EMA9(2601835) < MA21(2602171), close=2600420","1m PUT exit: EMA6(2592686) crossed above EMA9(2592644), close=2593085"
1341,CALL,2025-12-08T13:48:00+05:30,2025-12-08T13:55:00+05:30,25939.05,25926.50,-12.55,7m0s,"1m CALL entry: EMA6(2593034) EMA9(2592896) > MA21(2592776), close=2593905","1m CALL exit: EMA6(2593156) crossed below EMA9(2593160), close=2592650"
1342,CALL,2025-12-08T13:58:00+05:30,2025-12-08T14:14:00+05:30,25932.90,25914.40,-18.50,16m0s,"1m CALL entry: EMA6(2592843) EMA9(2592891) > MA21(2592828), close=2593290","1m CALL exit: EMA6(2592392) crossed below EMA9(2592447), close=2591440"
1343,PUT,2025-12-08T14:15:00+05:30,2025-12-08T14:22:00+05:30,25913.65,25927.55,-13.90,7m0s,"1m PUT entry: EMA6(2592098) EMA9(2592230) < MA21(2592344), close=2591365","1m PUT exit: EMA6(2592098) crossed above EMA9(2592021), close=2592755"
1344,CALL,2025-12-08T14:23:00+05:30,2025-12-08T14:31:00+05:30,25930.45,25919.10,-11.35,8m0s,"1m CALL entry: EMA6(2592369) EMA9(2592226) > MA21(2592096), close=2593045","1m CALL exit: EMA6(2592208) crossed below EMA9(2592239), close=2591910"
1345,CALL,2025-12-08T14:33:00+05:30,2025-12-08T14:43:00+05:30,25921.05,25911.95,-9.10,10m0s,"1m CALL entry: EMA6(2592062) EMA9(2592116) > MA21(2592006), close=2592105","1m CALL exit: EMA6(2591539) crossed below EMA9(2591562), close=2591195"
1346,CALL,2025-12-08T14:45:00+05:30,2025-12-08T14:58:00+05:30,25929.55,25940.40,10.85,13m0s,"1m CALL entry: EMA6(2592215) EMA9(2592050) > MA21(2591877), close=2592955","1m CALL exit: EMA6(2594405) crossed below EMA9(2594439), close=2594040"
1347,CALL,2025-12-08T15:00:00+05:30,2025-12-08T15:15:00+05:30,25964.45,25956.45,-8.00,15m0s,"1m CALL re-entry: EMA6(2594897) EMA9(2594764) > MA21(2593979), close=2596445","1m CALL exit: EMA6(2596927) crossed below EMA9(2597038), close=2595645"
1348,PUT,2025-12-08T15:17:00+05:30,2025-12-08T15:29:00+05:30,25953.80,25932.80,21.00,12m0s,"1m PUT entry: EMA6(2596148) EMA9(2596424) < MA21(2596629), close=2595380",end of day (15:29 close)
1349,CALL,2025-12-09T10:04:00+05:30,2025-12-09T10:31:00+05:30,25751.60,25824.30,72.70,27m0s,"1m CALL entry: EMA6(2574785) EMA9(2574616) > MA21(2574599), close=2575160","1m CALL exit: EMA6(2582741) crossed below EMA9(2582746), close=2582430"
1350,PUT,2025-12-09T10:34:00+05:30,2025-12-09T10:42:00+05:30,25796.60,25815.40,-18.80,8m0s,"1m PUT entry: EMA6(2581234) EMA9(2581623) < MA21(2582087), close=2579660","1m PUT exit: EMA6(2580893) crossed above EMA9(2580840), close=2581540"
1351,PUT,2025-12-09T10:46:00+05:30,2025-12-09T10:57:00+05:30,25799.65,25805.70,-6.05,11m0s,"1m PUT re-entry: EMA6(2580696) EMA9(2580759) < MA21(2581208), close=2579965","1m PUT exit: EMA6(2580115) crossed above EMA9(2580073), close=2580570"
1352,CALL,2025-12-09T10:59:00+05:30,2025-12-09T11:27:00+05:30,25829.30,25851.80,22.50,28m0s,"1m CALL entry: EMA6(2581156) EMA9(2580837) > MA21(2580535), close=2582930","1m CALL exit: EMA6(2586093) crossed below EMA9(2586095), close=2585180"
1353,CALL,2025-12-09T11:28:00+05:30,2025-12-09T11:30:00+05:30,25861.15,25852.20,-8.95,2m0s,"1m CALL re-entry: EMA6(2586099) EMA9(2586099) > MA21(2585894), close=2586115","1m CALL exit: EMA6(2585898) crossed below EMA9(2585962), close=2585220"
1354,CALL,2025-12-09T11:32:00+05:30,2025-12-09T11:40:00+05:30,25875.00,25857.40,-17.60,8m0s,"1m CALL entry: EMA6(2586312) EMA9(2586226) > MA21(2586214), close=2587500","1m CALL exit: EMA6(2586326) crossed below EMA9(2586369), close=2585740"
1355,PUT,2025-12-09T11:41:00+05:30,2025-12-09T11:55:00+05:30,25859.45,25843.15,16.30,14m0s,"1m PUT entry: EMA6(2586217) EMA9(2586285) < MA21(2586314), close=2585945","1m PUT exit: EMA6(2583443) crossed above EMA9(2583394), close=2584315"
1356,CALL,2025-12-09T11:57:00+05:30,2025-12-09T12:32:00+05:30,25859.40,25895.30,35.90,35m0s,"1m CALL entry: EMA6(2584489) EMA9(2584171) > MA21(2584101), close=2585940","1m CALL exit: EMA6(2590357) crossed below EMA9(2590387), close=2589530"
1357,PUT,2025-12-09T12:35:00+05:30,2025-12-09T13:04:00+05:30,25893.50,25876.85,16.65,29m0s,"1m PUT entry: EMA6(2589799) EMA9(2589949) < MA21(2590052), close=2589350","1m PUT exit: EMA6(2586790) crossed above EMA9(2586770), close=2587685"
1358,CALL,2025-12-09T13:06:00+05:30,2025-12-09T13:15:00+05:30,25881.90,25871.85,-10.05,9m0s,"1m CALL entry: EMA6(2587496) EMA9(2587297) > MA21(2587288), close=2588190","1m CALL exit: EMA6(2587550) crossed below EMA9(2587562), close=2587185"
1359,CALL,2025-12-09T13:17:00+05:30,2025-12-09T13:23:00+05:30,25879.15,25867.85,-11.30,6m0s,"1m CALL re-entry: EMA6(2587667) EMA9(2587641) > MA21(2587323), close=2587915","1m CALL exit: EMA6(2587664) crossed below EMA9(2587697), close=2586785"
1360,CALL,2025-12-09T13:26:00+05:30,2025-12-09T13:37:00+05:30,25882.30,25878.75,-3.55,11m0s,"1m CALL entry: EMA6(2587894) EMA9(2587851) > MA21(2587809), close=2588230","1m CALL exit: EMA6(2588769) crossed below EMA9(2588770), close=2587875"
1361,CALL,2025-12-09T13:38:00+05:30,2025-12-09T13:45:00+05:30,25890.75,25887.40,-3.35,7m0s,"1m CALL re-entry: EMA6(2588857) EMA9(2588831) > MA21(2588442), close=2589075","1m CALL exit: EMA6(2589218) crossed below EMA9(2589242), close=2588740"
1362,PUT,2025-12-09T13:48:00+05:30,2025-12-09T13:53:00+05:30,25889.40,25893.00,-3.60,5m0s,"1m PUT entry: EMA6(2589035) EMA9(2589089) < MA21(2589140), close=2588940","1m PUT exit: EMA6(2589108) crossed above EMA9(2589103), close=2589300"
1363,CALL,2025-12-09T13:55:00+05:30,2025-12-09T14:04:00+05:30,25899.00,25877.90,-21.10,9m0s,"1m CALL entry: EMA6(2589379) EMA9(2589299) > MA21(2589209), close=2589900","1m CALL exit: EMA6(2589106) crossed below EMA9(2589226), close=2587790"
1364,PUT,2025-12-09T14:14:00+05:30,2025-12-09T14:40:00+05:30,25884.65,25833.60,51.05,26m0s,"1m PUT re-entry: EMA6(2588561) EMA9(2588571) < MA21(2588930), close=2588465","1m PUT exit: EMA6(2582124) crossed above EMA9(2582039), close=2583360"
1365,CALL,2025-12-09T14:41:00+05:30,2025-12-09T14:49:00+05:30,25844.40,25820.50,-23.90,8m0s,"1m CALL entry: EMA6(2582786) EMA9(2582519) > MA21(2582313), close=2584440","1m CALL exit: EMA6(2582451) crossed below EMA9(2582496), close=2582050"
1366,PUT,2025-12-09T14:53:00+05:30,2025-12-09T14:58:00+05:30,25817.15,25829.35,-12.20,5m0s,"1m PUT entry: EMA6(2582023) EMA9(2582147) < MA21(2582244), close=2581715","1m PUT exit: EMA6(2581986) crossed above EMA9(2581978), close=2582935"
1367,CALL,2025-12-09T15:00:00+05:30,2025-12-09T15:10:00+05:30,25840.25,25830.55,-9.70,10m0s,"1m CALL entry: EMA6(2582805) EMA9(2582574) > MA21(2582523), close=2584025","1m CALL exit: EMA6(2583668) crossed below EMA9(2583678), close=2583055"
1368,CALL,2025-12-09T15:13:00+05:30,2025-12-09T15:14:00+05:30,25840.30,25835.35,-4.95,1m0s,"1m CALL re-entry: EMA6(2583685) EMA9(2583677) > MA21(2583261), close=2584030","1m CALL exit: EMA6(2583642) crossed below EMA9(2583648), close=2583535"
1369,CALL,2025-12-09T15:16:00+05:30,2025-12-09T15:17:00+05:30,25838.45,25834.40,-4.05,1m0s,"1m CALL re-entry: EMA6(2583708) EMA9(2583693) > MA21(2583570), close=2583845","1m CALL exit: EMA6(2583631) crossed below EMA9(2583642), close=2583440"
1370,PUT,2025-12-09T15:23:00+05:30,2025-12-09T15:27:00+05:30,25834.95,25843.60,-8.65,4m0s,"1m PUT re-entry: EMA6(2583657) EMA9(2583670) < MA21(2583788), close=2583495","1m PUT exit: EMA6(2583839) crossed above EMA9(2583785), close=2584360"
1371,PUT,2025-12-10T09:50:00+05:30,2025-12-10T10:02:00+05:30,25890.65,25902.00,-11.35,12m0s,"1m PUT entry: EMA6(2590127) EMA9(2590328) < MA21(2590561), close=2589065","1m PUT exit: EMA6(2589109) crossed above EMA9(2589087), close=2590200"
1372,CALL,2025-12-10T10:05:00+05:30,2025-12-10T10:29:00+05:30,25902.45,25918.90,16.45,24m0s,"1m CALL entry: EMA6(2589907) EMA9(2589719) > MA21(2589648), close=2590245","1m CALL exit: EMA6(2592943) crossed below EMA9(2593020), close=2591890"
1373,PUT,2025-12-10T10:32:00+05:30,2025-12-10T10:35:00+05:30,25925.65,25935.20,-9.55,3m0s,"1m PUT entry: EMA6(2592747) EMA9(2592839) < MA21(2592865), close=2592565","1m PUT exit: EMA6(2592977) crossed above EMA9(2592952), close=2593520"
1374,CALL,2025-12-10T10:36:00+05:30,2025-12-10T10:37:00+05:30,25934.90,25920.25,-14.65,1m0s,"1m CALL entry: EMA6(2593123) EMA9(2593060) > MA21(2593041), close=2593490","1m CALL exit: EMA6(2592809) crossed below EMA9(2592853), close=2592025"
1375,CALL,2025-12-10T11:09:00+05:30,2025-12-10T11:23:00+05:30,25865.45,25862.50,-2.95,14m0s,"1m CALL entry: EMA6(2586099) EMA9(2585917) > MA21(2585857), close=2586545","1m CALL exit: EMA6(2586854) crossed below EMA9(2586891), close=2586250"
1376,PUT,2025-12-10T11:24:00+05:30,2025-12-10T11:57:00+05:30,25860.10,25838.85,21.25,33m0s,"1m PUT entry: EMA6(2586613) EMA9(2586715) < MA21(2586749), close=2586010","1m PUT exit: EMA6(2583509) crossed above EMA9(2583488), close=2583885"
1377,PUT,2025-12-10T12:01:00+05:30,2025-12-10T12:05:00+05:30,25823.95,25845.15,-21.20,4m0s,"1m PUT re-entry: EMA6(2583203) EMA9(2583292) < MA21(2583573), close=2582395","1m PUT exit: EMA6(2583429) crossed above EMA9(2583352), close=2584515"
1378,PUT,2025-12-10T12:13:00+05:30,2025-12-10T12:20:00+05:30,25824.95,25838.60,-13.65,7m0s,"1m PUT entry: EMA6(2583271) EMA9(2583434) < MA21(2583513), close=2582495","1m PUT exit: EMA6(2583196) crossed above EMA9(2583170), close=2583860"
1379,PUT,2025-12-10T12:23:00+05:30,2025-12-10T12:48:00+05:30,25826.50,25785.20,41.30,25m0s,"1m PUT re-entry: EMA6(2583023) EMA9(2583062) < MA21(2583396), close=2582650","1m PUT exit: EMA6(2578079) crossed above EMA9(2578037), close=2578520"
1380,CALL,2025-12-10T12:51:00+05:30,2025-12-10T13:43:00+05:30,25787.45,25828.70,41.25,52m0s,"1m CALL entry: EMA6(2578339) EMA9(2578250) > MA21(2578125), close=2578745","1m CALL exit: EMA6(2583466) crossed below EMA9(2583493), close=2582870"
1381,PUT,2025-12-10T13:45:00+05:30,2025-12-10T14:31:00+05:30,25824.25,25760.75,63.50,46m0s,"1m PUT entry: EMA6(2582972) EMA9(2583122) < MA21(2583259), close=2582425","1m PUT exit: EMA6(2575009) crossed above EMA9(2574947), close=2576075"
1382,CALL,2025-12-10T14:32:00+05:30,2025-12-10T14:40:00+05:30,25768.80,25756.85,-11.95,8m0s,"1m CALL entry: EMA6(2575544) EMA9(2575333) > MA21(2575240), close=2576880","1m CALL exit: EMA6(2576019) crossed below EMA9(2576041), close=2575685"
1383,PUT,2025-12-10T14:44:00+05:30,2025-12-10T14:48:00+05:30,25751.05,25763.45,-12.40,4m0s,"1m PUT entry: EMA6(2575410) EMA9(2575563) < MA21(2575627), close=2575105","1m PUT exit: EMA6(2575712) crossed above EMA9(2575693), close=2576345"
1384,PUT,2025-12-10T14:53:00+05:30,2025-12-10T15:00:00+05:30,25751.65,25760.65,-9.00,7m0s,"1m PUT re-entry: EMA6(2575612) EMA9(2575662) < MA21(2575976), close=2575165","1m PUT exit: EMA6(2575392) crossed above EMA9(2575326), close=2576065"
1385,CALL,2025-12-10T15:01:00+05:30,2025-12-10T15:10:00+05:30,25762.95,25756.20,-6.75,9m0s,"1m CALL entry: EMA6(2575650) EMA9(2575520) > MA21(2575430), close=2576295","1m CALL exit: EMA6(2575876) crossed below EMA9(2575893), close=2575620"
1386,CALL,2025-12-10T15:12:00+05:30,2025-12-10T15:13:00+05:30,25761.15,25758.35,-2.80,1m0s,"1m CALL re-entry: EMA6(2575925) EMA9(2575919) > MA21(2575668), close=2576115","1m CALL exit: EMA6(2575899) crossed below EMA9(2575902), close=2575835"
1387,CALL,2025-12-10T15:14:00+05:30,2025-12-10T15:16:00+05:30,25760.10,25756.70,-3.40,2m0s,"1m CALL re-entry: EMA6(2575931) EMA9(2575924) > MA21(2575720), close=2576010","1m CALL exit: EMA6(2575924) crossed below EMA9(2575928), close=2575670"
1388,PUT,2025-12-10T15:17:00+05:30,2025-12-10T15:29:00+05:30,25756.35,25742.65,13.70,12m0s,"1m PUT entry: EMA6(2575842) EMA9(2575869) < MA21(2575924), close=2575635",end of day (15:29 close)
1389,CALL,2025-12-11T09:20:00+05:30,2025-12-11T09:36:00+05:30,25774.75,25761.60,-13.15,16m0s,"1m CALL entry: EMA6(2575698) EMA9(2575468) > MA21(2575303), close=2577475","1m CALL exit: EMA6(2577748) crossed below EMA9(2577931), close=2576160"
1390,PUT,2025-12-11T09:37:00+05:30,2025-12-11T09:50:00+05:30,25746.60,25729.15,17.45,13m0s,"1m PUT entry: EMA6(2576866) EMA9(2577277) < MA21(2577689), close=2574660","1m PUT exit: EMA6(2572482) crossed above EMA9(2572451), close=2572915"
1391,PUT,2025-12-11T09:52:00+05:30,2025-12-11T09:54:00+05:30,25716.50,25727.75,-11.25,2m0s,"1m PUT re-entry: EMA6(2572309) EMA9(2572346) < MA21(2573373), close=2571650","1m PUT exit: EMA6(2572399) crossed above EMA9(2572392), close=2572775"
1392,CALL,2025-12-11T09:55:00+05:30,2025-12-11T09:57:00+05:30,25731.65,25712.40,-19.25,2m0s,"1m CALL entry: EMA6(2572618) EMA9(2572547) > MA21(2572519), close=2573165","1m CALL exit: EMA6(2572127) crossed below EMA9(2572220), close=2571240"
1393,CALL,2025-12-11T10:03:00+05:30,2025-12-11T10:53:00+05:30,25724.65,25826.85,102.20,50m0s,"1m CALL re-entry: EMA6(2572146) EMA9(2572145) > MA21(2572082), close=2572465","1m CALL exit: EMA6(2583250) crossed below EMA9(2583254), close=2582685"
1394,PUT,2025-12-11T10:54:00+05:30,2025-12-11T11:12:00+05:30,25821.60,25789.10,32.50,18m0s,"1m PUT entry: EMA6(2582939) EMA9(2583035) < MA21(2583120), close=2582160","1m PUT exit: EMA6(2578645) crossed above EMA9(2578625), close=2578910"
1395,CALL,2025-12-11T11:15:00+05:30,2025-12-11T11:36:00+05:30,25799.85,25816.10,16.25,21m0s,"1m CALL entry: EMA6(2579455) EMA9(2579257) > MA21(2579129), close=2579985","1m CALL exit: EMA6(2582244) crossed below EMA9(2582270), close=2581610"
1396,CALL,2025-12-11T11:38:00+05:30,2025-12-11T11:47:00+05:30,25830.05,25819.95,-10.10,9m0s,"1m CALL re-entry: EMA6(2582474) EMA9(2582423) > MA21(2582166), close=2583005","1m CALL exit: EMA6(2582766) crossed below EMA9(2582792), close=2581995"
1397,CALL,2025-12-11T11:49:00+05:30,2025-12-11T12:36:00+05:30,25833.25,25892.70,59.45,47m0s,"1m CALL re-entry: EMA6(2582929) EMA9(2582897) > MA21(2582779), close=2583325","1m CALL exit: EMA6(2589735) crossed below EMA9(2589769), close=2589270"
1398,PUT,2025-12-11T12:39:00+05:30,2025-12-11T12:44:00+05:30,25885.55,25899.85,-14.30,5m0s,"1m PUT entry: EMA6(2589317) EMA9(2589454) < MA21(2589494), close=2588555","1m PUT exit: EMA6(2589376) crossed above EMA9(2589349), close=2589985"
1399,PUT,2025-12-11T12:51:00+05:30,2025-12-11T13:18:00+05:30,25884.50,25866.60,17.90,27m0s,"1m PUT re-entry: EMA6(2589206) EMA9(2589289) < MA21(2589446), close=2588450","1m PUT exit: EMA6(2586051) crossed above EMA9(2585998), close=2586660"
1400,CALL,2025-12-11T13:22:00+05:30,2025-12-11T13:25:00+05:30,25864.45,25858.20,-6.25,3m0s,"1m CALL entry: EMA6(2586272) EMA9(2586205) > MA21(2586135), close=2586445","1m CALL exit: EMA6(2586021) crossed below EMA9(2586045), close=2585820"
1401,CALL,2025-12-11T13:30:00+05:30,2025-12-11T13:45:00+05:30,25868.95,25872.30,3.35,15m0s,"1m CALL re-entry: EMA6(2586190) EMA9(2586117) > MA21(2585890), close=2586895","1m CALL exit: EMA6(2587808) crossed below EMA9(2587856), close=2587230"
1402,CALL,2025-12-11T13:47:00+05:30,2025-12-11T14:01:00+05:30,25888.15,25886.00,-2.15,14m0s,"1m CALL re-entry: EMA6(2588122) EMA9(2588061) > MA21(2587677), close=2588815","1m CALL exit: EMA6(2589046) crossed below EMA9(2589057), close=2588600"
1403,PUT,2025-12-11T14:03:00+05:30,2025-12-11T14:18:00+05:30,25875.40,25873.80,1.60,15m0s,"1m PUT entry: EMA6(2588445) EMA9(2588618) < MA21(2588710), close=2587540","1m PUT exit: EMA6(2587238) crossed above EMA9(2587234), close=2587380"
1404,CALL,2025-12-11T14:20:00+05:30,2025-12-11T14:39:00+05:30,25895.45,25900.70,5.25,19m0s,"1m CALL entry: EMA6(2588042) EMA9(2587810) > MA21(2587453), close=2589545","1m CALL exit: EMA6(2590544) crossed below EMA9(2590582), close=2590070"
1405,PUT,2025-12-11T14:41:00+05:30,2025-12-11T14:59:00+05:30,25893.55,25874.25,19.30,18m0s,"1m PUT entry: EMA6(2590048) EMA9(2590209) < MA21(2590270), close=2589355","1m PUT exit: EMA6(2587169) crossed above EMA9(2587144), close=2587425"
1406,CALL,2025-12-11T15:00:00+05:30,2025-12-11T15:17:00+05:30,25893.15,25894.95,1.80,17m0s,"1m CALL entry: EMA6(2587782) EMA9(2587578) > MA21(2587494), close=2589315","1m CALL exit: EMA6(2589767) crossed below EMA9(2589788), close=2589495"
1407,CALL,2025-12-11T15:18:00+05:30,2025-12-11T15:26:00+05:30,25900.45,25894.85,-5.60,8m0s,"1m CALL re-entry: EMA6(2589846) EMA9(2589839) > MA21(2589656), close=2590045","1m CALL exit: EMA6(2589806) crossed below EMA9(2589841), close=2589485"
1408,CALL,2025-12-12T09:15:00+05:30,2025-12-12T09:45:00+05:30,25981.10,26017.30,36.20,30m0s,"1m CALL entry: EMA6(2592187) EMA9(2591488) > MA21(2590284), close=2598110","1m CALL exit: EMA6(2602410) crossed below EMA9(2602480), close=2601730"
1409,PUT,2025-12-12T09:47:00+05:30,2025-12-12T10:15:00+05:30,26019.00,26004.50,14.50,28m0s,"1m PUT entry: EMA6(2602223) EMA9(2602320) < MA21(2602444), close=2601900","1m PUT exit: EMA6(2598888) crossed above EMA9(2598835), close=2600450"
1410,CALL,2025-12-12T10:18:00+05:30,2025-12-12T10:22:00+05:30,26004.50,25976.00,-28.50,4m0s,"1m CALL entry: EMA6(2599754) EMA9(2599517) > MA21(2599371), close=2600450","1m CALL exit: EMA6(2599334) crossed below EMA9(2599399), close=2597600"
1411,PUT,2025-12-12T10:23:00+05:30,2025-12-12T10:33:00+05:30,25971.65,25980.30,-8.65,10m0s,"1m PUT entry: EMA6(2598714) EMA9(2598952) < MA21(2599032), close=2597165","1m PUT exit: EMA6(2596979) crossed above EMA9(2596922), close=2598030"
1412,PUT,2025-12-12T10:39:00+05:30,2025-12-12T10:47:00+05:30,25968.85,25971.50,-2.65,8m0s,"1m PUT re-entry: EMA6(2597087) EMA9(2597096) < MA21(2597175), close=2596885","1m PUT exit: EMA6(2596669) crossed above EMA9(2596630), close=2597150"
1413,PUT,2025-12-12T10:48:00+05:30,2025-12-12T10:55:00+05:30,25966.40,25969.40,-3.00,7m0s,"1m PUT entry: EMA6(2596661) EMA9(2596632) < MA21(2596729), close=2596640","1m PUT exit: EMA6(2596429) crossed above EMA9(2596385), close=2596940"
1414,CALL,2025-12-12T10:56:00+05:30,2025-12-12T10:57:00+05:30,25965.25,25960.15,-5.10,1m0s,"1m CALL entry: EMA6(2596456) EMA9(2596413) > MA21(2596398), close=2596525","1m CALL exit: EMA6(2596330) crossed below EMA9(2596334), close=2596015"
1415,CALL,2025-12-12T11:01:00+05:30,2025-12-12T11:39:00+05:30,25970.00,26008.10,38.10,38m0s,"1m CALL entry: EMA6(2596382) EMA9(2596319) > MA21(2596251), close=2597000","1m CALL exit: EMA6(2601310) crossed below EMA9(2601342), close=2600810"
1416,PUT,2025-12-12T11:40:00+05:30,2025-12-12T11:44:00+05:30,26007.30,26014.65,-7.35,4m0s,"1m PUT entry: EMA6(2601144) EMA9(2601220) < MA21(2601250), close=2600730","1m PUT exit: EMA6(2601240) crossed above EMA9(2601236), close=2601465"
1417,CALL,2025-12-12T11:46:00+05:30,2025-12-12T11:49:00+05:30,26016.05,26011.10,-4.95,3m0s,"1m CALL entry: EMA6(2601451) EMA9(2601394) > MA21(2601363), close=2601605","1m CALL exit: EMA6(2601315) crossed below EMA9(2601321), close=2601110"
1418,CALL,2025-12-12T11:52:00+05:30,2025-12-12T12:05:00+05:30,26017.80,26017.00,-0.80,13m0s,"1m CALL entry: EMA6(2601433) EMA9(2601398) > MA21(2601390), close=2601780","1m CALL exit: EMA6(2602462) crossed below EMA9(2602540), close=2601700"
1419,PUT,2025-12-12T12:07:00+05:30,2025-12-12T12:17:00+05:30,26012.20,26014.90,-2.70,10m0s,"1m PUT entry: EMA6(2601896) EMA9(2602098) < MA21(2602248), close=2601220","1m PUT exit: EMA6(2601372) crossed above EMA9(2601366), close=2601490"
1420,PUT,2025-12-12T12:18:00+05:30,2025-12-12T12:19:00+05:30,26012.50,26014.60,-2.10,1m0s,"1m PUT re-entry: EMA6(2601337) EMA9(2601343) < MA21(2601792), close=2601250","1m PUT exit: EMA6(2601372) crossed above EMA9(2601366), close=2601460"
1421,CALL,2025-12-12T12:22:00+05:30,2025-12-12T12:39:00+05:30,26015.85,26022.15,6.30,17m0s,"1m CALL entry: EMA6(2601548) EMA9(2601506) > MA21(2601488), close=2601585","1m CALL exit: EMA6(2602623) crossed below EMA9(2602646), close=2602215"
1422,PUT,2025-12-12T12:41:00+05:30,2025-12-12T12:54:00+05:30,26019.35,26022.10,-2.75,13m0s,"1m PUT entry: EMA6(2602331) EMA9(2602425) < MA21(2602445), close=2601935","1m PUT exit: EMA6(2601979) crossed above EMA9(2601964), close=2602210"
1423,CALL,2025-12-12T12:57:00+05:30,2025-12-12T13:07:00+05:30,26021.55,26012.20,-9.35,10m0s,"1m CALL entry: EMA6(2602119) EMA9(2602079) > MA21(2602035), close=2602155","1m CALL exit: EMA6(2602100) crossed below EMA9(2602194), close=2601220"
1424,PUT,2025-12-12T13:08:00+05:30,2025-12-12T13:11:00+05:30,26015.40,26025.45,-10.05,3m0s,"1m PUT entry: EMA6(2601940) EMA9(2602063) < MA21(2602128), close=2601540","1m PUT exit: EMA6(2602183) crossed above EMA9(2602181), close=2602545"
1425,CALL,2025-12-12T13:12:00+05:30,2025-12-12T13:23:00+05:30,26028.70,26025.15,-3.55,11m0s,"1m CALL entry: EMA6(2602380) EMA9(2602319) > MA21(2602272), close=2602870","1m CALL exit: EMA6(2602832) crossed below EMA9(2602864), close=2602515"
1426,PUT,2025-12-12T13:26:00+05:30,2025-12-12T13:38:00+05:30,26025.50,26020.05,5.45,12m0s,"1m PUT entry: EMA6(2602557) EMA9(2602630) < MA21(2602649), close=2602550","1m PUT exit: EMA6(2601920) crossed above EMA9(2601916), close=2602005"
1427,CALL,2025-12-12T13:41:00+05:30,2025-12-12T14:16:00+05:30,26026.50,26040.70,14.20,35m0s,"1m CALL entry: EMA6(2602238) EMA9(2602151) > MA21(2602072), close=2602650","1m CALL exit: EMA6(2604381) crossed below EMA9(2604396), close=2604070"
1428,PUT,2025-12-12T14:21:00+05:30,2025-12-12T14:55:00+05:30,26042.60,26026.55,16.05,34m0s,"1m PUT entry: EMA6(2604252) EMA9(2604283) < MA21(2604326), close=2604260","1m PUT exit: EMA6(2602345) crossed above EMA9(2602328), close=2602655"
1429,CALL,2025-12-12T14:56:00+05:30,2025-12-12T15:17:00+05:30,26029.85,26045.10,15.25,21m0s,"1m CALL entry: EMA6(2602528) EMA9(2602459) > MA21(2602410), close=2602985","1m CALL exit: EMA6(2604816) crossed below EMA9(2604836), close=2604510"
1430,PUT,2025-12-12T15:20:00+05:30,2025-12-12T15:24:00+05:30,26044.30,26050.55,-6.25,4m0s,"1m PUT entry: EMA6(2604640) EMA9(2604696) < MA21(2604773), close=2604430","1m PUT exit: EMA6(2604702) crossed above EMA9(2604689), close=2605055"
1431,PUT,2025-12-12T15:27:00+05:30,2025-12-12T15:29:00+05:30,26042.70,26043.00,-0.30,2m0s,"1m PUT re-entry: EMA6(2604694) EMA9(2604704) < MA21(2604872), close=2604270",end of day (15:29 close)
1432,PUT,2025-12-15T09:40:00+05:30,2025-12-15T09:41:00+05:30,25922.70,25930.45,-7.75,1m0s,"1m PUT re-entry: EMA6(2592528) EMA9(2592554) < MA21(2592775), close=2592270","1m PUT exit: EMA6(2592676) crossed above EMA9(2592652), close=2593045"
1433,CALL,2025-12-15T09:42:00+05:30,2025-12-15T09:43:00+05:30,25924.60,25918.50,-6.10,1m0s,"1m CALL entry: EMA6(2592614) EMA9(2592613) > MA21(2592569), close=2592460","1m CALL exit: EMA6(2592396) crossed below EMA9(2592461), close=2591850"
1434,CALL,2025-12-15T09:47:00+05:30,2025-12-15T10:11:00+05:30,25934.70,25944.40,9.70,24m0s,"1m CALL entry: EMA6(2592326) EMA9(2592303) > MA21(2592248), close=2593470","1m CALL exit: EMA6(2594912) crossed below EMA9(2594947), close=2594440"
1435,CALL,2025-12-15T10:12:00+05:30,2025-12-15T10:36:00+05:30,25954.95,25962.10,7.15,24m0s,"1m CALL re-entry: EMA6(2595079) EMA9(2595057) > MA21(2594804), close=2595495","1m CALL exit: EMA6(2597124) crossed below EMA9(2597168), close=2596210"
1436,PUT,2025-12-15T10:37:00+05:30,2025-12-15T10:45:00+05:30,25958.40,25970.60,-12.20,8m0s,"1m PUT entry: EMA6(2596757) EMA9(2596903) < MA21(2597004), close=2595840","1m PUT exit: EMA6(2596540) crossed above EMA9(2596480), close=2597060"
1437,CALL,2025-12-15T10:48:00+05:30,2025-12-15T11:03:00+05:30,25985.75,25982.30,-3.45,15m0s,"1m CALL entry: EMA6(2597377) EMA9(2597122) > MA21(2596891), close=2598575","1m CALL exit: EMA6(2598729) crossed below EMA9(2598743), close=2598230"
1438,PUT,2025-12-15T11:06:00+05:30,2025-12-15T11:26:00+05:30,25983.40,25981.10,2.30,20m0s,"1m PUT entry: EMA6(2598562) EMA9(2598615) < MA21(2598673), close=2598340","1m PUT exit: EMA6(2597777) crossed above EMA9(2597739), close=2598110"
1439,CALL,2025-12-15T11:27:00+05:30,2025-12-15T11:34:00+05:30,25988.35,25967.80,-20.55,7m0s,"1m CALL entry: EMA6(2598079) EMA9(2597958) > MA21(2597844), close=2598835","1m CALL exit: EMA6(2597910) crossed below EMA9(2598040), close=2596780"
1440,PUT,2025-12-15T11:35:00+05:30,2025-12-15T11:46:00+05:30,25963.05,25976.35,-13.30,11m0s,"1m PUT entry: EMA6(2597451) EMA9(2597693) < MA21(2597903), close=2596305","1m PUT exit: EMA6(2597277) crossed above EMA9(2597251), close=2597635"
1441,CALL,2025-12-15T11:48:00+05:30,2025-12-15T12:19:00+05:30,25992.45,26014.70,22.25,31m0s,"1m CALL entry: EMA6(2597967) EMA9(2597755) > MA21(2597631), close=2599245","1m CALL exit: EMA6(2601692) crossed below EMA9(2601710), close=2601470"
1442,CALL,2025-12-15T12:20:00+05:30,2025-12-15T12:27:00+05:30,26021.85,26014.30,-7.55,7m0s,"1m CALL re-entry: EMA6(2601833) EMA9(2601805) > MA21(2601702), close=2602185","1m CALL exit: EMA6(2601932) crossed below EMA9(2601969), close=2601430"
1443,PUT,2025-12-15T12:28:00+05:30,2025-12-15T12:31:00+05:30,26015.55,26023.20,-7.65,3m0s,"1m PUT entry: EMA6(2601825) EMA9(2601886) < MA21(2601919), close=2601555","1m PUT exit: EMA6(2602030) crossed above EMA9(2602005), close=2602320"
1444,PUT,2025-12-15T12:41:00+05:30,2025-12-15T12:51:00+05:30,26015.80,26017.35,-1.55,10m0s,"1m PUT entry: EMA6(2602057) EMA9(2602124) < MA21(2602185), close=2601580","1m PUT exit: EMA6(2601372) crossed above EMA9(2601351), close=2601735"
1445,PUT,2025-12-15T12:56:00+05:30,2025-12-15T13:00:00+05:30,26010.00,26021.05,-11.05,4m0s,"1m PUT re-entry: EMA6(2601394) EMA9(2601413) < MA21(2601502), close=2601000","1m PUT exit: EMA6(2601577) crossed above EMA9(2601518), close=2602105"
1446,PUT,2025-12-15T13:23:00+05:30,2025-12-15T13:35:00+05:30,26031.75,26032.60,-0.85,12m0s,"1m PUT entry: EMA6(2603237) EMA9(2603287) < MA21(2603289), close=2603175","1m PUT exit: EMA6(2602985) crossed above EMA9(2602953), close=2603260"
1447,CALL,2025-12-15T13:39:00+05:30,2025-12-15T13:43:00+05:30,26030.35,26027.85,-2.50,4m0s,"1m CALL entry: EMA6(2603001) EMA9(2602984) > MA21(2602960), close=2603035","1m CALL exit: EMA6(2602996) crossed below EMA9(2603004), close=2602785"
1448,PUT,2025-12-15T13:44:00+05:30,2025-12-15T13:48:00+05:30,26025.45,26031.05,-5.60,4m0s,"1m PUT entry: EMA6(2602867) EMA9(2602912) < MA21(2602924), close=2602545","1m PUT exit: EMA6(2602932) crossed above EMA9(2602924), close=2603105"
1449,PUT,2025-12-15T13:51:00+05:30,2025-12-15T13:54:00+05:30,26021.60,26032.95,-11.35,3m0s,"1m PUT entry: EMA6(2602776) EMA9(2602829) < MA21(2602926), close=2602160","1m PUT exit: EMA6(2602951) crossed above EMA9(2602926), close=2603295"
1450,PUT,2025-12-15T13:56:00+05:30,2025-12-15T14:02:00+05:30,26027.75,26037.00,-9.25,6m0s,"1m PUT re-entry: EMA6(2602888) EMA9(2602890) < MA21(2602924), close=2602775","1m PUT exit: EMA6(2602921) crossed above EMA9(2602845), close=2603700"
1451,PUT,2025-12-15T14:08:00+05:30,2025-12-15T14:19:00+05:30,26011.70,26014.15,-2.45,11m0s,"1m PUT entry: EMA6(2602587) EMA9(2602718) < MA21(2602837), close=2601170","1m PUT exit: EMA6(2601285) crossed above EMA9(2601275), close=2601415"
1452,PUT,2025-12-15T14:23:00+05:30,2025-12-15T14:24:00+05:30,26010.05,26013.70,-3.65,1m0s,"1m PUT re-entry: EMA6(2601310) EMA9(2601314) < MA21(2601531), close=2601005","1m PUT exit: EMA6(2601327) crossed above EMA9(2601325), close=2601370"
1453,CALL,2025-12-15T14:25:00+05:30,2025-12-15T14:32:00+05:30,26015.75,26011.35,-4.40,7m0s,"1m CALL entry: EMA6(2601398) EMA9(2601375) > MA21(2601340), close=2601575","1m CALL exit: EMA6(2601450) crossed below EMA9(2601463), close=2601135"
1454,PUT,2025-12-15T14:35:00+05:30,2025-12-15T14:40:00+05:30,26012.25,26015.50,-3.25,5m0s,"1m PUT entry: EMA6(2601368) EMA9(2601395) < MA21(2601410), close=2601225","1m PUT exit: EMA6(2601401) crossed above EMA9(2601399), close=2601550"
1455,CALL,2025-12-15T14:41:00+05:30,2025-12-15T15:02:00+05:30,26018.80,26030.35,11.55,21m0s,"1m CALL entry: EMA6(2601538) EMA9(2601496) > MA21(2601455), close=2601880","1m CALL exit: EMA6(2603339) crossed below EMA9(2603353), close=2603035"
1456,PUT,2025-12-15T15:16:00+05:30,2025-12-15T15:26:00+05:30,26026.40,26028.85,-2.45,10m0s,"1m PUT re-entry: EMA6(2602844) EMA9(2602864) < MA21(2602943), close=2602640","1m PUT exit: EMA6(2602583) crossed above EMA9(2602565), close=2602885"
1457,PUT,2025-12-15T15:27:00+05:30,2025-12-15T15:29:00+05:30,26023.75,26014.00,9.75,2m0s,"1m PUT re-entry: EMA6(2602524) EMA9(2602527) < MA21(2602659), close=2602375",end of day (15:29 close)
1458,CALL,2025-12-16T09:43:00+05:30,2025-12-16T09:56:00+05:30,25927.10,25924.60,-2.50,13m0s,"1m CALL entry: EMA6(2592388) EMA9(2592237) > MA21(2592141), close=2592710","1m CALL exit: EMA6(2593183) crossed below EMA9(2593246), close=2592460"
1459,PUT,2025-12-16T09:58:00+05:30,2025-12-16T10:17:00+05:30,25912.30,25901.20,11.10,19m0s,"1m PUT entry: EMA6(2592459) EMA9(2592703) < MA21(2592928), close=2591230","1m PUT exit: EMA6(2589471) crossed above EMA9(2589423), close=2590120"
1460,CALL,2025-12-16T10:18:00+05:30,2025-12-16T10:35:00+05:30,25909.75,25905.80,-3.95,17m0s,"1m CALL entry: EMA6(2589901) EMA9(2589734) > MA21(2589506), close=2590975","1m CALL exit: EMA6(2591172) crossed below EMA9(2591208), close=2590580"
1461,PUT,2025-12-16T10:36:00+05:30,2025-12-16T10:54:00+05:30,25903.40,25905.05,-1.65,18m0s,"1m PUT entry: EMA6(2590934) EMA9(2591034) < MA21(2591138), close=2590340","1m PUT exit: EMA6(2590366) crossed above EMA9(2590365), close=2590505"
1462,PUT,2025-12-16T10:55:00+05:30,2025-12-16T11:06:00+05:30,25901.55,25904.65,-3.10,11m0s,"1m PUT re-entry: EMA6(2590305) EMA9(2590323) < MA21(2590396), close=2590155","1m PUT exit: EMA6(2590080) crossed above EMA9(2590040), close=2590465"
1463,CALL,2025-12-16T11:07:00+05:30,2025-12-16T11:12:00+05:30,25909.60,25897.95,-11.65,5m0s,"1m CALL entry: EMA6(2590331) EMA9(2590224) > MA21(2590123), close=2590960","1m CALL exit: EMA6(2590205) crossed below EMA9(2590220), close=2589795"
1464,PUT,2025-12-16T11:16:00+05:30,2025-12-16T11:20:00+05:30,25895.90,25902.10,-6.20,4m0s,"1m PUT entry: EMA6(2589913) EMA9(2589990) < MA21(2590029), close=2589590","1m PUT exit: EMA6(2589984) crossed above EMA9(2589982), close=2590210"
1465,CALL,2025-12-16T11:23:00+05:30,2025-12-16T11:32:00+05:30,25907.25,25898.30,-8.95,9m0s,"1m CALL entry: EMA6(2590308) EMA9(2590221) > MA21(2590150), close=2590725","1m CALL exit: EMA6(2590225) crossed below EMA9(2590238), close=2589830"
1466,PUT,2025-12-16T11:33:00+05:30,2025-12-16T11:52:00+05:30,25893.35,25884.05,9.30,19m0s,"1m PUT entry: EMA6(2589971) EMA9(2590057) < MA21(2590088), close=2589335","1m PUT exit: EMA6(2588154) crossed above EMA9(2588125), close=2588405"
1467,CALL,2025-12-16T11:54:00+05:30,2025-12-16T11:58:00+05:30,25890.80,25877.15,-13.65,4m0s,"1m CALL entry: EMA6(2588458) EMA9(2588352) > MA21(2588207), close=2589080","1m CALL exit: EMA6(2588123) crossed below EMA9(2588163), close=2587715"
1468,PUT,2025-12-16T11:59:00+05:30,2025-12-16T12:06:00+05:30,25876.05,25883.65,-7.60,7m0s,"1m PUT entry: EMA6(2587975) EMA9(2588051) < MA21(2588079), close=2587605","1m PUT exit: EMA6(2587863) crossed above EMA9(2587847), close=2588365"
1469,CALL,2025-12-16T12:08:00+05:30,2025-12-16T12:37:00+05:30,25883.75,25891.50,7.75,29m0s,"1m CALL entry: EMA6(2588118) EMA9(2588040) > MA21(2588019), close=2588375","1m CALL exit: EMA6(2590082) crossed below EMA9(2590156), close=2589150"
1470,PUT,2025-12-16T12:38:00+05:30,2025-12-16T12:52:00+05:30,25888.70,25895.80,-7.10,14m0s,"1m PUT entry: EMA6(2589736) EMA9(2589899) < MA21(2589924), close=2588870","1m PUT exit: EMA6(2588783) crossed above EMA9(2588758), close=2589580"
1471,PUT,2025-12-16T12:55:00+05:30,2025-12-16T12:58:00+05:30,25884.25,25896.55,-12.30,3m0s,"1m PUT re-entry: EMA6(2588767) EMA9(2588784) < MA21(2588948), close=2588425","1m PUT exit: EMA6(2588845) crossed above EMA9(2588815), close=2589655"
1472,PUT,2025-12-16T13:05:00+05:30,2025-12-16T13:12:00+05:30,25878.45,25890.75,-12.30,7m0s,"1m PUT entry: EMA6(2588598) EMA9(2588713) < MA21(2588722), close=2587845","1m PUT exit: EMA6(2588615) crossed above EMA9(2588578), close=2589075"
1473,CALL,2025-12-16T13:14:00+05:30,2025-12-16T13:18:00+05:30,25886.85,25878.65,-8.20,4m0s,"1m CALL entry: EMA6(2588780) EMA9(2588719) > MA21(2588679), close=2588685","1m CALL exit: EMA6(2588728) crossed below EMA9(2588745), close=2587865"
1474,CALL,2025-12-16T13:21:00+05:30,2025-12-16T13:56:00+05:30,25887.00,25912.60,25.60,35m0s,"1m CALL entry: EMA6(2588671) EMA9(2588688) > MA21(2588637), close=2588700","1m CALL exit: EMA6(2591652) crossed below EMA9(2591675), close=2591260"
1475,PUT,2025-12-16T13:58:00+05:30,2025-12-16T14:40:00+05:30,25899.60,25864.35,35.25,42m0s,"1m PUT entry: EMA6(2591077) EMA9(2591257) < MA21(2591414), close=2589960","1m PUT exit: EMA6(2586121) crossed above EMA9(2586085), close=2586435"
1476,PUT,2025-12-16T15:05:00+05:30,2025-12-16T15:26:00+05:30,25864.55,25852.85,11.70,21m0s,"1m PUT entry: EMA6(2587352) EMA9(2587523) < MA21(2587691), close=2586455","1m PUT exit: EMA6(2585033) crossed above EMA9(2585022), close=2585285"
1477,PUT,2025-12-16T15:27:00+05:30,2025-12-16T15:29:00+05:30,25843.85,25851.35,-7.50,2m0s,"1m PUT re-entry: EMA6(2584848) EMA9(2584894) < MA21(2585365), close=2584385",end of day (15:29 close)
1478,PUT,2025-12-17T09:42:00+05:30,2025-12-17T10:19:00+05:30,25904.75,25848.75,56.00,37m0s,"1m PUT entry: EMA6(2591299) EMA9(2591360) < MA21(2591379), close=2590475","1m PUT exit: EMA6(2584047) crossed above EMA9(2583992), close=2584875"
1479,PUT,2025-12-17T10:22:00+05:30,2025-12-17T10:43:00+05:30,25831.85,25823.50,8.35,21m0s,"1m PUT re-entry: EMA6(2583815) EMA9(2583863) < MA21(2583946), close=2583185","1m PUT exit: EMA6(2581763) crossed above EMA9(2581729), close=2582350"
1480,CALL,2025-12-17T10:45:00+05:30,2025-12-17T10:54:00+05:30,25818.65,25818.35,-0.30,9m0s,"1m CALL entry: EMA6(2581832) EMA9(2581793) > MA21(2581788), close=2581865","1m CALL exit: EMA6(2582271) crossed below EMA9(2582299), close=2581835"
1481,PUT,2025-12-17T10:56:00+05:30,2025-12-17T11:02:00+05:30,25805.85,25829.60,-23.75,6m0s,"1m PUT entry: EMA6(2581481) EMA9(2581710) < MA21(2581920), close=2580585","1m PUT exit: EMA6(2581999) crossed above EMA9(2581908), close=2582960"
1482,CALL,2025-12-17T11:05:00+05:30,2025-12-17T11:21:00+05:30,25824.95,25836.05,11.10,16m0s,"1m CALL entry: EMA6(2582237) EMA9(2582131) > MA21(2582080), close=2582495","1m CALL exit: EMA6(2583863) crossed below EMA9(2583873), close=2583605"
1483,PUT,2025-12-17T11:24:00+05:30,2025-12-17T11:40:00+05:30,25828.25,25827.80,0.45,16m0s,"1m PUT entry: EMA6(2583266) EMA9(2583420) < MA21(2583531), close=2582825","1m PUT exit: EMA6(2582092) crossed above EMA9(2582011), close=2582780"
1484,CALL,2025-12-17T11:41:00+05:30,2025-12-17T11:53:00+05:30,25830.20,25830.45,0.25,12m0s,"1m CALL entry: EMA6(2582357) EMA9(2582213) > MA21(2582125), close=2583020","1m CALL exit: EMA6(2583460) crossed below EMA9(2583460), close=2583045"
1485,PUT,2025-12-17T11:57:00+05:30,2025-12-17T12:19:00+05:30,25825.45,25808.30,17.15,22m0s,"1m PUT entry: EMA6(2582909) EMA9(2583037) < MA21(2583105), close=2582545","1m PUT exit: EMA6(2580290) crossed above EMA9(2580231), close=2580830"
1486,PUT,2025-12-17T12:26:00+05:30,2025-12-17T12:44:00+05:30,25791.00,25795.30,-4.30,18m0s,"1m PUT entry: EMA6(2579795) EMA9(2579929) < MA21(2580030), close=2579100","1m PUT exit: EMA6(2579026) crossed above EMA9(2579003), close=2579530"
1487,CALL,2025-12-17T12:45:00+05:30,2025-12-17T12:55:00+05:30,25795.85,25782.95,-12.90,10m0s,"1m CALL entry: EMA6(2579186) EMA9(2579119) > MA21(2579051), close=2579585","1m CALL exit: EMA6(2579451) crossed below EMA9(2579589), close=2578295"
1488,PUT,2025-12-17T12:56:00+05:30,2025-12-17T13:04:00+05:30,25785.10,25794.90,-9.80,8m0s,"1m PUT entry: EMA6(2579182) EMA9(2579373) < MA21(2579398), close=2578510","1m PUT exit: EMA6(2578938) crossed above EMA9(2578918), close=2579490"
1489,CALL,2025-12-17T13:07:00+05:30,2025-12-17T13:14:00+05:30,25799.35,25791.45,-7.90,7m0s,"1m CALL entry: EMA6(2579561) EMA9(2579410) > MA21(2579372), close=2579935","1m CALL exit: EMA6(2579343) crossed below EMA9(2579359), close=2579145"
1490,CALL,2025-12-17T13:18:00+05:30,2025-12-17T13:32:00+05:30,25795.50,25800.50,5.00,14m0s,"1m CALL re-entry: EMA6(2579330) EMA9(2579327) > MA21(2579205), close=2579550","1m CALL exit: EMA6(2580676) crossed below EMA9(2580734), close=2580050"
1491,PUT,2025-12-17T13:35:00+05:30,2025-12-17T13:48:00+05:30,25795.50,25794.30,1.20,13m0s,"1m PUT entry: EMA6(2580123) EMA9(2580291) < MA21(2580391), close=2579550","1m PUT exit: EMA6(2579154) crossed above EMA9(2579145), close=2579430"
1492,PUT,2025-12-17T13:50:00+05:30,2025-12-17T13:53:00+05:30,25790.00,25793.65,-3.65,3m0s,"1m PUT re-entry: EMA6(2579096) EMA9(2579106) < MA21(2579322), close=2579000","1m PUT exit: EMA6(2579117) crossed above EMA9(2579108), close=2579365"
1493,CALL,2025-12-17T13:54:00+05:30,2025-12-17T13:55:00+05:30,25793.60,25783.90,-9.70,1m0s,"1m CALL entry: EMA6(2579187) EMA9(2579158) > MA21(2579107), close=2579360","1m CALL exit: EMA6(2578959) crossed below EMA9(2579005), close=2578390"
1494,CALL,2025-12-17T13:59:00+05:30,2025-12-17T14:03:00+05:30,25795.45,25787.65,-7.80,4m0s,"1m CALL entry: EMA6(2579098) EMA9(2579055) > MA21(2578980), close=2579545","1m CALL exit: EMA6(2579032) crossed below EMA9(2579048), close=2578765"
1495,CALL,2025-12-17T14:04:00+05:30,2025-12-17T14:11:00+05:30,25793.35,25789.20,-4.15,7m0s,"1m CALL re-entry: EMA6(2579119) EMA9(2579106) > MA21(2579061), close=2579335","1m CALL exit: EMA6(2579201) crossed below EMA9(2579227), close=2578920"
1496,CALL,2025-12-17T14:14:00+05:30,2025-12-17T14:24:00+05:30,25798.50,25797.55,-0.95,10m0s,"1m CALL entry: EMA6(2579357) EMA9(2579317) > MA21(2579190), close=2579850","1m CALL exit: EMA6(2580637) crossed below EMA9(2580690), close=2579755"
1497,PUT,2025-12-17T14:27:00+05:30,2025-12-17T14:34:00+05:30,25794.25,25811.10,-16.85,7m0s,"1m PUT entry: EMA6(2579944) EMA9(2580135) < MA21(2580216), close=2579425","1m PUT exit: EMA6(2580127) crossed above EMA9(2580045), close=2581110"
1498,PUT,2025-12-17T14:37:00+05:30,2025-12-17T14:45:00+05:30,25783.60,25798.00,-14.40,8m0s,"1m PUT re-entry: EMA6(2579568) EMA9(2579705) < MA21(2580289), close=2578360","1m PUT exit: EMA6(2579134) crossed above EMA9(2579090), close=2579800"
1499,CALL,2025-12-17T14:49:00+05:30,2025-12-17T15:10:00+05:30,25807.25,25817.05,9.80,21m0s,"1m CALL entry: EMA6(2579639) EMA9(2579480) > MA21(2579303), close=2580725","1m CALL exit: EMA6(2581912) crossed below EMA9(2581918), close=2581705"
1500,PUT,2025-12-17T15:15:00+05:30,2025-12-17T15:23:00+05:30,25812.95,25821.95,-9.00,8m0s,"1m PUT entry: EMA6(2581626) EMA9(2581696) < MA21(2581797), close=2581295","1m PUT exit: EMA6(2581667) crossed above EMA9(2581607), close=2582195"
1501,CALL,2025-12-17T15:24:00+05:30,2025-12-17T15:29:00+05:30,25825.95,25821.80,-4.15,5m0s,"1m CALL entry: EMA6(2581932) EMA9(2581805) > MA21(2581752), close=2582595",end of day (15:29 close)
1502,PUT,2025-12-18T09:29:00+05:30,2025-12-18T09:55:00+05:30,25780.05,25755.35,24.70,26m0s,"1m PUT re-entry: EMA6(2578937) EMA9(2579024) < MA21(2579718), close=2578005","1m PUT exit: EMA6(2574905) crossed above EMA9(2574857), close=2575535"
1503,PUT,2025-12-18T09:57:00+05:30,2025-12-18T09:59:00+05:30,25745.05,25748.75,-3.70,2m0s,"1m PUT re-entry: EMA6(2574772) EMA9(2574780) < MA21(2575213), close=2574505","1m PUT exit: EMA6(2574806) crossed above EMA9(2574802), close=2574875"
1504,PUT,2025-12-18T10:00:00+05:30,2025-12-18T10:05:00+05:30,25736.80,25750.95,-14.15,5m0s,"1m PUT re-entry: EMA6(2574484) EMA9(2574577) < MA21(2574734), close=2573680","1m PUT exit: EMA6(2574614) crossed above EMA9(2574594), close=2575095"
1505,PUT,2025-12-18T10:51:00+05:30,2025-12-18T10:59:00+05:30,25841.70,25850.05,-8.35,8m0s,"1m PUT entry: EMA6(2584677) EMA9(2584800) < MA21(2584827), close=2584170","1m PUT exit: EMA6(2584661) crossed above EMA9(2584635), close=2585005"
1506,PUT,2025-12-18T11:02:00+05:30,2025-12-18T11:21:00+05:30,25838.75,25840.30,-1.55,19m0s,"1m PUT re-entry: EMA6(2584434) EMA9(2584487) < MA21(2584820), close=2583875","1m PUT exit: EMA6(2583282) crossed above EMA9(2583218), close=2584030"
1507,CALL,2025-12-18T11:22:00+05:30,2025-12-18T11:43:00+05:30,25843.85,25851.40,7.55,21m0s,"1m CALL entry: EMA6(2583597) EMA9(2583451) > MA21(2583267), close=2584385","1m CALL exit: EMA6(2585470) crossed below EMA9(2585473), close=2585140"
1508,PUT,2025-12-18T11:44:00+05:30,2025-12-18T11:50:00+05:30,25851.55,25856.20,-4.65,6m0s,"1m PUT entry: EMA6(2585380) EMA9(2585409) < MA21(2585445), close=2585155","1m PUT exit: EMA6(2585195) crossed above EMA9(2585177), close=2585620"
1509,CALL,2025-12-18T11:52:00+05:30,2025-12-18T12:05:00+05:30,25866.20,25858.55,-7.65,13m0s,"1m CALL entry: EMA6(2585750) EMA9(2585585) > MA21(2585406), close=2586620","1m CALL exit: EMA6(2586425) crossed below EMA9(2586482), close=2585855"
1510,PUT,2025-12-18T12:07:00+05:30,2025-12-18T12:09:00+05:30,25861.60,25873.50,-11.90,2m0s,"1m PUT entry: EMA6(2586211) EMA9(2586300) < MA21(2586346), close=2586160","1m PUT exit: EMA6(2586584) crossed above EMA9(2586533), close=2587350"
1511,PUT,2025-12-18T12:25:00+05:30,2025-12-18T12:27:00+05:30,25866.65,25876.50,-9.85,2m0s,"1m PUT entry: EMA6(2586979) EMA9(2587074) < MA21(2587154), close=2586665","1m PUT exit: EMA6(2587282) crossed above EMA9(2587261), close=2587650"
1512,CALL,2025-12-18T12:29:00+05:30,2025-12-18T12:50:00+05:30,25879.85,25886.20,6.35,21m0s,"1m CALL entry: EMA6(2587628) EMA9(2587523) > MA21(2587485), close=2587985","1m CALL exit: EMA6(2589124) crossed below EMA9(2589176), close=2588620"
1513,PUT,2025-12-18T12:51:00+05:30,2025-12-18T13:04:00+05:30,25886.65,25885.05,1.60,13m0s,"1m PUT entry: EMA6(2588993) EMA9(2589074) < MA21(2589084), close=2588665","1m PUT exit: EMA6(2588285) crossed above EMA9(2588270), close=2588505"
1514,PUT,2025-12-18T13:06:00+05:30,2025-12-18T13:07:00+05:30,25881.20,25884.10,-2.90,1m0s,"1m PUT re-entry: EMA6(2588211) EMA9(2588222) < MA21(2588430), close=2588120","1m PUT exit: EMA6(2588268) crossed above EMA9(2588259), close=2588410"
1515,CALL,2025-12-18T13:08:00+05:30,2025-12-18T13:11:00+05:30,25885.30,25874.10,-11.20,3m0s,"1m CALL entry: EMA6(2588343) EMA9(2588314) > MA21(2588306), close=2588530","1m CALL exit: EMA6(2588080) crossed below EMA9(2588142), close=2587410"
1516,PUT,2025-12-18T13:14:00+05:30,2025-12-18T13:26:00+05:30,25879.80,25878.10,1.70,12m0s,"1m PUT entry: EMA6(2588064) EMA9(2588098) < MA21(2588139), close=2587980","1m PUT exit: EMA6(2587104) crossed above EMA9(2587092), close=2587810"
1517,PUT,2025-12-18T13:29:00+05:30,2025-12-18T13:51:00+05:30,25867.15,25852.90,14.25,22m0s,"1m PUT re-entry: EMA6(2587132) EMA9(2587138) < MA21(2587309), close=2586715","1m PUT exit: EMA6(2584975) crossed above EMA9(2584956), close=2585290"
1518,CALL,2025-12-18T13:53:00+05:30,2025-12-18T13:57:00+05:30,25857.85,25844.05,-13.80,4m0s,"1m CALL entry: EMA6(2585265) EMA9(2585171) > MA21(2585034), close=2585785","1m CALL exit: EMA6(2585058) crossed below EMA9(2585094), close=2584405"
1519,CALL,2025-12-18T14:32:00+05:30,2025-12-18T14:38:00+05:30,25826.10,25796.80,-29.30,6m0s,"1m CALL entry: EMA6(2580791) EMA9(2580402) > MA21(2580026), close=2582610","1m CALL exit: EMA6(2580467) crossed below EMA9(2580508), close=2579680"
1520,PUT,2025-12-18T14:42:00+05:30,2025-12-18T14:56:00+05:30,25793.90,25800.65,-6.75,14m0s,"1m PUT entry: EMA6(2579592) EMA9(2579782) < MA21(2579836), close=2579390","1m PUT exit: EMA6(2579070) crossed above EMA9(2579030), close=2580065"
1521,PUT,2025-12-18T14:58:00+05:30,2025-12-18T15:00:00+05:30,25787.10,25799.50,-12.40,2m0s,"1m PUT re-entry: EMA6(2578935) EMA9(2578947) < MA21(2579101), close=2578710","1m PUT exit: EMA6(2579157) crossed above EMA9(2579093), close=2579950"
1522,PUT,2025-12-18T15:21:00+05:30,2025-12-18T15:25:00+05:30,25815.50,25817.65,-2.15,4m0s,"1m PUT entry: EMA6(2581710) EMA9(2581702) < MA21(2581711), close=2581550","1m PUT exit: EMA6(2581671) crossed above EMA9(2581667), close=2581765"
1523,PUT,2025-12-18T15:26:00+05:30,2025-12-18T15:27:00+05:30,25816.20,25818.60,-2.40,1m0s,"1m PUT re-entry: EMA6(2581656) EMA9(2581658) < MA21(2581686), close=2581620","1m PUT exit: EMA6(2581715) crossed above EMA9(2581698), close=2581860"
1524,CALL,2025-12-18T15:28:00+05:30,2025-12-18T15:29:00+05:30,25820.15,25815.65,-4.50,1m0s,"1m CALL entry: EMA6(2581800) EMA9(2581761) > MA21(2581752), close=2582015",end of day (15:29 close)
1525,CALL,2025-12-19T10:01:00+05:30,2025-12-19T10:05:00+05:30,25962.15,25942.70,-19.45,4m0s,"1m CALL entry: EMA6(2595778) EMA9(2595626) > MA21(2595497), close=2596215","1m CALL exit: EMA6(2595461) crossed below EMA9(2595520), close=2594270"
1526,PUT,2025-12-19T10:06:00+05:30,2025-12-19T10:19:00+05:30,25934.60,25946.70,-12.10,13m0s,"1m PUT entry: EMA6(2594889) EMA9(2595108) < MA21(2595250), close=2593460","1m PUT exit: EMA6(2594291) crossed above EMA9(2594264), close=2594670"
1527,CALL,2025-12-19T10:23:00+05:30,2025-12-19T10:57:00+05:30,25950.40,25961.80,11.40,34m0s,"1m CALL entry: EMA6(2594636) EMA9(2594537) > MA21(2594414), close=2595040","1m CALL exit: EMA6(2596910) crossed below EMA9(2596975), close=2596180"
1528,PUT,2025-12-19T10:58:00+05:30,2025-12-19T11:16:00+05:30,25965.90,25956.00,9.90,18m0s,"1m PUT entry: EMA6(2596819) EMA9(2596898) < MA21(2596958), close=2596590","1m PUT exit: EMA6(2595326) crossed above EMA9(2595302), close=2595600"
1529,PUT,2025-12-19T11:20:00+05:30,2025-12-19T11:21:00+05:30,25951.25,25956.05,-4.80,1m0s,"1m PUT re-entry: EMA6(2595244) EMA9(2595256) < MA21(2595319), close=2595125","1m PUT exit: EMA6(2595347) crossed above EMA9(2595326), close=2595605"
1530,PUT,2025-12-19T11:25:00+05:30,2025-12-19T11:52:00+05:30,25944.85,25925.60,19.25,27m0s,"1m PUT entry: EMA6(2595001) EMA9(2595095) < MA21(2595119), close=2594485","1m PUT exit: EMA6(2592240) crossed above EMA9(2592216), close=2592560"
1531,PUT,2025-12-19T11:56:00+05:30,2025-12-19T12:01:00+05:30,25918.50,25940.50,-22.00,5m0s,"1m PUT re-entry: EMA6(2592116) EMA9(2592143) < MA21(2592394), close=2591850","1m PUT exit: EMA6(2592492) crossed above EMA9(2592326), close=2594050"
1532,PUT,2025-12-19T12:20:00+05:30,2025-12-19T12:32:00+05:30,25932.65,25947.80,-15.15,12m0s,"1m PUT entry: EMA6(2593922) EMA9(2594030) < MA21(2594125), close=2593265","1m PUT exit: EMA6(2594016) crossed above EMA9(2593936), close=2594780"
1533,CALL,2025-12-19T12:33:00+05:30,2025-12-19T12:49:00+05:30,25947.10,25951.35,4.25,16m0s,"1m CALL entry: EMA6(2594215) EMA9(2594090) > MA21(2593996), close=2594710","1m CALL exit: EMA6(2595413) crossed below EMA9(2595434), close=2595135"
1534,PUT,2025-12-19T12:52:00+05:30,2025-12-19T12:58:00+05:30,25950.70,25955.60,-4.90,6m0s,"1m PUT entry: EMA6(2595265) EMA9(2595310) < MA21(2595384), close=2595070","1m PUT exit: EMA6(2595266) crossed above EMA9(2595246), close=2595560"
1535,PUT,2025-12-19T13:00:00+05:30,2025-12-19T13:02:00+05:30,25950.40,25953.20,-2.80,2m0s,"1m PUT re-entry: EMA6(2595205) EMA9(2595211) < MA21(2595375), close=2595040","1m PUT exit: EMA6(2595230) crossed above EMA9(2595226), close=2595320"
1536,PUT,2025-12-19T13:05:00+05:30,2025-12-19T13:19:00+05:30,25949.70,25954.65,-4.95,14m0s,"1m PUT re-entry: EMA6(2595150) EMA9(2595172) < MA21(2595235), close=2594970","1m PUT exit: EMA6(2594204) crossed above EMA9(2594056), close=2595465"
1537,CALL,2025-12-19T13:20:00+05:30,2025-12-19T13:54:00+05:30,25957.00,25973.25,16.25,34m0s,"1m CALL entry: EMA6(2594632) EMA9(2594385) > MA21(2594315), close=2595700","1m CALL exit: EMA6(2597670) crossed below EMA9(2597677), close=2597325"
1538,PUT,2025-12-19T13:56:00+05:30,2025-12-19T14:00:00+05:30,25974.10,25980.55,-6.45,4m0s,"1m PUT entry: EMA6(2597501) EMA9(2597548) < MA21(2597548), close=2597410","1m PUT exit: EMA6(2597700) crossed above EMA9(2597668), close=2598055"
1539,PUT,2025-12-19T14:03:00+05:30,2025-12-19T14:17:00+05:30,25974.55,25972.10,2.45,14m0s,"1m PUT entry: EMA6(2597721) EMA9(2597714) < MA21(2597727), close=2597455","1m PUT exit: EMA6(2596974) crossed above EMA9(2596953), close=2597210"
1540,CALL,2025-12-19T14:19:00+05:30,2025-12-19T14:28:00+05:30,25978.35,25973.20,-5.15,9m0s,"1m CALL entry: EMA6(2597350) EMA9(2597234) > MA21(2597144), close=2597835","1m CALL exit: EMA6(2597696) crossed below EMA9(2597726), close=2597320"
1541,PUT,2025-12-19T14:32:00+05:30,2025-12-19T14:39:00+05:30,25973.05,25974.75,-1.70,7m0s,"1m PUT entry: EMA6(2597396) EMA9(2597464) < MA21(2597517), close=2597305","1m PUT exit: EMA6(2597225) crossed above EMA9(2597215), close=2597475"
1542,PUT,2025-12-19T14:40:00+05:30,2025-12-19T14:43:00+05:30,25971.20,25974.05,-2.85,3m0s,"1m PUT re-entry: EMA6(2597195) EMA9(2597196) < MA21(2597474), close=2597120","1m PUT exit: EMA6(2597246) crossed above EMA9(2597228), close=2597405"
1543,CALL,2025-12-19T14:45:00+05:30,2025-12-19T14:51:00+05:30,25975.70,25967.40,-8.30,6m0s,"1m CALL entry: EMA6(2597374) EMA9(2597327) > MA21(2597277), close=2597570","1m CALL exit: EMA6(2597389) crossed below EMA9(2597433), close=2596740"
1544,PUT,2025-12-19T14:54:00+05:30,2025-12-19T15:05:00+05:30,25964.70,25968.30,-3.60,11m0s,"1m PUT entry: EMA6(2597012) EMA9(2597136) < MA21(2597259), close=2596470","1m PUT exit: EMA6(2596394) crossed above EMA9(2596387), close=2596830"
1545,CALL,2025-12-19T15:08:00+05:30,2025-12-19T15:26:00+05:30,25970.20,25965.65,-4.55,18m0s,"1m CALL entry: EMA6(2596819) EMA9(2596715) > MA21(2596693), close=2597020","1m CALL exit: EMA6(2596922) crossed below EMA9(2596947), close=2596565"
1546,CALL,2025-12-22T09:15:00+05:30,2025-12-22T09:39:00+05:30,26083.10,26113.15,30.05,24m0s,"1m CALL entry: EMA6(2599926) EMA9(2599004) > MA21(2597410), close=2608310","1m CALL exit: EMA6(2612178) crossed below EMA9(2612262), close=2611315"
1547,CALL,2025-12-22T09:47:00+05:30,2025-12-22T09:49:00+05:30,26129.45,26115.10,-14.35,2m0s,"1m CALL entry: EMA6(2612768) EMA9(2612620) > MA21(2612576), close=2612945","1m CALL exit: EMA6(2612261) crossed below EMA9(2612306), close=2611510"
1548,CALL,2025-12-22T09:57:00+05:30,2025-12-22T10:09:00+05:30,26126.20,26127.95,1.75,12m0s,"1m CALL entry: EMA6(2612131) EMA9(2612104) > MA21(2612096), close=2612620","1m CALL exit: EMA6(2613090) crossed below EMA9(2613103), close=2612795"
1549,PUT,2025-12-22T10:13:00+05:30,2025-12-22T10:15:00+05:30,26130.35,26134.15,-3.80,2m0s,"1m PUT entry: EMA6(2612849) EMA9(2612893) < MA21(2612902), close=2613035","1m PUT exit: EMA6(2613026) crossed above EMA9(2613002), close=2613415"
1550,PUT,2025-12-22T10:16:00+05:30,2025-12-22T10:33:00+05:30,26129.55,26128.05,1.50,17m0s,"1m PUT entry: EMA6(2613006) EMA9(2612993) < MA21(2613056), close=2612955","1m PUT exit: EMA6(2612699) crossed above EMA9(2612699), close=2612805"
1551,CALL,2025-12-22T10:35:00+05:30,2025-12-22T10:37:00+05:30,26131.50,26121.95,-9.55,2m0s,"1m CALL entry: EMA6(2612897) EMA9(2612843) > MA21(2612839), close=2613150","1m CALL exit: EMA6(2612684) crossed below EMA9(2612712), close=2612195"
1552,CALL,2025-12-22T10:48:00+05:30,2025-12-22T11:03:00+05:30,26132.10,26132.15,0.05,15m0s,"1m CALL entry: EMA6(2612640) EMA9(2612567) > MA21(2612526), close=2613210","1m CALL exit: EMA6(2613632) crossed below EMA9(2613661), close=2613215"
1553,PUT,2025-12-22T11:05:00+05:30,2025-12-22T11:25:00+05:30,26129.45,26126.30,3.15,20m0s,"1m PUT entry: EMA6(2613354) EMA9(2613449) < MA21(2613472), close=2612945","1m PUT exit: EMA6(2612406) crossed above EMA9(2612400), close=2612630"
1554,CALL,2025-12-22T11:27:00+05:30,2025-12-22T11:40:00+05:30,26129.95,26129.65,-0.30,13m0s,"1m CALL entry: EMA6(2612643) EMA9(2612574) > MA21(2612547), close=2612995","1m CALL exit: EMA6(2613181) crossed below EMA9(2613186), close=2612965"
1555,CALL,2025-12-22T11:41:00+05:30,2025-12-22T11:58:00+05:30,26133.80,26137.45,3.65,17m0s,"1m CALL re-entry: EMA6(2613238) EMA9(2613225) > MA21(2613048), close=2613380","1m CALL exit: EMA6(2613925) crossed below EMA9(2613934), close=2613745"
1556,CALL,2025-12-22T11:59:00+05:30,2025-12-22T12:02:00+05:30,26140.95,26138.25,-2.70,3m0s,"1m CALL re-entry: EMA6(2613973) EMA9(2613966) > MA21(2613749), close=2614095","1m CALL exit: EMA6(2613968) crossed below EMA9(2613971), close=2613825"
1557,CALL,2025-12-22T12:03:00+05:30,2025-12-22T12:12:00+05:30,26140.20,26138.70,-1.50,9m0s,"1m CALL re-entry: EMA6(2613983) EMA9(2613981) > MA21(2613900), close=2614020","1m CALL exit: EMA6(2614193) crossed below EMA9(2614205), close=2613870"
1558,PUT,2025-12-22T12:13:00+05:30,2025-12-22T12:17:00+05:30,26135.20,26145.65,-10.45,4m0s,"1m PUT entry: EMA6(2614001) EMA9(2614068) < MA21(2614119), close=2613520","1m PUT exit: EMA6(2614086) crossed above EMA9(2614067), close=2614565"
1559,CALL,2025-12-22T12:18:00+05:30,2025-12-22T12:28:00+05:30,26144.35,26143.40,-0.95,10m0s,"1m CALL entry: EMA6(2614186) EMA9(2614141) > MA21(2614111), close=2614435","1m CALL exit: EMA6(2614543) crossed below EMA9(2614552), close=2614340"
1560,PUT,2025-12-22T12:32:00+05:30,2025-12-22T12:52:00+05:30,26141.80,26135.10,6.70,20m0s,"1m PUT entry: EMA6(2614315) EMA9(2614367) < MA21(2614373), close=2614180","1m PUT exit: EMA6(2612806) crossed above EMA9(2612776), close=2613510"
1561,CALL,2025-12-22T12:54:00+05:30,2025-12-22T13:12:00+05:30,26147.80,26139.85,-7.95,18m0s,"1m CALL entry: EMA6(2613700) EMA9(2613441) > MA21(2613239), close=2614780","1m CALL exit: EMA6(2614073) crossed below EMA9(2614077), close=2613985"
1562,CALL,2025-12-22T13:16:00+05:30,2025-12-22T13:36:00+05:30,26144.45,26140.75,-3.70,20m0s,"1m CALL entry: EMA6(2614245) EMA9(2614199) > MA21(2614147), close=2614445","1m CALL exit: EMA6(2614782) crossed below EMA9(2614812), close=2614075"
1563,PUT,2025-12-22T13:38:00+05:30,2025-12-22T13:45:00+05:30,26138.85,26146.15,-7.30,7m0s,"1m PUT entry: EMA6(2614389) EMA9(2614515) < MA21(2614640), close=2613885","1m PUT exit: EMA6(2614512) crossed above EMA9(2614505), close=2614615"
1564,CALL,2025-12-22T13:49:00+05:30,2025-12-22T13:55:00+05:30,26148.00,26145.25,-2.75,6m0s,"1m CALL entry: EMA6(2614733) EMA9(2614683) > MA21(2614657), close=2614800","1m CALL exit: EMA6(2614646) crossed below EMA9(2614659), close=2614525"
1565,PUT,2025-12-22T13:59:00+05:30,2025-12-22T14:00:00+05:30,26144.90,26148.10,-3.20,1m0s,"1m PUT entry: EMA6(2614544) EMA9(2614570) < MA21(2614591), close=2614490","1m PUT exit: EMA6(2614620) crossed above EMA9(2614618), close=2614810"
1566,CALL,2025-12-22T14:01:00+05:30,2025-12-22T14:08:00+05:30,26149.85,26138.00,-11.85,7m0s,"1m CALL entry: EMA6(2614724) EMA9(2614691) > MA21(2614660), close=2614985","1m CALL exit: EMA6(2614468) crossed below EMA9(2614542), close=2613800"
1567,PUT,2025-12-22T14:18:00+05:30,2025-12-22T14:23:00+05:30,26136.10,26142.95,-6.85,5m0s,"1m PUT re-entry: EMA6(2613953) EMA9(2613971) < MA21(2614207), close=2613610","1m PUT exit: EMA6(2613766) crossed above EMA9(2613765), close=2614295"
1568,CALL,2025-12-22T14:24:00+05:30,2025-12-22T14:43:00+05:30,26149.20,26158.70,9.50,19m0s,"1m CALL entry: EMA6(2614096) EMA9(2613996) > MA21(2613935), close=2614920","1m CALL exit: EMA6(2616305) crossed below EMA9(2616321), close=2615870"
1569,PUT,2025-12-22T14:46:00+05:30,2025-12-22T14:54:00+05:30,26159.15,26161.15,-2.00,8m0s,"1m PUT entry: EMA6(2616002) EMA9(2616079) < MA21(2616089), close=2615915","1m PUT exit: EMA6(2615935) crossed above EMA9(2615934), close=2616115"
1570,CALL,2025-12-22T14:58:00+05:30,2025-12-22T15:12:00+05:30,26164.70,26171.15,6.45,14m0s,"1m CALL entry: EMA6(2616217) EMA9(2616147) > MA21(2616090), close=2616470","1m CALL exit: EMA6(2617305) crossed below EMA9(2617308), close=2617115"
1571,CALL,2025-12-22T15:14:00+05:30,2025-12-22T15:17:00+05:30,26174.80,26170.35,-4.45,3m0s,"1m CALL re-entry: EMA6(2617308) EMA9(2617305) > MA21(2617112), close=2617480","1m CALL exit: EMA6(2617275) crossed below EMA9(2617289), close=2617035"
1572,PUT,2025-12-22T15:18:00+05:30,2025-12-22T15:29:00+05:30,26170.25,26162.75,7.50,11m0s,"1m PUT entry: EMA6(2617204) EMA9(2617236) < MA21(2617315), close=2617025",end of day (15:29 close)
1573,PUT,2025-12-23T09:22:00+05:30,2025-12-23T09:50:00+05:30,26153.95,26141.15,12.80,28m0s,"1m PUT re-entry: EMA6(2616166) EMA9(2616241) < MA21(2616537), close=2615395","1m PUT exit: EMA6(2613704) crossed above EMA9(2613655), close=2614115"
1574,CALL,2025-12-23T09:52:00+05:30,2025-12-23T10:18:00+05:30,26141.65,26177.90,36.25,26m0s,"1m CALL entry: EMA6(2613945) EMA9(2613851) > MA21(2613835), close=2614165","1m CALL exit: EMA6(2618297) crossed below EMA9(2618357), close=2617790"
1575,PUT,2025-12-23T10:19:00+05:30,2025-12-23T10:32:00+05:30,26170.00,26176.10,-6.10,13m0s,"1m PUT entry: EMA6(2617926) EMA9(2618086) < MA21(2618280), close=2617000","1m PUT exit: EMA6(2617206) crossed above EMA9(2617174), close=2617610"
1576,PUT,2025-12-23T10:34:00+05:30,2025-12-23T10:41:00+05:30,26167.75,26176.55,-8.80,7m0s,"1m PUT re-entry: EMA6(2617105) EMA9(2617117) < MA21(2617253), close=2616775","1m PUT exit: EMA6(2616979) crossed above EMA9(2616941), close=2617655"
1577,PUT,2025-12-23T11:00:00+05:30,2025-12-23T11:01:00+05:30,26180.45,26183.25,-2.80,1m0s,"1m PUT entry: EMA6(2617969) EMA9(2617979) < MA21(2617989), close=2618045","1m PUT exit: EMA6(2618071) crossed above EMA9(2618048), close=2618325"
1578,PUT,2025-12-23T11:02:00+05:30,2025-12-23T11:06:00+05:30,26176.85,26180.90,-4.05,4m0s,"1m PUT entry: EMA6(2617960) EMA9(2617976) < MA21(2618066), close=2617685","1m PUT exit: EMA6(2617927) crossed above EMA9(2617926), close=2618090"
1579,CALL,2025-12-23T11:08:00+05:30,2025-12-23T11:28:00+05:30,26183.85,26187.55,3.70,20m0s,"1m CALL entry: EMA6(2618146) EMA9(2618087) > MA21(2618038), close=2618385","1m CALL exit: EMA6(2619119) crossed below EMA9(2619146), close=2618755"
1580,PUT,2025-12-23T11:29:00+05:30,2025-12-23T11:52:00+05:30,26191.25,26178.65,12.60,23m0s,"1m PUT entry: EMA6(2619121) EMA9(2619142) < MA21(2619148), close=2619125","1m PUT exit: EMA6(2617076) crossed above EMA9(2617019), close=2617865"
1581,CALL,2025-12-23T11:53:00+05:30,2025-12-23T12:17:00+05:30,26180.65,26185.05,4.40,24m0s,"1m CALL entry: EMA6(2617359) EMA9(2617228) > MA21(2617184), close=2618065","1m CALL exit: EMA6(2618772) crossed below EMA9(2618782), close=2618505"
1582,PUT,2025-12-23T12:20:00+05:30,2025-12-23T12:38:00+05:30,26185.60,26178.60,7.00,18m0s,"1m PUT entry: EMA6(2618597) EMA9(2618637) < MA21(2618671), close=2618560","1m PUT exit: EMA6(2617590) crossed above EMA9(2617577), close=2617860"
1583,PUT,2025-12-23T12:39:00+05:30,2025-12-23T12:42:00+05:30,26171.55,26176.70,-5.15,3m0s,"1m PUT re-entry: EMA6(2617466) EMA9(2617493) < MA21(2617840), close=2617155","1m PUT exit: EMA6(2617542) crossed above EMA9(2617535), close=2617670"
1584,PUT,2025-12-23T12:43:00+05:30,2025-12-23T12:45:00+05:30,26173.75,26175.70,-1.95,2m0s,"1m PUT re-entry: EMA6(2617494) EMA9(2617503) < MA21(2617641), close=2617375","1m PUT exit: EMA6(2617530) crossed above EMA9(2617526), close=2617570"
1585,CALL,2025-12-23T12:46:00+05:30,2025-12-23T12:59:00+05:30,26180.95,26182.80,1.85,13m0s,"1m CALL entry: EMA6(2617692) EMA9(2617640) > MA21(2617536), close=2618095","1m CALL exit: EMA6(2618588) crossed below EMA9(2618588), close=2618280"
1586,CALL,2025-12-23T13:00:00+05:30,2025-12-23T13:05:00+05:30,26192.35,26184.95,-7.40,5m0s,"1m CALL re-entry: EMA6(2618773) EMA9(2618718) > MA21(2618373), close=2619235","1m CALL exit: EMA6(2618732) crossed below EMA9(2618747), close=2618495"
1587,PUT,2025-12-23T13:06:00+05:30,2025-12-23T13:09:00+05:30,26184.15,26189.45,-5.30,3m0s,"1m PUT entry: EMA6(2618641) EMA9(2618681) < MA21(2618727), close=2618415","1m PUT exit: EMA6(2618713) crossed above EMA9(2618709), close=2618945"
1588,CALL,2025-12-23T13:11:00+05:30,2025-12-23T13:14:00+05:30,26189.95,26186.65,-3.30,3m0s,"1m CALL entry: EMA6(2618845) EMA9(2618807) > MA21(2618784), close=2618995","1m CALL exit: EMA6(2618769) crossed below EMA9(2618771), close=2618665"
1589,CALL,2025-12-23T13:17:00+05:30,2025-12-23T13:24:00+05:30,26193.65,26186.85,-6.80,7m0s,"1m CALL entry: EMA6(2618928) EMA9(2618874) > MA21(2618788), close=2619365","1m CALL exit: EMA6(2618845) crossed below EMA9(2618863), close=2618685"
1590,CALL,2025-12-23T13:26:00+05:30,2025-12-23T13:34:00+05:30,26190.10,26187.65,-2.45,8m0s,"1m CALL re-entry: EMA6(2618903) EMA9(2618898) > MA21(2618845), close=2619010","1m CALL exit: EMA6(2618994) crossed below EMA9(2619000), close=2618765"
1591,PUT,2025-12-23T13:35:00+05:30,2025-12-23T13:49:00+05:30,26188.05,26189.15,-1.10,14m0s,"1m PUT entry: EMA6(2618940) EMA9(2618961) < MA21(2618964), close=2618805","1m PUT exit: EMA6(2618691) crossed above EMA9(2618675), close=2618915"
1592,PUT,2025-12-23T13:50:00+05:30,2025-12-23T13:52:00+05:30,26184.35,26191.35,-7.00,2m0s,"1m PUT re-entry: EMA6(2618618) EMA9(2618627) < MA21(2618756), close=2618435","1m PUT exit: EMA6(2618768) crossed above EMA9(2618729), close=2619135"
1593,CALL,2025-12-23T13:53:00+05:30,2025-12-23T14:07:00+05:30,26192.55,26188.25,-4.30,14m0s,"1m CALL entry: EMA6(2618907) EMA9(2618834) > MA21(2618744), close=2619255","1m CALL exit: EMA6(2619305) crossed below EMA9(2619344), close=2618825"
1594,PUT,2025-12-23T14:09:00+05:30,2025-12-23T14:10:00+05:30,26187.95,26201.90,-13.95,1m0s,"1m PUT entry: EMA6(2619163) EMA9(2619231) < MA21(2619256), close=2618795","1m PUT exit: EMA6(2619457) crossed above EMA9(2619423), close=2620190"
1595,PUT,2025-12-23T14:31:00+05:30,2025-12-23T14:53:00+05:30,26208.30,26188.50,19.80,22m0s,"1m PUT entry: EMA6(2621384) EMA9(2621500) < MA21(2621506), close=2620830","1m PUT exit: EMA6(2618089) crossed above EMA9(2618057), close=2618850"
1596,CALL,2025-12-23T14:59:00+05:30,2025-12-23T15:03:00+05:30,26189.10,26168.55,-20.55,4m0s,"1m CALL entry: EMA6(2618411) EMA9(2618326) > MA21(2618128), close=2618910","1m CALL exit: EMA6(2618307) crossed below EMA9(2618382), close=2616855"
1597,PUT,2025-12-23T15:06:00+05:30,2025-12-23T15:15:00+05:30,26165.40,26182.45,-17.05,9m0s,"1m PUT entry: EMA6(2617808) EMA9(2617998) < MA21(2618131), close=2616540","1m PUT exit: EMA6(2617856) crossed above EMA9(2617816), close=2618245"
1598,PUT,2025-12-23T15:18:00+05:30,2025-12-23T15:29:00+05:30,26175.35,26165.95,9.40,11m0s,"1m PUT re-entry: EMA6(2617806) EMA9(2617810) < MA21(2617992), close=2617535",end of day (15:29 close)
1599,CALL,2025-12-24T09:19:00+05:30,2025-12-24T09:41:00+05:30,26198.25,26209.60,11.35,22m0s,"1m CALL entry: EMA6(2617949) EMA9(2617613) > MA21(2617331), close=2619825","1m CALL exit: EMA6(2621440) crossed below EMA9(2621495), close=2620960"
1600,PUT,2025-12-24T09:42:00+05:30,2025-12-24T09:51:00+05:30,26207.75,26218.50,-10.75,9m0s,"1m PUT entry: EMA6(2621250) EMA9(2621351) < MA21(2621443), close=2620775","1m PUT exit: EMA6(2621274) crossed above EMA9(2621244), close=2621850"
1601,CALL,2025-12-24T09:52:00+05:30,2025-12-24T09:57:00+05:30,26226.30,26214.20,-12.10,5m0s,"1m CALL entry: EMA6(2621661) EMA9(2621522) > MA21(2621498), close=2622630","1m CALL exit: EMA6(2621511) crossed below EMA9(2621513), close=2621420"
1602,CALL,2025-12-24T09:58:00+05:30,2025-12-24T10:03:00+05:30,26223.90,26215.10,-8.80,5m0s,"1m CALL re-entry: EMA6(2621762) EMA9(2621688) > MA21(2621420), close=2622390","1m CALL exit: EMA6(2621679) crossed below EMA9(2621688), close=2621510"
1603,PUT,2025-12-24T10:05:00+05:30,2025-12-24T10:11:00+05:30,26209.70,26221.40,-11.70,6m0s,"1m PUT entry: EMA6(2621332) EMA9(2621429) < MA21(2621515), close=2620970","1m PUT exit: EMA6(2621485) crossed above EMA9(2621420), close=2622140"
1604,CALL,2025-12-24T10:13:00+05:30,2025-12-24T10:24:00+05:30,26226.55,26224.20,-2.35,11m0s,"1m CALL entry: EMA6(2621907) EMA9(2621746) > MA21(2621568), close=2622655","1m CALL exit: EMA6(2622488) crossed below EMA9(2622491), close=2622420"
1605,CALL,2025-12-24T10:26:00+05:30,2025-12-24T10:37:00+05:30,26229.55,26226.25,-3.30,11m0s,"1m CALL re-entry: EMA6(2622615) EMA9(2622578) > MA21(2622263), close=2622955","1m CALL exit: EMA6(2622876) crossed below EMA9(2622896), close=2622625"
1606,PUT,2025-12-24T10:38:00+05:30,2025-12-24T11:00:00+05:30,26221.80,26213.30,8.50,22m0s,"1m PUT entry: EMA6(2622677) EMA9(2622753) < MA21(2622772), close=2622180","1m PUT exit: EMA6(2621136) crossed above EMA9(2621120), close=2621330"
1607,PUT,2025-12-24T11:02:00+05:30,2025-12-24T11:13:00+05:30,26200.80,26209.10,-8.30,11m0s,"1m PUT re-entry: EMA6(2620889) EMA9(2620958) < MA21(2621222), close=2620080","1m PUT exit: EMA6(2620557) crossed above EMA9(2620546), close=2620910"
1608,CALL,2025-12-24T11:15:00+05:30,2025-12-24T11:27:00+05:30,26209.25,26207.10,-2.15,12m0s,"1m CALL entry: EMA6(2620755) EMA9(2620697) > MA21(2620696), close=2620925","1m CALL exit: EMA6(2621058) crossed below EMA9(2621093), close=2620710"
1609,CALL,2025-12-24T11:30:00+05:30,2025-12-24T11:38:00+05:30,26213.75,26209.80,-3.95,8m0s,"1m CALL re-entry: EMA6(2621176) EMA9(2621159) > MA21(2621018), close=2621375","1m CALL exit: EMA6(2621176) crossed below EMA9(2621194), close=2620980"
1610,CALL,2025-12-24T11:59:00+05:30,2025-12-24T12:09:00+05:30,26192.85,26188.45,-4.40,10m0s,"1m CALL entry: EMA6(2619132) EMA9(2619046) > MA21(2619035), close=2619285","1m CALL exit: EMA6(2619161) crossed below EMA9(2619191), close=2618845"
1611,PUT,2025-12-24T12:12:00+05:30,2025-12-24T12:16:00+05:30,26188.60,26195.25,-6.65,4m0s,"1m PUT entry: EMA6(2618978) EMA9(2619036) < MA21(2619084), close=2618860","1m PUT exit: EMA6(2619208) crossed above EMA9(2619177), close=2619525"
1612,CALL,2025-12-24T12:17:00+05:30,2025-12-24T12:39:00+05:30,26195.75,26195.75,0.00,22m0s,"1m CALL entry: EMA6(2619313) EMA9(2619256) > MA21(2619227), close=2619575","1m CALL exit: EMA6(2620138) crossed below EMA9(2620182), close=2619575"
1613,PUT,2025-12-24T12:41:00+05:30,2025-12-24T12:59:00+05:30,26191.80,26193.10,-1.30,18m0s,"1m PUT entry: EMA6(2619724) EMA9(2619864) < MA21(2619999), close=2619180","1m PUT exit: EMA6(2619263) crossed above EMA9(2619258), close=2619310"
1614,PUT,2025-12-24T13:00:00+05:30,2025-12-24T13:51:00+05:30,26188.45,26165.35,23.10,51m0s,"1m PUT re-entry: EMA6(2619143) EMA9(2619175) < MA21(2619244), close=2618845","1m PUT exit: EMA6(2616066) crossed above EMA9(2616022), close=2616535"
1615,PUT,2025-12-24T13:57:00+05:30,2025-12-24T14:09:00+05:30,26150.50,26163.95,-13.45,12m0s,"1m PUT entry: EMA6(2615847) EMA9(2615942) < MA21(2615985), close=2615050","1m PUT exit: EMA6(2615467) crossed above EMA9(2615392), close=2616395"
1616,CALL,2025-12-24T14:12:00+05:30,2025-12-24T14:20:00+05:30,26159.80,26150.45,-9.35,8m0s,"1m CALL entry: EMA6(2615702) EMA9(2615603) > MA21(2615514), close=2615980","1m CALL exit: EMA6(2615555) crossed below EMA9(2615609), close=2615045"
1617,PUT,2025-12-24T14:22:00+05:30,2025-12-24T14:43:00+05:30,26145.30,26139.35,5.95,21m0s,"1m PUT entry: EMA6(2615135) EMA9(2615284) < MA21(2615460), close=2614530","1m PUT exit: EMA6(2613649) crossed above EMA9(2613622), close=2613935"
1618,CALL,2025-12-24T14:44:00+05:30,2025-12-24T14:51:00+05:30,26139.70,26129.50,-10.20,7m0s,"1m CALL entry: EMA6(2613740) EMA9(2613692) > MA21(2613667), close=2613970","1m CALL exit: EMA6(2613733) crossed below EMA9(2613819), close=2612950"
1619,PUT,2025-12-24T14:52:00+05:30,2025-12-24T14:55:00+05:30,26127.60,26143.80,-16.20,3m0s,"1m PUT entry: EMA6(2613455) EMA9(2613607) < MA21(2613670), close=2612760","1m PUT exit: EMA6(2613706) crossed above EMA9(2613697), close=2614380"
1620,CALL,2025-12-24T15:03:00+05:30,2025-12-24T15:09:00+05:30,26146.15,26139.90,-6.25,6m0s,"1m CALL re-entry: EMA6(2614232) EMA9(2614191) > MA21(2614046), close=2614615","1m CALL exit: EMA6(2614678) crossed below EMA9(2614678), close=2613990"
1621,CALL,2025-12-24T15:13:00+05:30,2025-12-24T15:16:00+05:30,26154.50,26140.75,-13.75,3m0s,"1m CALL re-entry: EMA6(2614790) EMA9(2614715) > MA21(2614490), close=2615450","1m CALL exit: EMA6(2614659) crossed below EMA9(2614676), close=2614075"
1622,PUT,2025-12-24T15:17:00+05:30,2025-12-24T15:29:00+05:30,26137.75,26141.65,-3.90,12m0s,"1m PUT entry: EMA6(2614406) EMA9(2614495) < MA21(2614613), close=2613775",end of day (15:29 close)
1623,CALL,2025-12-26T09:28:00+05:30,2025-12-26T09:30:00+05:30,26135.50,26125.90,-9.60,2m0s,"1m CALL entry: EMA6(2613184) EMA9(2613111) > MA21(2613066), close=2613550","1m CALL exit: EMA6(2613035) crossed below EMA9(2613035), close=2612590"
1624,PUT,2025-12-26T09:31:00+05:30,2025-12-26T09:58:00+05:30,26123.00,26091.30,31.70,27m0s,"1m PUT entry: EMA6(2612825) EMA9(2612888) < MA21(2612928), close=2612300","1m PUT exit: EMA6(2608522) crossed above EMA9(2608505), close=2609130"
1625,PUT,2025-12-26T10:02:00+05:30,2025-12-26T10:03:00+05:30,26081.75,26088.05,-6.30,1m0s,"1m PUT entry: EMA6(2608491) EMA9(2608514) < MA21(2608549), close=2608175","1m PUT exit: EMA6(2608581) crossed above EMA9(2608572), close=2608805"
1626,CALL,2025-12-26T10:13:00+05:30,2025-12-26T10:15:00+05:30,26093.60,26085.90,-7.70,2m0s,"1m CALL re-entry: EMA6(2609179) EMA9(2609160) > MA21(2608870), close=2609360","1m CALL exit: EMA6(2609004) crossed below EMA9(2609044), close=2608590"
1627,PUT,2025-12-26T10:17:00+05:30,2025-12-26T10:29:00+05:30,26087.65,26091.75,-4.10,12m0s,"1m PUT entry: EMA6(2608974) EMA9(2609011) < MA21(2609044), close=2608765","1m PUT exit: EMA6(2608687) crossed above EMA9(2608649), close=2609175"
1628,CALL,2025-12-26T10:31:00+05:30,2025-12-26T10:38:00+05:30,26095.75,26085.05,-10.70,7m0s,"1m CALL entry: EMA6(2609037) EMA9(2608916) > MA21(2608796), close=2609575","1m CALL exit: EMA6(2608923) crossed below EMA9(2608940), close=2608505"
1629,CALL,2025-12-26T10:39:00+05:30,2025-12-26T10:45:00+05:30,26093.45,26088.35,-5.10,6m0s,"1m CALL re-entry: EMA6(2609043) EMA9(2609021) > MA21(2608819), close=2609345","1m CALL exit: EMA6(2609144) crossed below EMA9(2609147), close=2608835"
1630,PUT,2025-12-26T10:47:00+05:30,2025-12-26T10:53:00+05:30,26089.05,26091.80,-2.75,6m0s,"1m PUT entry: EMA6(2609041) EMA9(2609071) < MA21(2609091), close=2608905","1m PUT exit: EMA6(2609037) crossed above EMA9(2609036), close=2609180"
1631,PUT,2025-12-26T10:55:00+05:30,2025-12-26T11:00:00+05:30,26089.95,26090.05,-0.10,5m0s,"1m PUT re-entry: EMA6(2609033) EMA9(2609034) < MA21(2609079), close=2608995","1m PUT exit: EMA6(2608954) crossed above EMA9(2608954), close=2609005"
1632,CALL,2025-12-26T11:03:00+05:30,2025-12-26T11:04:00+05:30,26089.20,26087.75,-1.45,1m0s,"1m CALL entry: EMA6(2608998) EMA9(2608994) > MA21(2608990), close=2608920","1m CALL exit: EMA6(2608934) crossed below EMA9(2608951), close=2608775"
1633,CALL,2025-12-26T11:55:00+05:30,2025-12-26T12:05:00+05:30,26056.60,26055.95,-0.65,10m0s,"1m CALL entry: EMA6(2605440) EMA9(2605405) > MA21(2605379), close=2605660","1m CALL exit: EMA6(2605643) crossed below EMA9(2605648), close=2605595"
1634,PUT,2025-12-26T12:10:00+05:30,2025-12-26T12:11:00+05:30,26056.20,26057.90,-1.70,1m0s,"1m PUT entry: EMA6(2605598) EMA9(2605604) < MA21(2605618), close=2605620","1m PUT exit: EMA6(2605653) crossed above EMA9(2605641), close=2605790"
1635,CALL,2025-12-26T12:25:00+05:30,2025-12-26T12:28:00+05:30,26062.30,26057.75,-4.55,3m0s,"1m CALL entry: EMA6(2605941) EMA9(2605951) > MA21(2605903), close=2606230","1m CALL exit: EMA6(2605991) crossed below EMA9(2605995), close=2605775"
1636,PUT,2025-12-26T12:29:00+05:30,2025-12-26T12:54:00+05:30,26059.50,26040.45,19.05,25m0s,"1m PUT entry: EMA6(2605980) EMA9(2605986) < MA21(2606001), close=2605950","1m PUT exit: EMA6(2603955) crossed above EMA9(2603949), close=2604045"
1637,CALL,2025-12-26T12:55:00+05:30,2025-12-26T12:58:00+05:30,26041.05,26037.70,-3.35,3m0s,"1m CALL entry: EMA6(2603998) EMA9(2603980) > MA21(2603935), close=2604105","1m CALL exit: EMA6(2603911) crossed below EMA9(2603927), close=2603770"
1638,PUT,2025-12-26T12:59:00+05:30,2025-12-26T13:11:00+05:30,26038.25,26040.25,-2.00,12m0s,"1m PUT entry: EMA6(2603886) EMA9(2603906) < MA21(2603910), close=2603825","1m PUT exit: EMA6(2603726) crossed above EMA9(2603704), close=2604025"
1639,CALL,2025-12-26T13:14:00+05:30,2025-12-26T13:34:00+05:30,26042.15,26046.60,4.45,20m0s,"1m CALL entry: EMA6(2603853) EMA9(2603804) > MA21(2603765), close=2604215","1m CALL exit: EMA6(2604848) crossed below EMA9(2604848), close=2604660"
1640,PUT,2025-12-26T13:35:00+05:30,2025-12-26T13:44:00+05:30,26046.10,26048.70,-2.60,9m0s,"1m PUT entry: EMA6(2604780) EMA9(2604800) < MA21(2604820), close=2604610","1m PUT exit: EMA6(2604692) crossed above EMA9(2604685), close=2604870"
1641,CALL,2025-12-26T13:45:00+05:30,2025-12-26T13:53:00+05:30,26052.05,26045.85,-6.20,8m0s,"1m CALL entry: EMA6(2604839) EMA9(2604789) > MA21(2604783), close=2605205","1m CALL exit: EMA6(2604773) crossed below EMA9(2604790), close=2604585"
1642,PUT,2025-12-26T13:54:00+05:30,2025-12-26T13:58:00+05:30,26044.50,26050.20,-5.70,4m0s,"1m PUT entry: EMA6(2604681) EMA9(2604722) < MA21(2604727), close=2604450","1m PUT exit: EMA6(2604760) crossed above EMA9(2604744), close=2605020"
1643,CALL,2025-12-26T13:59:00+05:30,2025-12-26T14:05:00+05:30,26049.20,26045.55,-3.65,6m0s,"1m CALL entry: EMA6(2604806) EMA9(2604779) > MA21(2604758), close=2604920","1m CALL exit: EMA6(2604803) crossed below EMA9(2604805), close=2604555"
1644,CALL,2025-12-26T14:55:00+05:30,2025-12-26T15:17:00+05:30,26020.90,26035.40,14.50,22m0s,"1m CALL entry: EMA6(2601835) EMA9(2601788) > MA21(2601767), close=2602090","1m CALL exit: EMA6(2603988) crossed below EMA9(2604041), close=2603540"
1645,PUT,2025-12-26T15:18:00+05:30,2025-12-26T15:23:00+05:30,26040.00,26041.55,-1.55,5m0s,"1m PUT entry: EMA6(2603991) EMA9(2604033) < MA21(2604055), close=2604000","1m PUT exit: EMA6(2604071) crossed above EMA9(2604065), close=2604155"
1646,CALL,2025-12-26T15:27:00+05:30,2025-12-26T15:29:00+05:30,26043.80,26047.65,3.85,2m0s,"1m CALL entry: EMA6(2604236) EMA9(2604200) > MA21(2604175), close=2604380",end of day (15:29 close)
1647,PUT,2025-12-29T09:53:00+05:30,2025-12-29T10:24:00+05:30,26070.75,26037.60,33.15,31m0s,"1m PUT entry: EMA6(2607478) EMA9(2607528) < MA21(2607540), close=2607075","1m PUT exit: EMA6(2603064) crossed above EMA9(2603037), close=2603760"
1648,PUT,2025-12-29T10:28:00+05:30,2025-12-29T10:53:00+05:30,26028.10,26008.40,19.70,25m0s,"1m PUT re-entry: EMA6(2602982) EMA9(2602992) < MA21(2603118), close=2602810","1m PUT exit: EMA6(2600664) crossed above EMA9(2600655), close=2600840"
1649,PUT,2025-12-29T10:58:00+05:30,2025-12-29T11:33:00+05:30,26005.15,25974.40,30.75,35m0s,"1m PUT re-entry: EMA6(2600644) EMA9(2600651) < MA21(2600720), close=2600515","1m PUT exit: EMA6(2597360) crossed above EMA9(2597360), close=2597440"
1650,CALL,2025-12-29T11:36:00+05:30,2025-12-29T11:38:00+05:30,25974.90,25971.25,-3.65,2m0s,"1m CALL entry: EMA6(2597415) EMA9(2597401) > MA21(2597376), close=2597490","1m CALL exit: EMA6(2597316) crossed below EMA9(2597335), close=2597125"
1651,CALL,2025-12-29T11:43:00+05:30,2025-12-29T11:57:00+05:30,25974.85,25978.20,3.35,14m0s,"1m CALL re-entry: EMA6(2597359) EMA9(2597352) > MA21(2597296), close=2597485","1m CALL exit: EMA6(2598118) crossed below EMA9(2598146), close=2597820"
1652,PUT,2025-12-29T12:01:00+05:30,2025-12-29T12:10:00+05:30,25980.75,25987.55,-6.80,9m0s,"1m PUT entry: EMA6(2598062) EMA9(2598083) < MA21(2598086), close=2598075","1m PUT exit: EMA6(2597944) crossed above EMA9(2597859), close=2598755"
1653,CALL,2025-12-29T12:12:00+05:30,2025-12-29T12:19:00+05:30,25979.35,25977.60,-1.75,7m0s,"1m CALL entry: EMA6(2597959) EMA9(2597902) > MA21(2597896), close=2597935","1m CALL exit: EMA6(2597943) crossed below EMA9(2597945), close=2597760"
1654,PUT,2025-12-29T12:21:00+05:30,2025-12-29T12:57:00+05:30,25972.90,25959.20,13.70,36m0s,"1m PUT entry: EMA6(2597659) EMA9(2597737) < MA21(2597785), close=2597290","1m PUT exit: EMA6(2595833) crossed above EMA9(2595823), close=2595920"
1655,CALL,2025-12-29T12:58:00+05:30,2025-12-29T13:14:00+05:30,25962.95,25954.35,-8.60,16m0s,"1m CALL entry: EMA6(2595965) EMA9(2595918) > MA21(2595895), close=2596295","1m CALL exit: EMA6(2596328) crossed below EMA9(2596428), close=2595435"
1656,PUT,2025-12-29T13:15:00+05:30,2025-12-29T13:45:00+05:30,25950.95,25943.75,7.20,30m0s,"1m PUT entry: EMA6(2595976) EMA9(2596161) < MA21(2596379), close=2595095","1m PUT exit: EMA6(2593923) crossed above EMA9(2593910), close=2594375"
1657,CALL,2025-12-29T13:48:00+05:30,2025-12-29T14:14:00+05:30,25948.75,25943.35,-5.40,26m0s,"1m CALL entry: EMA6(2594466) EMA9(2594333) > MA21(2594235), close=2594875","1m CALL exit: EMA6(2595135) crossed below EMA9(2595228), close=2594335"
1658,CALL,2025-12-29T14:26:00+05:30,2025-12-29T14:36:00+05:30,25965.10,25946.90,-18.20,10m0s,"1m CALL entry: EMA6(2595272) EMA9(2594899) > MA21(2594601), close=2596510","1m CALL exit: EMA6(2595151) crossed below EMA9(2595199), close=2594690"
1659,PUT,2025-12-29T14:40:00+05:30,2025-12-29T14:53:00+05:30,25945.45,25941.35,4.10,13m0s,"1m PUT entry: EMA6(2594825) EMA9(2594919) < MA21(2595038), close=2594545","1m PUT exit: EMA6(2593887) crossed above EMA9(2593881), close=2594135"
1660,PUT,2025-12-29T14:54:00+05:30,2025-12-29T15:04:00+05:30,25931.35,25937.60,-6.25,10m0s,"1m PUT re-entry: EMA6(2593672) EMA9(2593732) < MA21(2594069), close=2593135","1m PUT exit: EMA6(2593278) crossed above EMA9(2593278), close=2593760"
1661,CALL,2025-12-29T15:05:00+05:30,2025-12-29T15:16:00+05:30,25947.45,25938.80,-8.65,11m0s,"1m CALL entry: EMA6(2593697) EMA9(2593571) > MA21(2593460), close=2594745","1m CALL exit: EMA6(2594178) crossed below EMA9(2594201), close=2593880"
1662,CALL,2025-12-29T15:20:00+05:30,2025-12-29T15:29:00+05:30,25944.65,25949.80,5.15,9m0s,"1m CALL re-entry: EMA6(2594199) EMA9(2594190) > MA21(2594102), close=2594465",end of day (15:29 close)
1663,CALL,2025-12-30T09:35:00+05:30,2025-12-30T09:48:00+05:30,25911.05,25910.35,-0.70,13m0s,"1m CALL entry: EMA6(2589715) EMA9(2589477) > MA21(2589270), close=2591105","1m CALL exit: EMA6(2592117) crossed below EMA9(2592119), close=2591035"
1664,CALL,2025-12-30T09:52:00+05:30,2025-12-30T10:01:00+05:30,25933.95,25923.95,-10.00,9m0s,"1m CALL re-entry: EMA6(2592280) EMA9(2592172) > MA21(2591736), close=2593395","1m CALL exit: EMA6(2593347) crossed below EMA9(2593356), close=2592395"
1665,CALL,2025-12-30T10:02:00+05:30,2025-12-30T10:04:00+05:30,25936.50,25932.35,-4.15,2m0s,"1m CALL re-entry: EMA6(2593433) EMA9(2593415) > MA21(2593057), close=2593650","1m CALL exit: EMA6(2593363) crossed below EMA9(2593371), close=2593235"
1666,PUT,2025-12-30T10:08:00+05:30,2025-12-30T10:12:00+05:30,25926.10,25940.10,-14.00,4m0s,"1m PUT entry: EMA6(2592925) EMA9(2593027) < MA21(2593060), close=2592610","1m PUT exit: EMA6(2593185) crossed above EMA9(2593136), close=2594010"
1667,CALL,2025-12-30T10:14:00+05:30,2025-12-30T10:36:00+05:30,25943.25,25958.95,15.70,22m0s,"1m CALL entry: EMA6(2593781) EMA9(2593594) > MA21(2593489), close=2594325","1m CALL exit: EMA6(2596645) crossed below EMA9(2596654), close=2595895"
1668,PUT,2025-12-30T10:38:00+05:30,2025-12-30T11:43:00+05:30,25954.15,25908.15,46.00,1h5m0s,"1m PUT entry: EMA6(2596092) EMA9(2596246) < MA21(2596395), close=2595415","1m PUT exit: EMA6(2590401) crossed above EMA9(2590374), close=2590815"
1669,CALL,2025-12-30T11:46:00+05:30,2025-12-30T11:53:00+05:30,25911.00,25906.00,-5.00,7m0s,"1m CALL entry: EMA6(2590893) EMA9(2590761) > MA21(2590673), close=2591100","1m CALL exit: EMA6(2590826) crossed below EMA9(2590841), close=2590600"
1670,PUT,2025-12-30T11:56:00+05:30,2025-12-30T12:09:00+05:30,25898.25,25901.30,-3.05,13m0s,"1m PUT entry: EMA6(2590286) EMA9(2590428) < MA21(2590538), close=2589825","1m PUT exit: EMA6(2589750) crossed above EMA9(2589739), close=2590130"
1671,PUT,2025-12-30T12:12:00+05:30,2025-12-30T12:26:00+05:30,25893.55,25893.65,-0.10,14m0s,"1m PUT re-entry: EMA6(2589661) EMA9(2589688) < MA21(2589802), close=2589355","1m PUT exit: EMA6(2589038) crossed above EMA9(2589038), close=2589365"
1672,PUT,2025-12-30T12:27:00+05:30,2025-12-30T12:32:00+05:30,25887.50,25890.45,-2.95,5m0s,"1m PUT re-entry: EMA6(2588956) EMA9(2588980) < MA21(2589162), close=2588750","1m PUT exit: EMA6(2588915) crossed above EMA9(2588913), close=2589045"
1673,CALL,2025-12-30T12:33:00+05:30,2025-12-30T12:53:00+05:30,25891.45,25900.80,9.35,20m0s,"1m CALL entry: EMA6(2588981) EMA9(2588959) > MA21(2588915), close=2589145","1m CALL exit: EMA6(2590245) crossed below EMA9(2590247), close=2590080"
1674,PUT,2025-12-30T12:57:00+05:30,2025-12-30T13:14:00+05:30,25897.20,25890.35,6.85,17m0s,"1m PUT entry: EMA6(2590054) EMA9(2590105) < MA21(2590170), close=2589720","1m PUT exit: EMA6(2588844) crossed above EMA9(2588844), close=2589035"
1675,CALL,2025-12-30T13:17:00+05:30,2025-12-30T13:25:00+05:30,25892.25,25890.95,-1.30,8m0s,"1m CALL entry: EMA6(2589043) EMA9(2588993) > MA21(2588953), close=2589225","1m CALL exit: EMA6(2589231) crossed below EMA9(2589232), close=2589095"
1676,CALL,2025-12-30T13:27:00+05:30,2025-12-30T13:56:00+05:30,25899.20,25937.10,37.90,29m0s,"1m CALL re-entry: EMA6(2589422) EMA9(2589364) > MA21(2589098), close=2589920","1m CALL exit: EMA6(2593993) crossed below EMA9(2594017), close=2593710"
1677,CALL,2025-12-30T14:00:00+05:30,2025-12-30T14:06:00+05:30,25946.05,25937.25,-8.80,6m0s,"1m CALL re-entry: EMA6(2594119) EMA9(2594083) > MA21(2594038), close=2594605","1m CALL exit: EMA6(2594104) crossed below EMA9(2594122), close=2593725"
1678,CALL,2025-12-30T14:14:00+05:30,2025-12-30T14:21:00+05:30,25943.60,25936.00,-7.60,7m0s,"1m CALL entry: EMA6(2594114) EMA9(2594085) > MA21(2594047), close=2594360","1m CALL exit: EMA6(2594300) crossed below EMA9(2594364), close=2593600"
1679,PUT,2025-12-30T14:23:00+05:30,2025-12-30T14:33:00+05:30,25938.80,25935.15,3.65,10m0s,"1m PUT entry: EMA6(2594102) EMA9(2594195) < MA21(2594237), close=2593880","1m PUT exit: EMA6(2593086) crossed above EMA9(2593055), close=2593515"
1680,PUT,2025-12-30T14:37:00+05:30,2025-12-30T14:40:00+05:30,25925.00,25932.50,-7.50,3m0s,"1m PUT re-entry: EMA6(2592977) EMA9(2593018) < MA21(2593333), close=2592500","1m PUT exit: EMA6(2593093) crossed above EMA9(2593077), close=2593250"
1681,CALL,2025-12-30T14:42:00+05:30,2025-12-30T14:58:00+05:30,25933.75,25937.15,3.40,16m0s,"1m CALL re-entry: EMA6(2593116) EMA9(2593094) > MA21(2592983), close=2593375","1m CALL exit: EMA6(2594329) crossed below EMA9(2594381), close=2593715"
1682,PUT,2025-12-30T15:00:00+05:30,2025-12-30T15:05:00+05:30,25926.85,25948.00,-21.15,5m0s,"1m PUT entry: EMA6(2593755) EMA9(2593952) < MA21(2594162), close=2592685","1m PUT exit: EMA6(2593600) crossed above EMA9(2593584), close=2594800"
1683,PUT,2025-12-30T15:10:00+05:30,2025-12-30T15:14:00+05:30,25931.60,25942.00,-10.40,4m0s,"1m PUT re-entry: EMA6(2593673) EMA9(2593697) < MA21(2593958), close=2593160","1m PUT exit: EMA6(2593676) crossed above EMA9(2593655), close=2594200"
1684,CALL,2025-12-30T15:15:00+05:30,2025-12-30T15:29:00+05:30,25936.75,25970.55,33.80,14m0s,"1m CALL entry: EMA6(2593676) EMA9(2593659) > MA21(2593638), close=2593675",end of day (15:29 close)
1685,CALL,2025-12-31T09:27:00+05:30,2025-12-31T09:35:00+05:30,26006.70,25996.45,-10.25,8m0s,"1m CALL re-entry: EMA6(2599928) EMA9(2599894) > MA21(2598654), close=2600670","1m CALL exit: EMA6(2600644) crossed below EMA9(2600693), close=2599645"
1686,PUT,2025-12-31T10:00:00+05:30,2025-12-31T10:02:00+05:30,25979.30,25987.95,-8.65,2m0s,"1m PUT re-entry: EMA6(2598354) EMA9(2598377) < MA21(2598446), close=2597930","1m PUT exit: EMA6(2598411) crossed above EMA9(2598403), close=2598795"
1687,PUT,2025-12-31T10:05:00+05:30,2025-12-31T10:08:00+05:30,25975.80,25990.55,-14.75,3m0s,"1m PUT entry: EMA6(2598100) EMA9(2598189) < MA21(2598252), close=2597580","1m PUT exit: EMA6(2598494) crossed above EMA9(2598431), close=2599055"
1688,CALL,2025-12-31T10:52:00+05:30,2025-12-31T11:21:00+05:30,26038.75,26050.40,11.65,29m0s,"1m CALL re-entry: EMA6(2603649) EMA9(2603623) > MA21(2603415), close=2603875","1m CALL exit: EMA6(2605466) crossed below EMA9(2605478), close=2605040"
1689,PUT,2025-12-31T11:23:00+05:30,2025-12-31T11:35:00+05:30,26047.70,26051.60,-3.90,12m0s,"1m PUT entry: EMA6(2605154) EMA9(2605246) < MA21(2605317), close=2604770","1m PUT exit: EMA6(2604797) crossed above EMA9(2604781), close=2605160"
1690,CALL,2025-12-31T11:37:00+05:30,2025-12-31T12:00:00+05:30,26060.65,26068.95,8.30,23m0s,"1m CALL entry: EMA6(2605381) EMA9(2605214) > MA21(2605048), close=2606065","1m CALL exit: EMA6(2607151) crossed below EMA9(2607170), close=2606895"
1691,CALL,2025-12-31T12:01:00+05:30,2025-12-31T12:02:00+05:30,26073.50,26069.75,-3.75,1m0s,"1m CALL re-entry: EMA6(2607208) EMA9(2607206) > MA21(2607063), close=2607350","1m CALL exit: EMA6(2607141) crossed below EMA9(2607160), close=2606975"
1692,CALL,2025-12-31T12:04:00+05:30,2025-12-31T13:06:00+05:30,26072.35,26143.05,70.70,1h2m0s,"1m CALL re-entry: EMA6(2607195) EMA9(2607193) > MA21(2607124), close=2607235","1m CALL exit: EMA6(2614598) crossed below EMA9(2614603), close=2614305"
1693,CALL,2025-12-31T13:07:00+05:30,2025-12-31T13:18:00+05:30,26147.15,26146.55,-0.60,11m0s,"1m CALL re-entry: EMA6(2614631) EMA9(2614625) > MA21(2614411), close=2614715","1m CALL exit: EMA6(2614893) crossed below EMA9(2614917), close=2614655"
1694,CALL,2025-12-31T13:20:00+05:30,2025-12-31T13:35:00+05:30,26152.25,26150.30,-1.95,15m0s,"1m CALL entry: EMA6(2614954) EMA9(2614948) > MA21(2614891), close=2615225","1m CALL exit: EMA6(2615446) crossed below EMA9(2615494), close=2615030"
1695,PUT,2025-12-31T13:36:00+05:30,2025-12-31T13:45:00+05:30,26145.80,26151.50,-5.70,9m0s,"1m PUT entry: EMA6(2615198) EMA9(2615311) < MA21(2615332), close=2614580","1m PUT exit: EMA6(2614893) crossed above EMA9(2614870), close=2615150"
1696,CALL,2025-12-31T13:48:00+05:30,2025-12-31T14:15:00+05:30,26156.00,26161.00,5.00,27m0s,"1m CALL entry: EMA6(2615277) EMA9(2615167) > MA21(2615134), close=2615600","1m CALL exit: EMA6(2616558) crossed below EMA9(2616583), close=2616100"
1697,PUT,2025-12-31T14:16:00+05:30,2025-12-31T14:28:00+05:30,26162.40,26162.60,-0.20,12m0s,"1m PUT entry: EMA6(2616467) EMA9(2616515) < MA21(2616534), close=2616240","1m PUT exit: EMA6(2615888) crossed above EMA9(2615888), close=2616260"
1698,PUT,2025-12-31T14:34:00+05:30,2025-12-31T14:35:00+05:30,26158.70,26162.55,-3.85,1m0s,"1m PUT re-entry: EMA6(2615933) EMA9(2615939) < MA21(2615969), close=2615870","1m PUT exit: EMA6(2616025) crossed above EMA9(2616002), close=2616255"
1699,CALL,2025-12-31T14:55:00+05:30,2025-12-31T14:57:00+05:30,26181.25,26174.30,-6.95,2m0s,"1m CALL re-entry: EMA6(2617863) EMA9(2617847) > MA21(2617641), close=2618125","1m CALL exit: EMA6(2617735) crossed below EMA9(2617762), close=2617430"
1700,PUT,2025-12-31T15:20:00+05:30,2025-12-31T15:26:00+05:30,26123.50,26130.35,-6.85,6m0s,"1m PUT re-entry: EMA6(2612837) EMA9(2612891) < MA21(2613187), close=2612350","1m PUT exit: EMA6(2612869) crossed above EMA9(2612860), close=2613035"
1701,CALL,2026-01-01T09:28:00+05:30,2026-01-01T09:38:00+05:30,26176.60,26167.45,-9.15,10m0s,"1m CALL re-entry: EMA6(2616420) EMA9(2616347) > MA21(2615720), close=2617660","1m CALL exit: EMA6(2617364) crossed below EMA9(2617387), close=2616745"
1702,CALL,2026-01-01T09:41:00+05:30,2026-01-01T09:42:00+05:30,26177.00,26168.15,-8.85,1m0s,"1m CALL re-entry: EMA6(2617391) EMA9(2617381) > MA21(2617147), close=2617700","1m CALL exit: EMA6(2617227) crossed below EMA9(2617268), close=2616815"
1703,CALL,2026-01-01T09:43:00+05:30,2026-01-01T09:46:00+05:30,26185.55,26165.65,-19.90,3m0s,"1m CALL re-entry: EMA6(2617606) EMA9(2617525) > MA21(2617238), close=2618555","1m CALL exit: EMA6(2617250) crossed below EMA9(2617318), close=2616565"
1704,CALL,2026-01-01T09:50:00+05:30,2026-01-01T09:57:00+05:30,26191.60,26176.55,-15.05,7m0s,"1m CALL entry: EMA6(2618137) EMA9(2617927) > MA21(2617650), close=2619160","1m CALL exit: EMA6(2618392) crossed below EMA9(2618403), close=2617655"
1705,PUT,2026-01-01T09:59:00+05:30,2026-01-01T10:07:00+05:30,26157.20,26177.70,-20.50,8m0s,"1m PUT entry: EMA6(2617110) EMA9(2617458) < MA21(2617830), close=2615720","1m PUT exit: EMA6(2617214) crossed above EMA9(2617181), close=2617770"
1706,PUT,2026-01-01T10:09:00+05:30,2026-01-01T10:26:00+05:30,26165.85,26148.75,17.10,17m0s,"1m PUT re-entry: EMA6(2617083) EMA9(2617105) < MA21(2617629), close=2616585","1m PUT exit: EMA6(2613914) crossed above EMA9(2613848), close=2614875"
1707,CALL,2026-01-01T10:29:00+05:30,2026-01-01T10:42:00+05:30,26157.35,26157.55,0.20,13m0s,"1m CALL entry: EMA6(2614850) EMA9(2614584) > MA21(2614365), close=2615735","1m CALL exit: EMA6(2615879) crossed below EMA9(2615892), close=2615755"
1708,CALL,2026-01-01T10:43:00+05:30,2026-01-01T10:58:00+05:30,26161.55,26173.75,12.20,15m0s,"1m CALL re-entry: EMA6(2615958) EMA9(2615945) > MA21(2615573), close=2616155","1m CALL exit: EMA6(2617579) crossed below EMA9(2617585), close=2617375"
1709,CALL,2026-01-01T11:02:00+05:30,2026-01-01T11:04:00+05:30,26178.80,26164.85,-13.95,2m0s,"1m CALL re-entry: EMA6(2617580) EMA9(2617559) > MA21(2617410), close=2617880","1m CALL exit: EMA6(2617238) crossed below EMA9(2617325), close=2616485"
1710,PUT,2026-01-01T11:16:00+05:30,2026-01-01T11:20:00+05:30,26163.90,26168.25,-4.35,4m0s,"1m PUT re-entry: EMA6(2616719) EMA9(2616745) < MA21(2616953), close=2616390","1m PUT exit: EMA6(2616745) crossed above EMA9(2616737), close=2616825"
1711,CALL,2026-01-01T11:21:00+05:30,2026-01-01T11:23:00+05:30,26173.20,26165.70,-7.50,2m0s,"1m CALL entry: EMA6(2616909) EMA9(2616853) > MA21(2616835), close=2617320","1m CALL exit: EMA6(2616740) crossed below EMA9(2616749), close=2616570"
1712,CALL,2026-01-01T11:24:00+05:30,2026-01-01T11:25:00+05:30,26169.95,26163.45,-6.50,1m0s,"1m CALL re-entry: EMA6(2616813) EMA9(2616798) > MA21(2616696), close=2616995","1m CALL exit: EMA6(2616679) crossed below EMA9(2616708), close=2616345"
1713,CALL,2026-01-01T11:26:00+05:30,2026-01-01T11:30:00+05:30,26170.45,26165.00,-5.45,4m0s,"1m CALL entry: EMA6(2616784) EMA9(2616775) > MA21(2616695), close=2617045","1m CALL exit: EMA6(2616760) crossed below EMA9(2616784), close=2616500"
1714,CALL,2026-01-01T11:31:00+05:30,2026-01-01T11:32:00+05:30,26170.25,26162.85,-7.40,1m0s,"1m CALL re-entry: EMA6(2616836) EMA9(2616832) > MA21(2616795), close=2617025","1m CALL exit: EMA6(2616678) crossed below EMA9(2616722), close=2616285"
1715,CALL,2026-01-01T12:00:00+05:30,2026-01-01T12:04:00+05:30,26153.85,26141.80,-12.05,4m0s,"1m CALL entry: EMA6(2614794) EMA9(2614667) > MA21(2614538), close=2615385","1m CALL exit: EMA6(2614657) crossed below EMA9(2614663), close=2614180"
1716,PUT,2026-01-01T12:07:00+05:30,2026-01-01T12:20:00+05:30,26139.25,26134.65,4.60,13m0s,"1m PUT entry: EMA6(2614189) EMA9(2614300) < MA21(2614326), close=2613925","1m PUT exit: EMA6(2612897) crossed above EMA9(2612896), close=2613465"
1717,CALL,2026-01-01T12:23:00+05:30,2026-01-01T12:38:00+05:30,26138.00,26137.20,-0.80,15m0s,"1m CALL entry: EMA6(2613507) EMA9(2613364) > MA21(2613258), close=2613800","1m CALL exit: EMA6(2614602) crossed below EMA9(2614665), close=2613720"
1718,PUT,2026-01-01T12:39:00+05:30,2026-01-01T12:45:00+05:30,26129.95,26149.15,-19.20,6m0s,"1m PUT entry: EMA6(2614143) EMA9(2614331) < MA21(2614457), close=2612995","1m PUT exit: EMA6(2614177) crossed above EMA9(2614145), close=2614915"
1719,CALL,2026-01-01T12:47:00+05:30,2026-01-01T13:01:00+05:30,26156.80,26149.05,-7.75,14m0s,"1m CALL entry: EMA6(2614883) EMA9(2614674) > MA21(2614573), close=2615680","1m CALL exit: EMA6(2615130) crossed below EMA9(2615139), close=2614905"
1720,CALL,2026-01-01T13:03:00+05:30,2026-01-01T13:05:00+05:30,26152.70,26150.90,-1.80,2m0s,"1m CALL re-entry: EMA6(2615150) EMA9(2615149) > MA21(2615140), close=2615270","1m CALL exit: EMA6(2615139) crossed below EMA9(2615142), close=2615090"
1721,CALL,2026-01-01T13:08:00+05:30,2026-01-01T13:12:00+05:30,26153.85,26147.15,-6.70,4m0s,"1m CALL entry: EMA6(2615302) EMA9(2615265) > MA21(2615250), close=2615385","1m CALL exit: EMA6(2615152) crossed below EMA9(2615193), close=2614715"
1722,PUT,2026-01-01T13:13:00+05:30,2026-01-01T13:15:00+05:30,26147.90,26157.25,-9.35,2m0s,"1m PUT entry: EMA6(2615049) EMA9(2615112) < MA21(2615182), close=2614790","1m PUT exit: EMA6(2615262) crossed above EMA9(2615240), close=2615725"
1723,PUT,2026-01-01T13:23:00+05:30,2026-01-01T13:29:00+05:30,26135.15,26154.45,-19.30,6m0s,"1m PUT entry: EMA6(2614793) EMA9(2615025) < MA21(2615318), close=2613515","1m PUT exit: EMA6(2614740) crossed above EMA9(2614701), close=2615445"
1724,CALL,2026-01-01T13:32:00+05:30,2026-01-01T13:38:00+05:30,26154.60,26144.10,-10.50,6m0s,"1m CALL entry: EMA6(2615219) EMA9(2615091) > MA21(2615042), close=2615460","1m CALL exit: EMA6(2614832) crossed below EMA9(2614875), close=2614410"
1725,PUT,2026-01-01T13:40:00+05:30,2026-01-01T13:50:00+05:30,26140.80,26148.55,-7.75,10m0s,"1m PUT entry: EMA6(2614571) EMA9(2614673) < MA21(2614694), close=2614080","1m PUT exit: EMA6(2614636) crossed above EMA9(2614611), close=2614855"
1726,CALL,2026-01-01T13:51:00+05:30,2026-01-01T14:22:00+05:30,26156.10,26157.25,1.15,31m0s,"1m CALL entry: EMA6(2614915) EMA9(2614811) > MA21(2614738), close=2615610","1m CALL exit: EMA6(2616676) crossed below EMA9(2616705), close=2615725"
1727,PUT,2026-01-01T14:23:00+05:30,2026-01-01T14:34:00+05:30,26158.05,26162.50,-4.45,11m0s,"1m PUT entry: EMA6(2616427) EMA9(2616525) < MA21(2616608), close=2615805","1m PUT exit: EMA6(2615774) crossed above EMA9(2615771), close=2616250"
1728,CALL,2026-01-01T14:39:00+05:30,2026-01-01T14:45:00+05:30,26164.30,26159.20,-5.10,6m0s,"1m CALL entry: EMA6(2616183) EMA9(2616102) > MA21(2616026), close=2616430","1m CALL exit: EMA6(2616022) crossed below EMA9(2616030), close=2615920"
1729,PUT,2026-01-01T14:49:00+05:30,2026-01-01T14:53:00+05:30,26154.40,26163.20,-8.80,4m0s,"1m PUT entry: EMA6(2615745) EMA9(2615817) < MA21(2615884), close=2615440","1m PUT exit: EMA6(2615955) crossed above EMA9(2615916), close=2616320"
1730,PUT,2026-01-01T14:54:00+05:30,2026-01-01T14:55:00+05:30,26155.40,26160.75,-5.35,1m0s,"1m PUT re-entry: EMA6(2615836) EMA9(2615841) < MA21(2615975), close=2615540","1m PUT exit: EMA6(2615904) crossed above EMA9(2615888), close=2616075"
1731,CALL,2026-01-01T14:58:00+05:30,2026-01-01T15:02:00+05:30,26164.55,26149.50,-15.05,4m0s,"1m CALL entry: EMA6(2616083) EMA9(2616023) > MA21(2615956), close=2616455","1m CALL exit: EMA6(2615731) crossed below EMA9(2615809), close=2614950"
1732,CALL,2026-01-01T15:07:00+05:30,2026-01-01T15:10:00+05:30,26162.85,26139.65,-23.20,3m0s,"1m CALL entry: EMA6(2615868) EMA9(2615816) > MA21(2615792), close=2616285","1m CALL exit: EMA6(2615285) crossed below EMA9(2615439), close=2613965"
1733,CALL,2026-01-02T09:15:00+05:30,2026-01-02T10:01:00+05:30,26171.45,26255.40,83.95,46m0s,"1m CALL entry: EMA6(2614809) EMA9(2614540) > MA21(2614075), close=2617145","1m CALL exit: EMA6(2625722) crossed below EMA9(2625742), close=2625540"
1734,PUT,2026-01-02T10:04:00+05:30,2026-01-02T10:15:00+05:30,26251.95,26262.20,-10.25,11m0s,"1m PUT entry: EMA6(2625513) EMA9(2625583) < MA21(2625711), close=2625195","1m PUT exit: EMA6(2625116) crossed above EMA9(2625002), close=2626220"
1735,CALL,2026-01-02T10:16:00+05:30,2026-01-02T10:22:00+05:30,26262.85,26248.60,-14.25,6m0s,"1m CALL entry: EMA6(2625450) EMA9(2625258) > MA21(2625215), close=2626285","1m CALL exit: EMA6(2625213) crossed below EMA9(2625230), close=2624860"
1736,PUT,2026-01-02T10:28:00+05:30,2026-01-02T10:37:00+05:30,26246.25,26247.25,-1.00,9m0s,"1m PUT entry: EMA6(2624894) EMA9(2624962) < MA21(2624982), close=2624625","1m PUT exit: EMA6(2624550) crossed above EMA9(2624547), close=2624725"
1737,CALL,2026-01-02T10:39:00+05:30,2026-01-02T10:56:00+05:30,26253.50,26255.65,2.15,17m0s,"1m CALL entry: EMA6(2624852) EMA9(2624765) > MA21(2624761), close=2625350","1m CALL exit: EMA6(2625850) crossed below EMA9(2625861), close=2625565"
1738,CALL,2026-01-02T10:59:00+05:30,2026-01-02T11:02:00+05:30,26263.35,26256.45,-6.90,3m0s,"1m CALL re-entry: EMA6(2625986) EMA9(2625950) > MA21(2625807), close=2626335","1m CALL exit: EMA6(2625929) crossed below EMA9(2625933), close=2625645"
1739,PUT,2026-01-02T11:03:00+05:30,2026-01-02T11:16:00+05:30,26255.05,26255.85,-0.80,13m0s,"1m PUT entry: EMA6(2625808) EMA9(2625848) < MA21(2625895), close=2625505","1m PUT exit: EMA6(2625394) crossed above EMA9(2625383), close=2625585"
1740,CALL,2026-01-02T11:18:00+05:30,2026-01-02T11:58:00+05:30,26264.95,26283.65,18.70,40m0s,"1m CALL entry: EMA6(2625818) EMA9(2625693) > MA21(2625596), close=2626495","1m CALL exit: EMA6(2628757) crossed below EMA9(2628798), close=2628365"
1741,PUT,2026-01-02T11:59:00+05:30,2026-01-02T12:05:00+05:30,26280.00,26288.40,-8.40,6m0s,"1m PUT entry: EMA6(2628541) EMA9(2628638) < MA21(2628679), close=2628000","1m PUT exit: EMA6(2628526) crossed above EMA9(2628509), close=2628840"
1742,PUT,2026-01-02T12:10:00+05:30,2026-01-02T12:22:00+05:30,26285.85,26292.20,-6.35,12m0s,"1m PUT entry: EMA6(2628674) EMA9(2628651) < MA21(2628683), close=2628585","1m PUT exit: EMA6(2628687) crossed above EMA9(2628623), close=2629220"
1743,PUT,2026-01-02T12:47:00+05:30,2026-01-02T13:03:00+05:30,26299.20,26297.00,2.20,16m0s,"1m PUT entry: EMA6(2630263) EMA9(2630324) < MA21(2630392), close=2629920","1m PUT exit: EMA6(2629484) crossed above EMA9(2629474), close=2629700"
1744,CALL,2026-01-02T13:04:00+05:30,2026-01-02T13:28:00+05:30,26296.75,26303.80,7.05,24m0s,"1m CALL entry: EMA6(2629539) EMA9(2629514) > MA21(2629511), close=2629675","1m CALL exit: EMA6(2630583) crossed below EMA9(2630601), close=2630380"
1745,PUT,2026-01-02T13:30:00+05:30,2026-01-02T13:35:00+05:30,26301.70,26308.90,-7.20,5m0s,"1m PUT entry: EMA6(2630397) EMA9(2630458) < MA21(2630485), close=2630170","1m PUT exit: EMA6(2630534) crossed above EMA9(2630505), close=2630890"
1746,CALL,2026-01-02T13:36:00+05:30,2026-01-02T13:41:00+05:30,26309.10,26301.75,-7.35,5m0s,"1m CALL entry: EMA6(2630641) EMA9(2630586) > MA21(2630573), close=2630910","1m CALL exit: EMA6(2630482) crossed below EMA9(2630508), close=2630175"
1747,CALL,2026-01-02T13:46:00+05:30,2026-01-02T13:47:00+05:30,26305.70,26302.50,-3.20,1m0s,"1m CALL entry: EMA6(2630511) EMA9(2630509) > MA21(2630476), close=2630570","1m CALL exit: EMA6(2630437) crossed below EMA9(2630457), close=2630250"
1748,CALL,2026-01-02T13:54:00+05:30,2026-01-02T13:57:00+05:30,26305.35,26297.95,-7.40,3m0s,"1m CALL entry: EMA6(2630552) EMA9(2630516) > MA21(2630513), close=2630535","1m CALL exit: EMA6(2630299) crossed below EMA9(2630353), close=2629795"
1749,CALL,2026-01-02T14:11:00+05:30,2026-01-02T14:30:00+05:30,26304.35,26298.20,-6.15,19m0s,"1m CALL entry: EMA6(2630241) EMA9(2630192) > MA21(2630189), close=2630435","1m CALL exit: EMA6(2630600) crossed below EMA9(2630687), close=2629820"
1750,PUT,2026-01-02T14:31:00+05:30,2026-01-02T14:51:00+05:30,26294.90,26285.05,9.85,20m0s,"1m PUT entry: EMA6(2630283) EMA9(2630448) < MA21(2630642), close=2629490","1m PUT exit: EMA6(2627658) crossed above EMA9(2627594), close=2628505"
1751,CALL,2026-01-02T14:52:00+05:30,2026-01-02T15:29:00+05:30,26282.30,26335.70,53.40,37m0s,"1m CALL entry: EMA6(2627821) EMA9(2627721) > MA21(2627707), close=2628230",end of day (15:29 close)
1752,CALL,2026-01-05T09:18:00+05:30,2026-01-05T09:20:00+05:30,26339.95,26323.90,-16.05,2m0s,"1m CALL re-entry: EMA6(2633235) EMA9(2633188) > MA21(2632940), close=2633995","1m CALL exit: EMA6(2633155) crossed below EMA9(2633163), close=2632390"
1753,PUT,2026-01-05T09:22:00+05:30,2026-01-05T09:42:00+05:30,26324.45,26290.00,34.45,20m0s,"1m PUT entry: EMA6(2632905) EMA9(2632981) < MA21(2633032), close=2632445","1m PUT exit: EMA6(2628448) crossed above EMA9(2628417), close=2629000"
1754,PUT,2026-01-05T09:44:00+05:30,2026-01-05T09:48:00+05:30,26279.25,26286.95,-7.70,4m0s,"1m PUT re-entry: EMA6(2628279) EMA9(2628308) < MA21(2628772), close=2627925","1m PUT exit: EMA6(2628265) crossed above EMA9(2628257), close=2628695"
1755,CALL,2026-01-05T09:49:00+05:30,2026-01-05T10:04:00+05:30,26298.95,26292.00,-6.95,15m0s,"1m CALL entry: EMA6(2628731) EMA9(2628585) > MA21(2628290), close=2629895","1m CALL exit: EMA6(2630377) crossed below EMA9(2630518), close=2629200"
1756,CALL,2026-01-05T10:06:00+05:30,2026-01-05T10:30:00+05:30,26319.20,26350.95,31.75,24m0s,"1m CALL re-entry: EMA6(2630726) EMA9(2630704) > MA21(2630390), close=2631920","1m CALL exit: EMA6(2635859) crossed below EMA9(2635869), close=2635095"
1757,PUT,2026-01-05T10:35:00+05:30,2026-01-05T10:39:00+05:30,26352.10,26363.00,-10.90,4m0s,"1m PUT entry: EMA6(2635447) EMA9(2635538) < MA21(2635680), close=2635210","1m PUT exit: EMA6(2635806) crossed above EMA9(2635759), close=2636300"
1758,PUT,2026-01-05T10:40:00+05:30,2026-01-05T10:49:00+05:30,26350.35,26352.15,-1.80,9m0s,"1m PUT re-entry: EMA6(2635585) EMA9(2635614) < MA21(2635863), close=2635035","1m PUT exit: EMA6(2634944) crossed above EMA9(2634942), close=2635215"
1759,CALL,2026-01-05T10:52:00+05:30,2026-01-05T10:59:00+05:30,26358.65,26349.60,-9.05,7m0s,"1m CALL entry: EMA6(2635427) EMA9(2635303) > MA21(2635185), close=2635865","1m CALL exit: EMA6(2635432) crossed below EMA9(2635444), close=2634960"
1760,CALL,2026-01-05T11:02:00+05:30,2026-01-05T11:07:00+05:30,26363.60,26352.45,-11.15,5m0s,"1m CALL re-entry: EMA6(2635695) EMA9(2635618) > MA21(2635262), close=2636360","1m CALL exit: EMA6(2635659) crossed below EMA9(2635679), close=2635245"
1761,PUT,2026-01-05T11:09:00+05:30,2026-01-05T11:13:00+05:30,26353.10,26359.30,-6.20,4m0s,"1m PUT entry: EMA6(2635509) EMA9(2635562) < MA21(2635624), close=2635310","1m PUT exit: EMA6(2635640) crossed above EMA9(2635615), close=2635930"
1762,CALL,2026-01-05T11:14:00+05:30,2026-01-05T11:16:00+05:30,26359.25,26350.45,-8.80,2m0s,"1m CALL entry: EMA6(2635721) EMA9(2635677) > MA21(2635639), close=2635925","1m CALL exit: EMA6(2635447) crossed below EMA9(2635494), close=2635045"
1763,CALL,2026-01-05T11:41:00+05:30,2026-01-05T11:52:00+05:30,26332.00,26326.85,-5.15,11m0s,"1m CALL entry: EMA6(2632626) EMA9(2632571) > MA21(2632565), close=2633200","1m CALL exit: EMA6(2633250) crossed below EMA9(2633275), close=2632685"
1764,PUT,2026-01-05T11:55:00+05:30,2026-01-05T11:59:00+05:30,26328.95,26332.05,-3.10,4m0s,"1m PUT entry: EMA6(2632901) EMA9(2632987) < MA21(2633005), close=2632895","1m PUT exit: EMA6(2632992) crossed above EMA9(2632984), close=2633205"
1765,PUT,2026-01-05T12:01:00+05:30,2026-01-05T12:10:00+05:30,26319.55,26326.05,-6.50,9m0s,"1m PUT re-entry: EMA6(2632719) EMA9(2632797) < MA21(2633140), close=2631955","1m PUT exit: EMA6(2632290) crossed above EMA9(2632290), close=2632605"
1766,PUT,2026-01-05T12:11:00+05:30,2026-01-05T12:12:00+05:30,26322.60,26330.05,-7.45,1m0s,"1m PUT re-entry: EMA6(2632282) EMA9(2632284) < MA21(2632448), close=2632260","1m PUT exit: EMA6(2632488) crossed above EMA9(2632428), close=2633005"
1767,CALL,2026-01-05T12:13:00+05:30,2026-01-05T12:28:00+05:30,26331.30,26331.00,-0.30,15m0s,"1m CALL entry: EMA6(2632672) EMA9(2632569) > MA21(2632460), close=2633130","1m CALL exit: EMA6(2633366) crossed below EMA9(2633393), close=2633100"
1768,CALL,2026-01-05T12:30:00+05:30,2026-01-05T12:33:00+05:30,26339.15,26333.40,-5.75,3m0s,"1m CALL re-entry: EMA6(2633517) EMA9(2633489) > MA21(2633383), close=2633915","1m CALL exit: EMA6(2633466) crossed below EMA9(2633467), close=2633340"
1769,CALL,2026-01-05T12:38:00+05:30,2026-01-05T12:42:00+05:30,26341.45,26333.80,-7.65,4m0s,"1m CALL entry: EMA6(2633715) EMA9(2633644) > MA21(2633568), close=2634145","1m CALL exit: EMA6(2633541) crossed below EMA9(2633551), close=2633380"
1770,PUT,2026-01-05T12:43:00+05:30,2026-01-05T12:50:00+05:30,26331.35,26339.25,-7.90,7m0s,"1m PUT entry: EMA6(2633425) EMA9(2633468) < MA21(2633495), close=2633135","1m PUT exit: EMA6(2633367) crossed above EMA9(2633333), close=2633925"
1771,CALL,2026-01-05T12:51:00+05:30,2026-01-05T12:59:00+05:30,26345.35,26333.40,-11.95,8m0s,"1m CALL entry: EMA6(2633701) EMA9(2633574) > MA21(2633458), close=2634535","1m CALL exit: EMA6(2633760) crossed below EMA9(2633801), close=2633340"
1772,PUT,2026-01-05T13:02:00+05:30,2026-01-05T13:25:00+05:30,26330.85,26308.35,22.50,23m0s,"1m PUT entry: EMA6(2633418) EMA9(2633524) < MA21(2633579), close=2633085","1m PUT exit: EMA6(2630539) crossed above EMA9(2630531), close=2630835"
1773,PUT,2026-01-05T13:27:00+05:30,2026-01-05T13:44:00+05:30,26304.40,26296.30,8.10,17m0s,"1m PUT re-entry: EMA6(2630498) EMA9(2630504) < MA21(2630792), close=2630440","1m PUT exit: EMA6(2628840) crossed above EMA9(2628794), close=2629630"
1774,PUT,2026-01-05T13:48:00+05:30,2026-01-05T14:16:00+05:30,26285.90,26234.60,51.30,28m0s,"1m PUT re-entry: EMA6(2628713) EMA9(2628725) < MA21(2628750), close=2628590","1m PUT exit: EMA6(2622906) crossed above EMA9(2622870), close=2623460"
1775,PUT,2026-01-05T14:19:00+05:30,2026-01-05T14:24:00+05:30,26226.15,26234.10,-7.95,5m0s,"1m PUT re-entry: EMA6(2622769) EMA9(2622785) < MA21(2622881), close=2622615","1m PUT exit: EMA6(2622525) crossed above EMA9(2622510), close=2623410"
1776,CALL,2026-01-05T14:41:00+05:30,2026-01-05T15:02:00+05:30,26248.60,26264.15,15.55,21m0s,"1m CALL re-entry: EMA6(2624206) EMA9(2624129) > MA21(2623602), close=2624860","1m CALL exit: EMA6(2626825) crossed below EMA9(2626858), close=2626415"
1777,CALL,2026-01-05T15:03:00+05:30,2026-01-05T15:05:00+05:30,26272.40,26262.50,-9.90,2m0s,"1m CALL re-entry: EMA6(2626944) EMA9(2626934) > MA21(2626629), close=2627240","1m CALL exit: EMA6(2626742) crossed below EMA9(2626796), close=2626250"
1778,PUT,2026-01-05T15:06:00+05:30,2026-01-05T15:29:00+05:30,26264.85,26244.65,20.20,23m0s,"1m PUT entry: EMA6(2626668) EMA9(2626734) < MA21(2626761), close=2626485",end of day (15:29 close)
1779,CALL,2026-01-06T09:35:00+05:30,2026-01-06T09:42:00+05:30,26223.75,26199.35,-24.40,7m0s,"1m CALL entry: EMA6(2620575) EMA9(2620153) > MA21(2619829), close=2622375","1m CALL exit: EMA6(2620189) crossed below EMA9(2620217), close=2619935"
1780,CALL,2026-01-06T09:45:00+05:30,2026-01-06T10:07:00+05:30,26211.85,26245.70,33.85,22m0s,"1m CALL re-entry: EMA6(2620310) EMA9(2620264) > MA21(2619755), close=2621185","1m CALL exit: EMA6(2625121) crossed below EMA9(2625122), close=2624570"
1781,PUT,2026-01-06T10:12:00+05:30,2026-01-06T10:34:00+05:30,26242.55,26231.30,11.25,22m0s,"1m PUT entry: EMA6(2624530) EMA9(2624650) < MA21(2624799), close=2624255","1m PUT exit: EMA6(2622845) crossed above EMA9(2622817), close=2623130"
1782,PUT,2026-01-06T10:36:00+05:30,2026-01-06T10:54:00+05:30,26220.75,26216.60,4.15,18m0s,"1m PUT re-entry: EMA6(2622626) EMA9(2622674) < MA21(2622920), close=2622075","1m PUT exit: EMA6(2621366) crossed above EMA9(2621344), close=2621660"
1783,CALL,2026-01-06T10:55:00+05:30,2026-01-06T10:58:00+05:30,26216.40,26208.25,-8.15,3m0s,"1m CALL entry: EMA6(2621445) EMA9(2621403) > MA21(2621327), close=2621640","1m CALL exit: EMA6(2621210) crossed below EMA9(2621250), close=2620825"
1784,PUT,2026-01-06T10:59:00+05:30,2026-01-06T11:05:00+05:30,26201.35,26219.35,-18.00,6m0s,"1m PUT entry: EMA6(2620903) EMA9(2621027) < MA21(2621176), close=2620135","1m PUT exit: EMA6(2621205) crossed above EMA9(2621126), close=2621935"
1785,CALL,2026-01-06T11:06:00+05:30,2026-01-06T11:11:00+05:30,26214.50,26205.20,-9.30,5m0s,"1m CALL entry: EMA6(2621275) EMA9(2621191) > MA21(2621153), close=2621450","1m CALL exit: EMA6(2621119) crossed below EMA9(2621165), close=2620520"
1786,PUT,2026-01-06T11:12:00+05:30,2026-01-06T11:29:00+05:30,26195.45,26173.05,22.40,17m0s,"1m PUT entry: EMA6(2620669) EMA9(2620841) < MA21(2621070), close=2619545","1m PUT exit: EMA6(2616359) crossed above EMA9(2616261), close=2617305"
1787,CALL,2026-01-06T11:32:00+05:30,2026-01-06T11:56:00+05:30,26169.45,26183.85,14.40,24m0s,"1m CALL entry: EMA6(2616757) EMA9(2616621) > MA21(2616537), close=2616945","1m CALL exit: EMA6(2618931) crossed below EMA9(2618948), close=2618385"
1788,PUT,2026-01-06T11:58:00+05:30,2026-01-06T12:29:00+05:30,26174.50,26161.85,12.65,31m0s,"1m PUT entry: EMA6(2618315) EMA9(2618495) < MA21(2618668), close=2617450","1m PUT exit: EMA6(2615907) crossed above EMA9(2615875), close=2616185"
1789,PUT,2026-01-06T12:30:00+05:30,2026-01-06T12:32:00+05:30,26155.80,26161.30,-5.50,2m0s,"1m PUT re-entry: EMA6(2615814) EMA9(2615816) < MA21(2615988), close=2615580","1m PUT exit: EMA6(2615905) crossed above EMA9(2615880), close=2616130"
1790,CALL,2026-01-06T12:33:00+05:30,2026-01-06T12:46:00+05:30,26165.15,26158.90,-6.25,13m0s,"1m CALL entry: EMA6(2616079) EMA9(2616007) > MA21(2616003), close=2616515","1m CALL exit: EMA6(2616296) crossed below EMA9(2616318), close=2615890"
1791,PUT,2026-01-06T12:49:00+05:30,2026-01-06T12:54:00+05:30,26158.50,26168.75,-10.25,5m0s,"1m PUT entry: EMA6(2616146) EMA9(2616202) < MA21(2616266), close=2615850","1m PUT exit: EMA6(2616409) crossed above EMA9(2616354), close=2616875"
1792,PUT,2026-01-06T13:15:00+05:30,2026-01-06T13:43:00+05:30,26168.45,26158.75,9.70,28m0s,"1m PUT entry: EMA6(2617667) EMA9(2617806) < MA21(2617935), close=2616845","1m PUT exit: EMA6(2615597) crossed above EMA9(2615596), close=2615875"
1793,CALL,2026-01-06T13:44:00+05:30,2026-01-06T13:54:00+05:30,26164.10,26154.55,-9.55,10m0s,"1m CALL entry: EMA6(2615830) EMA9(2615759) > MA21(2615708), close=2616410","1m CALL exit: EMA6(2616279) crossed below EMA9(2616342), close=2615455"
1794,PUT,2026-01-06T13:57:00+05:30,2026-01-06T14:02:00+05:30,26152.60,26169.15,-16.55,5m0s,"1m PUT entry: EMA6(2615793) EMA9(2615948) < MA21(2616071), close=2615260","1m PUT exit: EMA6(2615913) crossed above EMA9(2615890), close=2616915"
1795,PUT,2026-01-06T14:04:00+05:30,2026-01-06T14:24:00+05:30,26152.90,26141.10,11.80,20m0s,"1m PUT re-entry: EMA6(2615815) EMA9(2615836) < MA21(2616130), close=2615290","1m PUT exit: EMA6(2613501) crossed above EMA9(2613491), close=2614110"
1796,CALL,2026-01-06T14:26:00+05:30,2026-01-06T14:38:00+05:30,26141.90,26131.10,-10.80,12m0s,"1m CALL entry: EMA6(2613854) EMA9(2613754) > MA21(2613738), close=2614190","1m CALL exit: EMA6(2614059) crossed below EMA9(2614148), close=2613110"
1797,CALL,2026-01-06T14:40:00+05:30,2026-01-06T15:13:00+05:30,26150.80,26169.40,18.60,33m0s,"1m CALL re-entry: EMA6(2614405) EMA9(2614363) > MA21(2614152), close=2615080","1m CALL exit: EMA6(2617495) crossed below EMA9(2617536), close=2616940"
1798,CALL,2026-01-06T15:16:00+05:30,2026-01-06T15:27:00+05:30,26177.45,26177.05,-0.40,11m0s,"1m CALL re-entry: EMA6(2617580) EMA9(2617578) > MA21(2617461), close=2617745","1m CALL exit: EMA6(2617986) crossed below EMA9(2617996), close=2617705"
1799,PUT,2026-01-07T09:15:00+05:30,2026-01-07T09:24:00+05:30,26111.65,26154.60,-42.95,9m0s,"1m PUT entry: EMA6(2615941) EMA9(2616553) < MA21(2617549), close=2611165","1m PUT exit: EMA6(2614989) crossed above EMA9(2614978), close=2615460"
1800,PUT,2026-01-07T09:25:00+05:30,2026-01-07T09:36:00+05:30,26139.35,26137.80,1.55,11m0s,"1m PUT re-entry: EMA6(2614688) EMA9(2614769) < MA21(2615886), close=2613935","1m PUT exit: EMA6(2613423) crossed above EMA9(2613410), close=2613780"
1801,CALL,2026-01-07T09:37:00+05:30,2026-01-07T09:43:00+05:30,26146.05,26113.90,-32.15,6m0s,"1m CALL entry: EMA6(2613760) EMA9(2613649) > MA21(2613621), close=2614605","1m CALL exit: EMA6(2613181) crossed below EMA9(2613383), close=2611390"
1802,CALL,2026-01-07T09:59:00+05:30,2026-01-07T10:22:00+05:30,26138.80,26161.15,22.35,23m0s,"1m CALL entry: EMA6(2612535) EMA9(2612215) > MA21(2611955), close=2613880","1m CALL exit: EMA6(2616517) crossed below EMA9(2616544), close=2616115"
1803,PUT,2026-01-07T10:25:00+05:30,2026-01-07T10:41:00+05:30,26152.25,26138.75,13.50,16m0s,"1m PUT entry: EMA6(2615723) EMA9(2615925) < MA21(2616129), close=2615225","1m PUT exit: EMA6(2613621) crossed above EMA9(2613594), close=2613875"
1804,CALL,2026-01-07T10:44:00+05:30,2026-01-07T11:11:00+05:30,26141.90,26154.80,12.90,27m0s,"1m CALL entry: EMA6(2613870) EMA9(2613789) > MA21(2613750), close=2614190","1m CALL exit: EMA6(2616718) crossed below EMA9(2616830), close=2615480"
1805,PUT,2026-01-07T11:12:00+05:30,2026-01-07T11:31:00+05:30,26153.90,26149.40,4.50,19m0s,"1m PUT entry: EMA6(2616339) EMA9(2616542) < MA21(2616703), close=2615390","1m PUT exit: EMA6(2614577) crossed above EMA9(2614577), close=2614940"
1806,CALL,2026-01-07T11:33:00+05:30,2026-01-07T11:40:00+05:30,26152.15,26147.10,-5.05,7m0s,"1m CALL entry: EMA6(2614797) EMA9(2614734) > MA21(2614651), close=2615215","1m CALL exit: EMA6(2615089) crossed below EMA9(2615131), close=2614710"
1807,PUT,2026-01-07T11:44:00+05:30,2026-01-07T12:27:00+05:30,26143.20,26107.35,35.85,43m0s,"1m PUT entry: EMA6(2614636) EMA9(2614756) < MA21(2614870), close=2614320","1m PUT exit: EMA6(2610731) crossed above EMA9(2610731), close=2610735"
1808,PUT,2026-01-07T12:28:00+05:30,2026-01-07T12:32:00+05:30,26100.40,26107.05,-6.65,4m0s,"1m PUT re-entry: EMA6(2610534) EMA9(2610593) < MA21(2610841), close=2610040","1m PUT exit: EMA6(2610586) crossed above EMA9(2610584), close=2610705"
1809,PUT,2026-01-07T12:33:00+05:30,2026-01-07T12:56:00+05:30,26103.05,26092.60,10.45,23m0s,"1m PUT re-entry: EMA6(2610506) EMA9(2610529) < MA21(2610665), close=2610305","1m PUT exit: EMA6(2608805) crossed above EMA9(2608755), close=2609260"
1810,CALL,2026-01-07T12:58:00+05:30,2026-01-07T13:15:00+05:30,26095.40,26097.20,1.80,17m0s,"1m CALL entry: EMA6(2609172) EMA9(2609043) > MA21(2608951), close=2609540","1m CALL exit: EMA6(2610342) crossed below EMA9(2610389), close=2609720"
1811,PUT,2026-01-07T13:17:00+05:30,2026-01-07T13:38:00+05:30,26098.35,26083.10,15.25,21m0s,"1m PUT entry: EMA6(2610152) EMA9(2610235) < MA21(2610327), close=2609835","1m PUT exit: EMA6(2607686) crossed above EMA9(2607677), close=2608310"
1812,PUT,2026-01-07T13:41:00+05:30,2026-01-07T13:48:00+05:30,26073.80,26081.80,-8.00,7m0s,"1m PUT re-entry: EMA6(2607608) EMA9(2607634) < MA21(2607832), close=2607380","1m PUT exit: EMA6(2607725) crossed above EMA9(2607671), close=2608180"
1813,PUT,2026-01-07T14:19:00+05:30,2026-01-07T14:29:00+05:30,26091.30,26096.20,-4.90,10m0s,"1m PUT entry: EMA6(2609424) EMA9(2609524) < MA21(2609608), close=2609130","1m PUT exit: EMA6(2609284) crossed above EMA9(2609260), close=2609620"
1814,PUT,2026-01-07T14:33:00+05:30,2026-01-07T14:39:00+05:30,26085.15,26099.30,-14.15,6m0s,"1m PUT re-entry: EMA6(2609095) EMA9(2609158) < MA21(2609297), close=2608515","1m PUT exit: EMA6(2609294) crossed above EMA9(2609228), close=2609930"
1815,CALL,2026-01-07T14:51:00+05:30,2026-01-07T15:19:00+05:30,26109.20,26140.50,31.30,28m0s,"1m CALL re-entry: EMA6(2610238) EMA9(2610178) > MA21(2609760), close=2610920","1m CALL exit: EMA6(2614220) crossed below EMA9(2614229), close=2614050"
1816,PUT,2026-01-07T15:22:00+05:30,2026-01-07T15:27:00+05:30,26134.70,26146.00,-11.30,5m0s,"1m PUT entry: EMA6(2613821) EMA9(2613925) < MA21(2613990), close=2613470","1m PUT exit: EMA6(2614089) crossed above EMA9(2614051), close=2614600"
1817,PUT,2026-01-08T09:15:00+05:30,2026-01-08T09:38:00+05:30,26101.75,26087.80,13.95,23m0s,"1m PUT re-entry: EMA6(2613059) EMA9(2613360) < MA21(2614034), close=2610175","1m PUT exit: EMA6(2607361) crossed above EMA9(2607251), close=2608780"
1818,CALL,2026-01-08T09:40:00+05:30,2026-01-08T09:47:00+05:30,26092.65,26075.90,-16.75,7m0s,"1m CALL entry: EMA6(2608289) EMA9(2607973) > MA21(2607883), close=2609265","1m CALL exit: EMA6(2608301) crossed below EMA9(2608359), close=2607590"
1819,PUT,2026-01-08T09:52:00+05:30,2026-01-08T09:54:00+05:30,26070.70,26096.75,-26.05,2m0s,"1m PUT entry: EMA6(2607429) EMA9(2607631) < MA21(2607769), close=2607070","1m PUT exit: EMA6(2608212) crossed above EMA9(2608118), close=2609675"
1820,CALL,2026-01-08T09:58:00+05:30,2026-01-08T10:01:00+05:30,26092.10,26069.80,-22.30,3m0s,"1m CALL entry: EMA6(2608817) EMA9(2608653) > MA21(2608564), close=2609210","1m CALL exit: EMA6(2608216) crossed below EMA9(2608311), close=2606980"
1821,PUT,2026-01-08T10:37:00+05:30,2026-01-08T10:46:00+05:30,26033.40,26034.40,-1.00,9m0s,"1m PUT re-entry: EMA6(2603562) EMA9(2603575) < MA21(2603610), close=2603340","1m PUT exit: EMA6(2603236) crossed above EMA9(2603226), close=2603440"
1822,PUT,2026-01-08T10:47:00+05:30,2026-01-08T11:37:00+05:30,26029.70,25977.40,52.30,50m0s,"1m PUT re-entry: EMA6(2603160) EMA9(2603175) < MA21(2603317), close=2602970","1m PUT exit: EMA6(2597404) crossed above EMA9(2597375), close=2597740"
1823,CALL,2026-01-08T11:39:00+05:30,2026-01-08T11:45:00+05:30,25982.40,25973.80,-8.60,6m0s,"1m CALL entry: EMA6(2597790) EMA9(2597668) > MA21(2597482), close=2598240","1m CALL exit: EMA6(2597694) crossed below EMA9(2597725), close=2597380"
1824,PUT,2026-01-08T11:47:00+05:30,2026-01-08T12:14:00+05:30,25966.40,25933.75,32.65,27m0s,"1m PUT entry: EMA6(2597276) EMA9(2597412) < MA21(2597469), close=2596640","1m PUT exit: EMA6(2592468) crossed above EMA9(2592374), close=2593375"
1825,CALL,2026-01-08T12:16:00+05:30,2026-01-08T12:22:00+05:30,25943.15,25924.65,-18.50,6m0s,"1m CALL entry: EMA6(2593216) EMA9(2592950) > MA21(2592726), close=2594315","1m CALL exit: EMA6(2592823) crossed below EMA9(2592855), close=2592465"
1826,CALL,2026-01-08T12:25:00+05:30,2026-01-08T12:31:00+05:30,25935.20,25925.15,-10.05,6m0s,"1m CALL re-entry: EMA6(2592883) EMA9(2592866) > MA21(2592433), close=2593520","1m CALL exit: EMA6(2593249) crossed below EMA9(2593250), close=2592515"
1827,PUT,2026-01-08T12:32:00+05:30,2026-01-08T13:04:00+05:30,25919.90,25923.75,-3.85,32m0s,"1m PUT entry: EMA6(2592890) EMA9(2592998) < MA21(2593115), close=2591990","1m PUT exit: EMA6(2591394) crossed above EMA9(2591318), close=2592375"
1828,CALL,2026-01-08T13:05:00+05:30,2026-01-08T13:17:00+05:30,25925.60,25912.40,-13.20,12m0s,"1m CALL entry: EMA6(2591727) EMA9(2591566) > MA21(2591371), close=2592560","1m CALL exit: EMA6(2591809) crossed below EMA9(2591877), close=2591240"
1829,PUT,2026-01-08T13:19:00+05:30,2026-01-08T13:36:00+05:30,25915.25,25906.85,8.40,17m0s,"1m PUT entry: EMA6(2591649) EMA9(2591733) < MA21(2591748), close=2591525","1m PUT exit: EMA6(2590243) crossed above EMA9(2590195), close=2590685"
1830,PUT,2026-01-08T13:41:00+05:30,2026-01-08T13:43:00+05:30,25899.25,25905.10,-5.85,2m0s,"1m PUT re-entry: EMA6(2590223) EMA9(2590231) < MA21(2590275), close=2589925","1m PUT exit: EMA6(2590271) crossed above EMA9(2590259), close=2590510"
1831,PUT,2026-01-08T14:10:00+05:30,2026-01-08T14:15:00+05:30,25917.80,25928.10,-10.30,5m0s,"1m PUT entry: EMA6(2592382) EMA9(2592540) < MA21(2592655), close=2591780","1m PUT exit: EMA6(2592532) crossed above EMA9(2592532), close=2592810"
1832,CALL,2026-01-08T14:18:00+05:30,2026-01-08T14:25:00+05:30,25934.85,25923.15,-11.70,7m0s,"1m CALL entry: EMA6(2593021) EMA9(2592898) > MA21(2592837), close=2593485","1m CALL exit: EMA6(2593087) crossed below EMA9(2593152), close=2592315"
1833,PUT,2026-01-08T14:27:00+05:30,2026-01-08T14:33:00+05:30,25923.70,25934.55,-10.85,6m0s,"1m PUT entry: EMA6(2592657) EMA9(2592809) < MA21(2592845), close=2592370","1m PUT exit: EMA6(2592387) crossed above EMA9(2592337), close=2593455"
1834,CALL,2026-01-08T14:37:00+05:30,2026-01-08T14:41:00+05:30,25936.40,25921.80,-14.60,4m0s,"1m CALL entry: EMA6(2593091) EMA9(2592916) > MA21(2592827), close=2593640","1m CALL exit: EMA6(2592813) crossed below EMA9(2592833), close=2592180"
1835,CALL,2026-01-08T14:46:00+05:30,2026-01-08T14:52:00+05:30,25934.55,25924.20,-10.35,6m0s,"1m CALL re-entry: EMA6(2592938) EMA9(2592897) > MA21(2592586), close=2593455","1m CALL exit: EMA6(2592918) crossed below EMA9(2592936), close=2592420"
1836,CALL,2026-01-08T15:22:00+05:30,2026-01-08T15:25:00+05:30,25880.65,25871.85,-8.80,3m0s,"1m CALL entry: EMA6(2587670) EMA9(2587643) > MA21(2587565), close=2588065","1m CALL exit: EMA6(2587518) crossed below EMA9(2587549), close=2587185"
1837,PUT,2026-01-08T15:26:00+05:30,2026-01-08T15:29:00+05:30,25870.60,25868.90,1.70,3m0s,"1m PUT entry: EMA6(2587387) EMA9(2587452) < MA21(2587508), close=2587060",end of day (15:29 close)
1838,PUT,2026-01-09T09:25:00+05:30,2026-01-09T09:44:00+05:30,25859.05,25876.70,-17.65,19m0s,"1m PUT entry: EMA6(2587639) EMA9(2588205) < MA21(2588649), close=2585905","1m PUT exit: EMA6(2584399) crossed above EMA9(2584118), close=2587670"
1839,CALL,2026-01-09T09:45:00+05:30,2026-01-09T10:03:00+05:30,25853.60,25864.30,10.70,18m0s,"1m CALL entry: EMA6(2584674) EMA9(2584366) > MA21(2584217), close=2585360","1m CALL exit: EMA6(2588027) crossed below EMA9(2588058), close=2586430"
1840,PUT,2026-01-09T10:05:00+05:30,2026-01-09T10:22:00+05:30,25862.60,25875.20,-12.60,17m0s,"1m PUT entry: EMA6(2587365) EMA9(2587570) < MA21(2587651), close=2586260","1m PUT exit: EMA6(2586683) crossed above EMA9(2586607), close=2587520"
1841,CALL,2026-01-09T10:23:00+05:30,2026-01-09T10:33:00+05:30,25877.50,25861.35,-16.15,10m0s,"1m CALL entry: EMA6(2586988) EMA9(2586836) > MA21(2586690), close=2587750","1m CALL exit: EMA6(2587400) crossed below EMA9(2587487), close=2586135"
1842,PUT,2026-01-09T10:35:00+05:30,2026-01-09T10:46:00+05:30,25856.25,25862.30,-6.05,11m0s,"1m PUT entry: EMA6(2586466) EMA9(2586767) < MA21(2587031), close=2585625","1m PUT exit: EMA6(2585644) crossed above EMA9(2585598), close=2586230"
1843,PUT,2026-01-09T10:51:00+05:30,2026-01-09T11:28:00+05:30,25851.85,25805.35,46.50,37m0s,"1m PUT re-entry: EMA6(2585580) EMA9(2585609) < MA21(2585620), close=2585185","1m PUT exit: EMA6(2580121) crossed above EMA9(2580077), close=2580535"
1844,CALL,2026-01-09T11:30:00+05:30,2026-01-09T11:34:00+05:30,25809.40,25791.75,-17.65,4m0s,"1m CALL entry: EMA6(2580422) EMA9(2580309) > MA21(2580296), close=2580940","1m CALL exit: EMA6(2580368) crossed below EMA9(2580405), close=2579175"
1845,PUT,2026-01-09T11:35:00+05:30,2026-01-09T12:03:00+05:30,25775.90,25752.05,23.85,28m0s,"1m PUT entry: EMA6(2579575) EMA9(2579842) < MA21(2580026), close=2577590","1m PUT exit: EMA6(2574541) crossed above EMA9(2574491), close=2575205"
1846,CALL,2026-01-09T12:04:00+05:30,2026-01-09T12:11:00+05:30,25756.05,25748.50,-7.55,7m0s,"1m CALL entry: EMA6(2574845) EMA9(2574714) > MA21(2574607), close=2575605","1m CALL exit: EMA6(2575006) crossed below EMA9(2575008), close=2574850"
1847,CALL,2026-01-09T12:12:00+05:30,2026-01-09T12:13:00+05:30,25750.40,25749.30,-1.10,1m0s,"1m CALL re-entry: EMA6(2575016) EMA9(2575014) > MA21(2574677), close=2575040","1m CALL exit: EMA6(2574991) crossed below EMA9(2574998), close=2574930"
1848,PUT,2026-01-09T12:15:00+05:30,2026-01-09T12:16:00+05:30,25744.85,25755.30,-10.45,1m0s,"1m PUT entry: EMA6(2574631) EMA9(2574725) < MA21(2574740), close=2574485","1m PUT exit: EMA6(2574888) crossed above EMA9(2574886), close=2575530"
1849,PUT,2026-01-09T12:18:00+05:30,2026-01-09T12:53:00+05:30,25742.50,25696.75,45.75,35m0s,"1m PUT entry: EMA6(2574726) EMA9(2574775) < MA21(2574848), close=2574250","1m PUT exit: EMA6(2568843) crossed above EMA9(2568757), close=2569675"
1850,CALL,2026-01-09T12:55:00+05:30,2026-01-09T13:02:00+05:30,25695.15,25687.75,-7.40,7m0s,"1m CALL entry: EMA6(2569126) EMA9(2568994) > MA21(2568810), close=2569515","1m CALL exit: EMA6(2568929) crossed below EMA9(2568933), close=2568775"
1851,CALL,2026-01-09T13:08:00+05:30,2026-01-09T13:17:00+05:30,25691.65,25686.70,-4.95,9m0s,"1m CALL entry: EMA6(2568863) EMA9(2568849) > MA21(2568791), close=2569165","1m CALL exit: EMA6(2569099) crossed below EMA9(2569103), close=2568670"
1852,CALL,2026-01-09T13:18:00+05:30,2026-01-09T13:32:00+05:30,25693.05,25691.75,-1.30,14m0s,"1m CALL re-entry: EMA6(2569158) EMA9(2569143) > MA21(2569000), close=2569305","1m CALL exit: EMA6(2570028) crossed below EMA9(2570127), close=2569175"
1853,PUT,2026-01-09T13:33:00+05:30,2026-01-09T13:36:00+05:30,25691.05,25716.35,-25.30,3m0s,"1m PUT entry: EMA6(2569764) EMA9(2569922) < MA21(2570006), close=2569105","1m PUT exit: EMA6(2570351) crossed above EMA9(2570256), close=2571635"
1854,PUT,2026-01-09T13:43:00+05:30,2026-01-09T13:59:00+05:30,25688.10,25683.85,4.25,16m0s,"1m PUT entry: EMA6(2570079) EMA9(2570281) < MA21(2570446), close=2568810","1m PUT exit: EMA6(2567824) crossed above EMA9(2567795), close=2568385"
1855,CALL,2026-01-09T14:01:00+05:30,2026-01-09T14:06:00+05:30,25685.60,25677.25,-8.35,5m0s,"1m CALL entry: EMA6(2568254) EMA9(2568125) > MA21(2568070), close=2568560","1m CALL exit: EMA6(2567958) crossed below EMA9(2567978), close=2567725"
1856,PUT,2026-01-09T14:12:00+05:30,2026-01-09T14:45:00+05:30,25673.75,25668.05,5.70,33m0s,"1m PUT entry: EMA6(2567607) EMA9(2567690) < MA21(2567763), close=2567375","1m PUT exit: EMA6(2565387) crossed above EMA9(2565273), close=2566805"
1857,CALL,2026-01-09T14:46:00+05:30,2026-01-09T15:17:00+05:30,25661.25,25682.00,20.75,31m0s,"1m CALL entry: EMA6(2565598) EMA9(2565443) > MA21(2565389), close=2566125","1m CALL exit: EMA6(2568741) crossed below EMA9(2568777), close=2568200"
1858,CALL,2026-01-09T15:20:00+05:30,2026-01-09T15:25:00+05:30,25695.75,25686.35,-9.40,5m0s,"1m CALL entry: EMA6(2568683) EMA9(2568684) > MA21(2568504), close=2569575","1m CALL exit: EMA6(2568801) crossed below EMA9(2568812), close=2568635"
1859,CALL,2026-01-09T15:28:00+05:30,2026-01-09T15:29:00+05:30,25696.40,25703.70,7.30,1m0s,"1m CALL entry: EMA6(2569014) EMA9(2568946) > MA21(2568920), close=2569640",end of day (15:29 close)
1860,CALL,2026-01-12T09:38:00+05:30,2026-01-12T09:42:00+05:30,25589.65,25561.65,-28.00,4m0s,"1m CALL entry: EMA6(2557454) EMA9(2557144) > MA21(2556923), close=2558965","1m CALL exit: EMA6(2556956) crossed below EMA9(2556980), close=2556165"
1861,PUT,2026-01-12T09:47:00+05:30,2026-01-12T09:49:00+05:30,25547.35,25595.45,-48.10,2m0s,"1m PUT entry: EMA6(2555551) EMA9(2555826) < MA21(2555982), close=2554735","1m PUT exit: EMA6(2557079) crossed above EMA9(2556829), close=2559545"
1862,PUT,2026-01-12T10:00:00+05:30,2026-01-12T10:04:00+05:30,25564.15,25589.70,-25.55,4m0s,"1m PUT entry: EMA6(2556876) EMA9(2557135) < MA21(2557156), close=2556415","1m PUT exit: EMA6(2557670) crossed above EMA9(2557553), close=2558970"
1863,PUT,2026-01-12T10:10:00+05:30,2026-01-12T10:19:00+05:30,25566.95,25583.60,-16.65,9m0s,"1m PUT entry: EMA6(2557754) EMA9(2557790) < MA21(2557902), close=2556695","1m PUT exit: EMA6(2557080) crossed above EMA9(2556984), close=2558360"
1864,CALL,2026-01-12T10:21:00+05:30,2026-01-12T10:32:00+05:30,25584.25,25573.55,-10.70,11m0s,"1m CALL entry: EMA6(2557719) EMA9(2557487) > MA21(2557383), close=2558425","1m CALL exit: EMA6(2558025) crossed below EMA9(2558085), close=2557355"
1865,PUT,2026-01-12T10:35:00+05:30,2026-01-12T10:50:00+05:30,25564.75,25579.85,-15.10,15m0s,"1m PUT entry: EMA6(2557363) EMA9(2557571) < MA21(2557749), close=2556475","1m PUT exit: EMA6(2556695) crossed above EMA9(2556550), close=2557985"
1866,CALL,2026-01-12T10:51:00+05:30,2026-01-12T10:53:00+05:30,25571.80,25560.40,-11.40,2m0s,"1m CALL entry: EMA6(2556834) EMA9(2556676) > MA21(2556638), close=2557180","1m CALL exit: EMA6(2556436) crossed below EMA9(2556440), close=2556040"
1867,CALL,2026-01-12T11:49:00+05:30,2026-01-12T12:59:00+05:30,25490.85,25709.05,218.20,1h10m0s,"1m CALL entry: EMA6(2548888) EMA9(2548785) > MA21(2548657), close=2549085","1m CALL exit: EMA6(2571637) crossed below EMA9(2571691), close=2570905"
1868,PUT,2026-01-12T13:00:00+05:30,2026-01-12T13:08:00+05:30,25692.65,25709.45,-16.80,8m0s,"1m PUT entry: EMA6(2570960) EMA9(2571206) < MA21(2571621), close=2569265","1m PUT exit: EMA6(2570307) crossed above EMA9(2570287), close=2570945"
1869,CALL,2026-01-12T13:11:00+05:30,2026-01-12T13:19:00+05:30,25719.85,25705.20,-14.65,8m0s,"1m CALL entry: EMA6(2571150) EMA9(2570936) > MA21(2570875), close=2571985","1m CALL exit: EMA6(2571391) crossed below EMA9(2571434), close=2570520"
1870,PUT,2026-01-12T13:22:00+05:30,2026-01-12T13:31:00+05:30,25701.50,25718.75,-17.25,9m0s,"1m PUT entry: EMA6(2570576) EMA9(2570782) < MA21(2570836), close=2570150","1m PUT exit: EMA6(2570461) crossed above EMA9(2570378), close=2571875"
1871,CALL,2026-01-12T13:32:00+05:30,2026-01-12T13:50:00+05:30,25731.40,25735.60,4.20,18m0s,"1m CALL entry: EMA6(2571226) EMA9(2570930) > MA21(2570893), close=2573140","1m CALL exit: EMA6(2573863) crossed below EMA9(2573865), close=2573560"
1872,PUT,2026-01-12T13:51:00+05:30,2026-01-12T13:53:00+05:30,25734.35,25742.15,-7.80,2m0s,"1m PUT entry: EMA6(2573741) EMA9(2573779) < MA21(2573901), close=2573435","1m PUT exit: EMA6(2573878) crossed above EMA9(2573862), close=2574215"
1873,CALL,2026-01-12T13:55:00+05:30,2026-01-12T13:57:00+05:30,25743.25,25733.00,-10.25,2m0s,"1m CALL entry: EMA6(2574160) EMA9(2574078) > MA21(2574066), close=2574325","1m CALL exit: EMA6(2573834) crossed below EMA9(2573872), close=2573300"
1874,PUT,2026-01-12T14:00:00+05:30,2026-01-12T14:08:00+05:30,25734.90,25738.55,-3.65,8m0s,"1m PUT re-entry: EMA6(2573831) EMA9(2573862) < MA21(2573986), close=2573490","1m PUT exit: EMA6(2573346) crossed above EMA9(2573323), close=2573855"
1875,CALL,2026-01-12T14:10:00+05:30,2026-01-12T14:14:00+05:30,25739.35,25728.45,-10.90,4m0s,"1m CALL entry: EMA6(2573682) EMA9(2573581) > MA21(2573558), close=2573935","1m CALL exit: EMA6(2573389) crossed below EMA9(2573428), close=2572845"
1876,CALL,2026-01-12T14:17:00+05:30,2026-01-12T14:32:00+05:30,25741.15,25744.05,2.90,15m0s,"1m CALL entry: EMA6(2573531) EMA9(2573496) > MA21(2573381), close=2574115","1m CALL exit: EMA6(2575171) crossed below EMA9(2575177), close=2574405"
1877,PUT,2026-01-12T14:35:00+05:30,2026-01-12T14:40:00+05:30,25716.70,25749.00,-32.30,5m0s,"1m PUT entry: EMA6(2573604) EMA9(2574012) < MA21(2574525), close=2571670","1m PUT exit: EMA6(2573844) crossed above EMA9(2573802), close=2574900"
1878,CALL,2026-01-12T14:44:00+05:30,2026-01-12T15:03:00+05:30,25760.80,25779.20,18.40,19m0s,"1m CALL entry: EMA6(2575138) EMA9(2574848) > MA21(2574639), close=2576080","1m CALL exit: EMA6(2578837) crossed below EMA9(2578899), close=2577920"
1879,PUT,2026-01-12T15:08:00+05:30,2026-01-12T15:17:00+05:30,25778.55,25786.80,-8.25,9m0s,"1m PUT entry: EMA6(2578452) EMA9(2578569) < MA21(2578680), close=2577855","1m PUT exit: EMA6(2578420) crossed above EMA9(2578402), close=2578680"
1880,CALL,2026-01-12T15:20:00+05:30,2026-01-12T15:29:00+05:30,25786.05,25806.10,20.05,9m0s,"1m CALL entry: EMA6(2578553) EMA9(2578515) > MA21(2578433), close=2578605",end of day (15:29 close)
1881,PUT,2026-01-13T09:27:00+05:30,2026-01-13T09:45:00+05:30,25792.75,25766.40,26.35,18m0s,"1m PUT entry: EMA6(2581470) EMA9(2581910) < MA21(2582064), close=2579275","1m PUT exit: EMA6(2573708) crossed above EMA9(2573686), close=2576640"
1882,CALL,2026-01-13T09:47:00+05:30,2026-01-13T09:55:00+05:30,25770.25,25731.00,-39.25,8m0s,"1m CALL entry: EMA6(2575492) EMA9(2575013) > MA21(2574667), close=2577025","1m CALL exit: EMA6(2574665) crossed below EMA9(2574808), close=2573100"
1883,PUT,2026-01-13T09:56:00+05:30,2026-01-13T10:03:00+05:30,25705.45,25739.60,-34.15,7m0s,"1m PUT entry: EMA6(2573488) EMA9(2573955) < MA21(2574112), close=2570545","1m PUT exit: EMA6(2573030) crossed above EMA9(2573000), close=2573960"
1884,CALL,2026-01-13T10:07:00+05:30,2026-01-13T10:16:00+05:30,25746.35,25739.15,-7.20,9m0s,"1m CALL entry: EMA6(2574222) EMA9(2573976) > MA21(2573901), close=2574635","1m CALL exit: EMA6(2574794) crossed below EMA9(2574845), close=2573915"
1885,PUT,2026-01-13T10:19:00+05:30,2026-01-13T10:20:00+05:30,25737.75,25761.35,-23.60,1m0s,"1m PUT entry: EMA6(2573974) EMA9(2574181) < MA21(2574303), close=2573775","1m PUT exit: EMA6(2574592) crossed above EMA9(2574572), close=2576135"
1886,PUT,2026-01-13T10:40:00+05:30,2026-01-13T10:50:00+05:30,25772.40,25794.30,-21.90,10m0s,"1m PUT entry: EMA6(2578397) EMA9(2578704) < MA21(2578783), close=2577240","1m PUT exit: EMA6(2577565) crossed above EMA9(2577411), close=2579430"
1887,CALL,2026-01-13T10:53:00+05:30,2026-01-13T10:55:00+05:30,25795.30,25765.70,-29.60,2m0s,"1m CALL entry: EMA6(2578745) EMA9(2578383) > MA21(2577992), close=2579530","1m CALL exit: EMA6(2577811) crossed below EMA9(2577834), close=2576570"
1888,CALL,2026-01-13T10:57:00+05:30,2026-01-13T11:02:00+05:30,25780.35,25763.10,-17.25,5m0s,"1m CALL entry: EMA6(2577623) EMA9(2577673) > MA21(2577440), close=2578035","1m CALL exit: EMA6(2577456) crossed below EMA9(2577576), close=2576310"
1889,PUT,2026-01-13T11:03:00+05:30,2026-01-13T11:08:00+05:30,25769.30,25781.85,-12.55,5m0s,"1m PUT entry: EMA6(2577305) EMA9(2577447) < MA21(2577475), close=2576930","1m PUT exit: EMA6(2577617) crossed above EMA9(2577574), close=2578185"
1890,CALL,2026-01-13T11:09:00+05:30,2026-01-13T11:20:00+05:30,25795.60,25784.10,-11.50,11m0s,"1m CALL entry: EMA6(2578172) EMA9(2577971) > MA21(2577929), close=2579560","1m CALL exit: EMA6(2578569) crossed below EMA9(2578572), close=2578410"
1891,CALL,2026-01-13T11:21:00+05:30,2026-01-13T11:23:00+05:30,25792.40,25783.30,-9.10,2m0s,"1m CALL re-entry: EMA6(2578761) EMA9(2578705) > MA21(2578273), close=2579240","1m CALL exit: EMA6(2578594) crossed below EMA9(2578605), close=2578330"
1892,PUT,2026-01-13T11:25:00+05:30,2026-01-13T11:27:00+05:30,25786.20,25792.55,-6.35,2m0s,"1m PUT entry: EMA6(2578505) EMA9(2578531) < MA21(2578533), close=2578620","1m PUT exit: EMA6(2578757) crossed above EMA9(2578701), close=2579255"
1893,PUT,2026-01-13T11:45:00+05:30,2026-01-13T12:28:00+05:30,25782.05,25728.00,54.05,43m0s,"1m PUT entry: EMA6(2579521) EMA9(2579825) < MA21(2580138), close=2578205","1m PUT exit: EMA6(2572152) crossed above EMA9(2572133), close=2572800"
1894,CALL,2026-01-13T12:31:00+05:30,2026-01-13T12:32:00+05:30,25721.85,25719.00,-2.85,1m0s,"1m CALL entry: EMA6(2572353) EMA9(2572314) > MA21(2572314), close=2572185","1m CALL exit: EMA6(2572224) crossed below EMA9(2572232), close=2571900"
1895,CALL,2026-01-13T13:12:00+05:30,2026-01-13T13:16:00+05:30,25663.50,25645.95,-17.55,4m0s,"1m CALL entry: EMA6(2565693) EMA9(2565455) > MA21(2565234), close=2566350","1m CALL exit: EMA6(2565273) crossed below EMA9(2565294), close=2564595"
1896,CALL,2026-01-13T13:19:00+05:30,2026-01-13T13:29:00+05:30,25656.75,25654.35,-2.40,10m0s,"1m CALL re-entry: EMA6(2565351) EMA9(2565328) > MA21(2564903), close=2565675","1m CALL exit: EMA6(2566225) crossed below EMA9(2566261), close=2565435"
1897,CALL,2026-01-13T13:34:00+05:30,2026-01-13T13:41:00+05:30,25671.35,25652.45,-18.90,7m0s,"1m CALL entry: EMA6(2566253) EMA9(2566231) > MA21(2566074), close=2567135","1m CALL exit: EMA6(2566509) crossed below EMA9(2566606), close=2565245"
1898,PUT,2026-01-13T13:43:00+05:30,2026-01-13T13:44:00+05:30,25663.20,25676.15,-12.95,1m0s,"1m PUT entry: EMA6(2566545) EMA9(2566604) < MA21(2566662), close=2566320","1m PUT exit: EMA6(2566851) crossed above EMA9(2566806), close=2567615"
1899,CALL,2026-01-13T13:50:00+05:30,2026-01-13T13:55:00+05:30,25672.15,25662.15,-10.00,5m0s,"1m CALL re-entry: EMA6(2566913) EMA9(2566899) > MA21(2566800), close=2567215","1m CALL exit: EMA6(2567043) crossed below EMA9(2567088), close=2566215"
1900,CALL,2026-01-13T14:32:00+05:30,2026-01-13T15:05:00+05:30,25640.70,25708.05,67.35,33m0s,"1m CALL entry: EMA6(2563291) EMA9(2563030) > MA21(2562805), close=2564070","1m CALL exit: EMA6(2571802) crossed below EMA9(2571854), close=2570805"
1901,CALL,2026-01-13T15:06:00+05:30,2026-01-13T15:18:00+05:30,25733.95,25725.15,-8.80,12m0s,"1m CALL re-entry: EMA6(2572257) EMA9(2572162) > MA21(2571368), close=2573395","1m CALL exit: EMA6(2573570) crossed below EMA9(2573633), close=2572515"
1902,PUT,2026-01-13T15:20:00+05:30,2026-01-13T15:22:00+05:30,25730.90,25739.90,-9.00,2m0s,"1m PUT entry: EMA6(2573252) EMA9(2573373) < MA21(2573510), close=2573090","1m PUT exit: EMA6(2573583) crossed above EMA9(2573571), close=2573990"
1903,PUT,2026-01-13T15:25:00+05:30,2026-01-13T15:29:00+05:30,25729.80,25714.20,15.60,4m0s,"1m PUT entry: EMA6(2573307) EMA9(2573375) < MA21(2573556), close=2572980",end of day (15:29 close)
1904,PUT,2026-01-14T09:24:00+05:30,2026-01-14T09:25:00+05:30,25705.15,25717.85,-12.70,1m0s,"1m PUT re-entry: EMA6(2571133) EMA9(2571140) < MA21(2571731), close=2570515","1m PUT exit: EMA6(2571319) crossed above EMA9(2571269), close=2571785"
1905,CALL,2026-01-14T09:27:00+05:30,2026-01-14T09:40:00+05:30,25729.40,25712.25,-17.15,13m0s,"1m CALL entry: EMA6(2571872) EMA9(2571682) > MA21(2571582), close=2572940","1m CALL exit: EMA6(2572920) crossed below EMA9(2573035), close=2571225"
1906,PUT,2026-01-14T09:43:00+05:30,2026-01-14T09:52:00+05:30,25718.30,25716.60,1.70,9m0s,"1m PUT entry: EMA6(2572646) EMA9(2572797) < MA21(2572874), close=2571830","1m PUT exit: EMA6(2570587) crossed above EMA9(2570583), close=2571660"
1907,CALL,2026-01-14T09:55:00+05:30,2026-01-14T10:02:00+05:30,25759.55,25719.55,-40.00,7m0s,"1m CALL entry: EMA6(2573116) EMA9(2572462) > MA21(2571851), close=2575955","1m CALL exit: EMA6(2572328) crossed below EMA9(2572356), close=2571955"
1908,PUT,2026-01-14T10:08:00+05:30,2026-01-14T10:29:00+05:30,25703.00,25688.90,14.10,21m0s,"1m PUT entry: EMA6(2571378) EMA9(2571586) < MA21(2571885), close=2570300","1m PUT exit: EMA6(2568283) crossed above EMA9(2568242), close=2568890"
1909,PUT,2026-01-14T10:30:00+05:30,2026-01-14T10:34:00+05:30,25678.05,25686.60,-8.55,4m0s,"1m PUT re-entry: EMA6(2568146) EMA9(2568155) < MA21(2568559), close=2567805","1m PUT exit: EMA6(2568131) crossed above EMA9(2568076), close=2568660"
1910,CALL,2026-01-14T10:35:00+05:30,2026-01-14T10:36:00+05:30,25689.95,25672.30,-17.65,1m0s,"1m CALL entry: EMA6(2568378) EMA9(2568260) > MA21(2568127), close=2568995","1m CALL exit: EMA6(2568050) crossed below EMA9(2568054), close=2567230"
1911,PUT,2026-01-14T10:37:00+05:30,2026-01-14T10:40:00+05:30,25672.00,25691.80,-19.80,3m0s,"1m PUT entry: EMA6(2567807) EMA9(2567883) < MA21(2567903), close=2567200","1m PUT exit: EMA6(2568187) crossed above EMA9(2568106), close=2569180"
1912,PUT,2026-01-14T10:46:00+05:30,2026-01-14T10:49:00+05:30,25665.00,25692.15,-27.15,3m0s,"1m PUT entry: EMA6(2567615) EMA9(2567871) < MA21(2568124), close=2566500","1m PUT exit: EMA6(2568287) crossed above EMA9(2568231), close=2569215"
1913,CALL,2026-01-14T11:26:00+05:30,2026-01-14T11:45:00+05:30,25751.00,25761.25,10.25,19m0s,"1m CALL re-entry: EMA6(2574382) EMA9(2574296) > MA21(2573670), close=2575100","1m CALL exit: EMA6(2576658) crossed below EMA9(2576674), close=2576125"
1914,CALL,2026-01-14T11:46:00+05:30,2026-01-14T12:06:00+05:30,25768.40,25769.25,0.85,20m0s,"1m CALL re-entry: EMA6(2576710) EMA9(2576707) > MA21(2576662), close=2576840","1m CALL exit: EMA6(2577966) crossed below EMA9(2578007), close=2576925"
1915,PUT,2026-01-14T12:07:00+05:30,2026-01-14T12:19:00+05:30,25769.25,25766.30,2.95,12m0s,"1m PUT entry: EMA6(2577669) EMA9(2577791) < MA21(2577858), close=2576925","1m PUT exit: EMA6(2575517) crossed above EMA9(2575490), close=2576630"
1916,CALL,2026-01-14T12:23:00+05:30,2026-01-14T12:27:00+05:30,25770.40,25758.10,-12.30,4m0s,"1m CALL entry: EMA6(2576648) EMA9(2576412) > MA21(2576240), close=2577040","1m CALL exit: EMA6(2576277) crossed below EMA9(2576286), close=2575810"
1917,CALL,2026-01-14T12:32:00+05:30,2026-01-14T12:42:00+05:30,25766.80,25758.10,-8.70,10m0s,"1m CALL re-entry: EMA6(2576290) EMA9(2576243) > MA21(2575865), close=2576680","1m CALL exit: EMA6(2576775) crossed below EMA9(2576821), close=2575810"
1918,PUT,2026-01-14T12:44:00+05:30,2026-01-14T13:07:00+05:30,25753.45,25747.85,5.60,23m0s,"1m PUT entry: EMA6(2576189) EMA9(2576380) < MA21(2576512), close=2575345","1m PUT exit: EMA6(2574572) crossed above EMA9(2574549), close=2574785"
1919,CALL,2026-01-14T13:09:00+05:30,2026-01-14T13:17:00+05:30,25753.35,25748.50,-4.85,8m0s,"1m CALL entry: EMA6(2574825) EMA9(2574738) > MA21(2574614), close=2575335","1m CALL exit: EMA6(2574997) crossed below EMA9(2575005), close=2574850"
1920,PUT,2026-01-14T13:19:00+05:30,2026-01-14T14:02:00+05:30,25743.05,25654.65,88.40,43m0s,"1m PUT entry: EMA6(2574616) EMA9(2574720) < MA21(2574760), close=2574305","1m PUT exit: EMA6(2564712) crossed above EMA9(2564702), close=2565465"
1921,PUT,2026-01-14T14:03:00+05:30,2026-01-14T14:08:00+05:30,25645.95,25653.45,-7.50,5m0s,"1m PUT re-entry: EMA6(2564678) EMA9(2564681) < MA21(2565138), close=2564595","1m PUT exit: EMA6(2564743) crossed above EMA9(2564685), close=2565345"
1922,CALL,2026-01-14T14:10:00+05:30,2026-01-14T14:19:00+05:30,25650.55,25644.10,-6.45,9m0s,"1m CALL entry: EMA6(2564801) EMA9(2564744) > MA21(2564625), close=2565055","1m CALL exit: EMA6(2565249) crossed below EMA9(2565302), close=2564410"
1923,PUT,2026-01-14T14:20:00+05:30,2026-01-14T14:34:00+05:30,25637.25,25636.40,0.85,14m0s,"1m PUT entry: EMA6(2564813) EMA9(2564987) < MA21(2565047), close=2563725","1m PUT exit: EMA6(2562927) crossed above EMA9(2562875), close=2563640"
1924,CALL,2026-01-14T14:37:00+05:30,2026-01-14T14:58:00+05:30,25640.60,25679.65,39.05,21m0s,"1m CALL entry: EMA6(2563584) EMA9(2563397) > MA21(2563135), close=2564060","1m CALL exit: EMA6(2568854) crossed below EMA9(2568958), close=2567965"
1925,PUT,2026-01-14T15:00:00+05:30,2026-01-14T15:06:00+05:30,25666.15,25686.75,-20.60,6m0s,"1m PUT entry: EMA6(2568003) EMA9(2568307) < MA21(2568739), close=2566615","1m PUT exit: EMA6(2568004) crossed above EMA9(2567936), close=2568675"
1926,PUT,2026-01-14T15:07:00+05:30,2026-01-14T15:22:00+05:30,25660.65,25664.65,-4.00,15m0s,"1m PUT re-entry: EMA6(2567450) EMA9(2567562) < MA21(2568496), close=2566065","1m PUT exit: EMA6(2566072) crossed above EMA9(2566044), close=2566465"
1927,CALL,2026-01-14T15:24:00+05:30,2026-01-14T15:29:00+05:30,25675.55,25669.10,-6.45,5m0s,"1m CALL entry: EMA6(2566734) EMA9(2566538) > MA21(2566532), close=2567555",end of day (15:29 close)
1928,PUT,2026-01-16T09:34:00+05:30,2026-01-16T09:43:00+05:30,25708.75,25721.05,-12.30,9m0s,"1m PUT entry: EMA6(2570779) EMA9(2570918) < MA21(2571118), close=2570875","1m PUT exit: EMA6(2570928) crossed above EMA9(2570817), close=2572105"
1929,CALL,2026-01-16T09:44:00+05:30,2026-01-16T10:43:00+05:30,25725.75,25841.60,115.85,59m0s,"1m CALL entry: EMA6(2571399) EMA9(2571168) > MA21(2571062), close=2572575","1m CALL exit: EMA6(2585536) crossed below EMA9(2585662), close=2584160"
1930,PUT,2026-01-16T10:44:00+05:30,2026-01-16T10:48:00+05:30,25844.55,25857.55,-13.00,4m0s,"1m PUT entry: EMA6(2585227) EMA9(2585421) < MA21(2585632), close=2584455","1m PUT exit: EMA6(2585644) crossed above EMA9(2585635), close=2585755"
1931,PUT,2026-01-16T10:50:00+05:30,2026-01-16T11:28:00+05:30,25847.95,25816.25,31.70,38m0s,"1m PUT re-entry: EMA6(2585389) EMA9(2585459) < MA21(2585668), close=2584795","1m PUT exit: EMA6(2581295) crossed above EMA9(2581265), close=2581625"
1932,CALL,2026-01-16T11:30:00+05:30,2026-01-16T11:33:00+05:30,25825.00,25810.10,-14.90,3m0s,"1m CALL entry: EMA6(2581643) EMA9(2581520) > MA21(2581395), close=2582500","1m CALL exit: EMA6(2581451) crossed below EMA9(2581459), close=2581010"
1933,PUT,2026-01-16T11:35:00+05:30,2026-01-16T12:05:00+05:30,25809.75,25790.45,19.30,30m0s,"1m PUT entry: EMA6(2581230) EMA9(2581294) < MA21(2581309), close=2580975","1m PUT exit: EMA6(2578623) crossed above EMA9(2578588), close=2579045"
1934,CALL,2026-01-16T12:07:00+05:30,2026-01-16T12:22:00+05:30,25803.60,25812.25,8.65,15m0s,"1m CALL entry: EMA6(2579323) EMA9(2579108) > MA21(2578866), close=2580360","1m CALL exit: EMA6(2581446) crossed below EMA9(2581458), close=2581225"
1935,CALL,2026-01-16T12:23:00+05:30,2026-01-16T12:24:00+05:30,25815.70,25810.85,-4.85,1m0s,"1m CALL re-entry: EMA6(2581482) EMA9(2581481) > MA21(2581087), close=2581570","1m CALL exit: EMA6(2581368) crossed below EMA9(2581402), close=2581085"
1936,PUT,2026-01-16T12:26:00+05:30,2026-01-16T12:55:00+05:30,25802.45,25760.95,41.50,29m0s,"1m PUT entry: EMA6(2581011) EMA9(2581136) < MA21(2581349), close=2580245","1m PUT exit: EMA6(2575752) crossed above EMA9(2575718), close=2576095"
1937,PUT,2026-01-16T12:58:00+05:30,2026-01-16T13:31:00+05:30,25751.65,25714.70,36.95,33m0s,"1m PUT re-entry: EMA6(2575614) EMA9(2575643) < MA21(2575886), close=2575165","1m PUT exit: EMA6(2570039) crossed above EMA9(2569907), close=2571470"
1938,CALL,2026-01-16T13:33:00+05:30,2026-01-16T13:35:00+05:30,25719.75,25688.30,-31.45,2m0s,"1m CALL entry: EMA6(2570857) EMA9(2570549) > MA21(2570331), close=2571975","1m CALL exit: EMA6(2570150) crossed below EMA9(2570154), close=2568830"
1939,CALL,2026-01-16T13:36:00+05:30,2026-01-16T13:42:00+05:30,25700.85,25692.60,-8.25,6m0s,"1m CALL entry: EMA6(2570131) EMA9(2570140) > MA21(2570096), close=2570085","1m CALL exit: EMA6(2570024) crossed below EMA9(2570087), close=2569260"
1940,CALL,2026-01-16T13:45:00+05:30,2026-01-16T13:53:00+05:30,25700.20,25689.20,-11.00,8m0s,"1m CALL entry: EMA6(2569877) EMA9(2569935) > MA21(2569843), close=2570020","1m CALL exit: EMA6(2569967) crossed below EMA9(2570087), close=2568920"
1941,PUT,2026-01-16T14:09:00+05:30,2026-01-16T14:11:00+05:30,25672.50,25694.55,-22.05,2m0s,"1m PUT re-entry: EMA6(2568283) EMA9(2568350) < MA21(2568800), close=2567250","1m PUT exit: EMA6(2568643) crossed above EMA9(2568580), close=2569455"
1942,CALL,2026-01-16T14:12:00+05:30,2026-01-16T14:15:00+05:30,25688.40,25679.25,-9.15,3m0s,"1m CALL entry: EMA6(2568699) EMA9(2568632) > MA21(2568560), close=2568840","1m CALL exit: EMA6(2568471) crossed below EMA9(2568501), close=2567925"
1943,PUT,2026-01-16T14:17:00+05:30,2026-01-16T14:20:00+05:30,25674.55,25688.70,-14.15,3m0s,"1m PUT entry: EMA6(2568121) EMA9(2568241) < MA21(2568341), close=2567455","1m PUT exit: EMA6(2568415) crossed above EMA9(2568391), close=2568870"
1944,PUT,2026-01-16T14:22:00+05:30,2026-01-16T14:23:00+05:30,25682.85,25685.55,-2.70,1m0s,"1m PUT entry: EMA6(2568356) EMA9(2568356) < MA21(2568362), close=2568285","1m PUT exit: EMA6(2568413) crossed above EMA9(2568396), close=2568555"
1945,PUT,2026-01-16T14:50:00+05:30,2026-01-16T14:57:00+05:30,25693.05,25708.90,-15.85,7m0s,"1m PUT entry: EMA6(2570082) EMA9(2570196) < MA21(2570254), close=2569305","1m PUT exit: EMA6(2570240) crossed above EMA9(2570188), close=2570890"
1946,CALL,2026-01-16T15:01:00+05:30,2026-01-16T15:04:00+05:30,25704.95,25697.30,-7.65,3m0s,"1m CALL entry: EMA6(2570421) EMA9(2570354) > MA21(2570343), close=2570495","1m CALL exit: EMA6(2570119) crossed below EMA9(2570165), close=2569730"
1947,CALL,2026-01-16T15:21:00+05:30,2026-01-16T15:29:00+05:30,25699.05,25701.90,2.85,8m0s,"1m CALL entry: EMA6(2569546) EMA9(2569464) > MA21(2569409), close=2569905",end of day (15:29 close)
1948,PUT,2026-01-19T09:38:00+05:30,2026-01-19T09:51:00+05:30,25556.45,25578.85,-22.40,13m0s,"1m PUT re-entry: EMA6(2556666) EMA9(2556780) < MA21(2557255), close=2555645","1m PUT exit: EMA6(2556493) crossed above EMA9(2556368), close=2557885"
1949,PUT,2026-01-19T09:54:00+05:30,2026-01-19T10:11:00+05:30,25548.40,25528.15,20.25,17m0s,"1m PUT entry: EMA6(2556050) EMA9(2556134) < MA21(2556347), close=2554840","1m PUT exit: EMA6(2552527) crossed above EMA9(2552523), close=2552815"
1950,CALL,2026-01-19T10:16:00+05:30,2026-01-19T10:25:00+05:30,25527.75,25526.15,-1.60,9m0s,"1m CALL entry: EMA6(2552858) EMA9(2552810) > MA21(2552770), close=2552775","1m CALL exit: EMA6(2553285) crossed below EMA9(2553293), close=2552615"
1951,PUT,2026-01-19T10:27:00+05:30,2026-01-19T10:44:00+05:30,25515.85,25513.55,2.30,17m0s,"1m PUT entry: EMA6(2552553) EMA9(2552757) < MA21(2552960), close=2551585","1m PUT exit: EMA6(2551149) crossed above EMA9(2551141), close=2551355"
1952,CALL,2026-01-19T10:45:00+05:30,2026-01-19T11:11:00+05:30,25525.80,25533.45,7.65,26m0s,"1m CALL entry: EMA6(2551558) EMA9(2551429) > MA21(2551311), close=2552580","1m CALL exit: EMA6(2554441) crossed below EMA9(2554568), close=2553345"
1953,PUT,2026-01-19T11:13:00+05:30,2026-01-19T11:35:00+05:30,25530.85,25523.55,7.30,22m0s,"1m PUT entry: EMA6(2553738) EMA9(2554004) < MA21(2554212), close=2553085","1m PUT exit: EMA6(2552029) crossed above EMA9(2552016), close=2552355"
1954,CALL,2026-01-19T11:37:00+05:30,2026-01-19T11:57:00+05:30,25524.35,25533.65,9.30,20m0s,"1m CALL entry: EMA6(2552229) EMA9(2552168) > MA21(2552097), close=2552435","1m CALL exit: EMA6(2554059) crossed below EMA9(2554079), close=2553365"
1955,PUT,2026-01-19T11:58:00+05:30,2026-01-19T12:13:00+05:30,25527.25,25529.75,-2.50,15m0s,"1m PUT entry: EMA6(2553678) EMA9(2553808) < MA21(2553916), close=2552725","1m PUT exit: EMA6(2552419) crossed above EMA9(2552379), close=2552975"
1956,CALL,2026-01-19T12:15:00+05:30,2026-01-19T12:24:00+05:30,25533.45,25531.15,-2.30,9m0s,"1m CALL entry: EMA6(2552856) EMA9(2552714) > MA21(2552661), close=2553345","1m CALL exit: EMA6(2553995) crossed below EMA9(2553996), close=2553115"
1957,PUT,2026-01-19T12:27:00+05:30,2026-01-19T12:44:00+05:30,25525.85,25527.00,-1.15,17m0s,"1m PUT entry: EMA6(2553067) EMA9(2553284) < MA21(2553309), close=2552585","1m PUT exit: EMA6(2552169) crossed above EMA9(2552160), close=2552700"
1958,PUT,2026-01-19T12:47:00+05:30,2026-01-19T12:51:00+05:30,25520.70,25530.80,-10.10,4m0s,"1m PUT entry: EMA6(2552270) EMA9(2552252) < MA21(2552303), close=2552070","1m PUT exit: EMA6(2552353) crossed above EMA9(2552291), close=2553080"
1959,PUT,2026-01-19T13:11:00+05:30,2026-01-19T13:21:00+05:30,25529.65,25546.00,-16.35,10m0s,"1m PUT entry: EMA6(2554659) EMA9(2554831) < MA21(2554846), close=2552965","1m PUT exit: EMA6(2553903) crossed above EMA9(2553858), close=2554600"
1960,PUT,2026-01-19T13:24:00+05:30,2026-01-19T13:31:00+05:30,25533.80,25540.10,-6.30,7m0s,"1m PUT re-entry: EMA6(2553788) EMA9(2553805) < MA21(2554172), close=2553380","1m PUT exit: EMA6(2553400) crossed above EMA9(2553375), close=2554010"
1961,CALL,2026-01-19T13:47:00+05:30,2026-01-19T13:48:00+05:30,25554.75,25546.45,-8.30,1m0s,"1m CALL re-entry: EMA6(2555098) EMA9(2555084) > MA21(2554686), close=2555475","1m CALL exit: EMA6(2554969) crossed below EMA9(2554996), close=2554645"
1962,CALL,2026-01-19T13:49:00+05:30,2026-01-19T14:11:00+05:30,25576.05,25602.25,26.20,22m0s,"1m CALL re-entry: EMA6(2555722) EMA9(2555518) > MA21(2555023), close=2557605","1m CALL exit: EMA6(2561485) crossed below EMA9(2561500), close=2560225"
1963,PUT,2026-01-19T14:13:00+05:30,2026-01-19T14:20:00+05:30,25589.20,25611.80,-22.60,7m0s,"1m PUT entry: EMA6(2560419) EMA9(2560721) < MA21(2560924), close=2558920","1m PUT exit: EMA6(2560458) crossed above EMA9(2560377), close=2561180"
1964,PUT,2026-01-19T14:27:00+05:30,2026-01-19T14:34:00+05:30,25602.20,25604.35,-2.15,7m0s,"1m PUT re-entry: EMA6(2560533) EMA9(2560554) < MA21(2560597), close=2560220","1m PUT exit: EMA6(2560205) crossed above EMA9(2560204), close=2560435"
1965,PUT,2026-01-19T14:35:00+05:30,2026-01-19T14:36:00+05:30,25600.50,25603.95,-3.45,1m0s,"1m PUT entry: EMA6(2560161) EMA9(2560173) < MA21(2560252), close=2560050","1m PUT exit: EMA6(2560228) crossed above EMA9(2560218), close=2560395"
1966,CALL,2026-01-19T14:39:00+05:30,2026-01-19T15:02:00+05:30,25615.30,25608.90,-6.40,23m0s,"1m CALL entry: EMA6(2560828) EMA9(2560662) > MA21(2560510), close=2561530","1m CALL exit: EMA6(2562194) crossed below EMA9(2562330), close=2560890"
1967,PUT,2026-01-20T09:20:00+05:30,2026-01-20T10:00:00+05:30,25553.10,25466.80,86.30,40m0s,"1m PUT re-entry: EMA6(2556027) EMA9(2556106) < MA21(2556429), close=2555310","1m PUT exit: EMA6(2545810) crossed above EMA9(2545758), close=2546680"
1968,CALL,2026-01-20T10:04:00+05:30,2026-01-20T10:15:00+05:30,25469.90,25468.60,-1.30,11m0s,"1m CALL entry: EMA6(2546171) EMA9(2546045) > MA21(2545927), close=2546990","1m CALL exit: EMA6(2547168) crossed below EMA9(2547188), close=2546860"
1969,CALL,2026-01-20T10:18:00+05:30,2026-01-20T10:30:00+05:30,25487.55,25478.70,-8.85,12m0s,"1m CALL re-entry: EMA6(2547427) EMA9(2547327) > MA21(2546994), close=2548755","1m CALL exit: EMA6(2548256) crossed below EMA9(2548292), close=2547870"
1970,PUT,2026-01-20T10:34:00+05:30,2026-01-20T10:37:00+05:30,25477.80,25494.85,-17.05,3m0s,"1m PUT entry: EMA6(2547951) EMA9(2548037) < MA21(2548092), close=2547780","1m PUT exit: EMA6(2548319) crossed above EMA9(2548239), close=2549485"
1971,CALL,2026-01-20T10:38:00+05:30,2026-01-20T10:44:00+05:30,25502.00,25482.45,-19.55,6m0s,"1m CALL entry: EMA6(2548856) EMA9(2548631) > MA21(2548487), close=2550200","1m CALL exit: EMA6(2548848) crossed below EMA9(2548852), close=2548245"
1972,PUT,2026-01-20T10:50:00+05:30,2026-01-20T11:16:00+05:30,25477.50,25465.50,12.00,26m0s,"1m PUT entry: EMA6(2548294) EMA9(2548412) < MA21(2548528), close=2547750","1m PUT exit: EMA6(2545400) crossed above EMA9(2545370), close=2546550"
1973,CALL,2026-01-20T11:18:00+05:30,2026-01-20T11:20:00+05:30,25459.80,25450.10,-9.70,2m0s,"1m CALL entry: EMA6(2545725) EMA9(2545621) > MA21(2545573), close=2545980","1m CALL exit: EMA6(2545397) crossed below EMA9(2545419), close=2545010"
1974,CALL,2026-01-20T11:22:00+05:30,2026-01-20T12:00:00+05:30,25458.15,25467.30,9.15,38m0s,"1m CALL entry: EMA6(2545409) EMA9(2545410) > MA21(2545405), close=2545815","1m CALL exit: EMA6(2547501) crossed below EMA9(2547566), close=2546730"
1975,PUT,2026-01-20T12:02:00+05:30,2026-01-20T12:29:00+05:30,25457.00,25432.95,24.05,27m0s,"1m PUT entry: EMA6(2546817) EMA9(2547050) < MA21(2547306), close=2545700","1m PUT exit: EMA6(2543121) crossed above EMA9(2543107), close=2543295"
1976,PUT,2026-01-20T12:32:00+05:30,2026-01-20T12:49:00+05:30,25430.20,25423.05,7.15,17m0s,"1m PUT re-entry: EMA6(2543092) EMA9(2543094) < MA21(2543210), close=2543020","1m PUT exit: EMA6(2542083) crossed above EMA9(2542062), close=2542305"
1977,CALL,2026-01-20T12:51:00+05:30,2026-01-20T13:03:00+05:30,25428.10,25424.20,-3.90,12m0s,"1m CALL entry: EMA6(2542437) EMA9(2542329) > MA21(2542309), close=2542810","1m CALL exit: EMA6(2542729) crossed below EMA9(2542743), close=2542420"
1978,PUT,2026-01-20T13:06:00+05:30,2026-01-20T13:20:00+05:30,25420.10,25434.50,-14.40,14m0s,"1m PUT entry: EMA6(2542430) EMA9(2542515) < MA21(2542618), close=2542010","1m PUT exit: EMA6(2542223) crossed above EMA9(2542127), close=2543450"
1979,CALL,2026-01-20T13:21:00+05:30,2026-01-20T13:28:00+05:30,25423.10,25416.25,-6.85,7m0s,"1m CALL entry: EMA6(2542248) EMA9(2542164) > MA21(2542142), close=2542310","1m CALL exit: EMA6(2542075) crossed below EMA9(2542107), close=2541625"
1980,PUT,2026-01-20T13:29:00+05:30,2026-01-20T13:57:00+05:30,25416.75,25377.20,39.55,28m0s,"1m PUT entry: EMA6(2541961) EMA9(2542021) < MA21(2542061), close=2541675","1m PUT exit: EMA6(2537095) crossed above EMA9(2537065), close=2537720"
1981,CALL,2026-01-20T13:59:00+05:30,2026-01-20T14:00:00+05:30,25369.65,25369.70,0.05,1m0s,"1m CALL entry: EMA6(2537049) EMA9(2537042) > MA21(2537026), close=2536965","1m CALL exit: EMA6(2537026) crossed below EMA9(2537028), close=2536970"
1982,PUT,2026-01-20T14:01:00+05:30,2026-01-20T14:15:00+05:30,25369.25,25366.50,2.75,14m0s,"1m PUT entry: EMA6(2536997) EMA9(2537007) < MA21(2537010), close=2536925","1m PUT exit: EMA6(2536167) crossed above EMA9(2536128), close=2536650"
1983,CALL,2026-01-20T14:17:00+05:30,2026-01-20T14:20:00+05:30,25374.20,25356.60,-17.60,3m0s,"1m CALL entry: EMA6(2536543) EMA9(2536407) > MA21(2536373), close=2537420","1m CALL exit: EMA6(2536166) crossed below EMA9(2536199), close=2535660"
1984,CALL,2026-01-20T14:23:00+05:30,2026-01-20T14:36:00+05:30,25365.55,25371.40,5.85,13m0s,"1m CALL entry: EMA6(2536222) EMA9(2536213) > MA21(2536098), close=2536555","1m CALL exit: EMA6(2537725) crossed below EMA9(2537773), close=2537140"
1985,PUT,2026-01-20T14:38:00+05:30,2026-01-20T15:28:00+05:30,25362.25,25218.20,144.05,50m0s,"1m PUT entry: EMA6(2537104) EMA9(2537305) < MA21(2537315), close=2536225","1m PUT exit: EMA6(2520142) crossed above EMA9(2520135), close=2521820"
1986,PUT,2026-01-21T09:15:00+05:30,2026-01-21T09:16:00+05:30,25171.75,25253.30,-81.55,1m0s,"1m PUT re-entry: EMA6(2519783) EMA9(2519927) < MA21(2520713), close=2517175","1m PUT exit: EMA6(2521368) crossed above EMA9(2521008), close=2525330"
1987,CALL,2026-01-21T09:25:00+05:30,2026-01-21T09:29:00+05:30,25249.50,25199.95,-49.55,4m0s,"1m CALL re-entry: EMA6(2522393) EMA9(2522155) > MA21(2521035), close=2524950","1m CALL exit: EMA6(2521783) crossed below EMA9(2521904), close=2519995"
1988,CALL,2026-01-21T09:30:00+05:30,2026-01-21T09:36:00+05:30,25231.80,25211.25,-20.55,6m0s,"1m CALL re-entry: EMA6(2522182) EMA9(2522159) > MA21(2521867), close=2523180","1m CALL exit: EMA6(2522542) crossed below EMA9(2522576), close=2521125"
1989,PUT,2026-01-21T11:03:00+05:30,2026-01-21T11:04:00+05:30,24985.30,24994.55,-9.25,1m0s,"1m PUT re-entry: EMA6(2499085) EMA9(2499086) < MA21(2499868), close=2498530","1m PUT exit: EMA6(2499191) crossed above EMA9(2499160), close=2499455"
1990,PUT,2026-01-21T11:05:00+05:30,2026-01-21T11:09:00+05:30,24985.75,25003.10,-17.35,4m0s,"1m PUT re-entry: EMA6(2499015) EMA9(2499043) < MA21(2499452), close=2498575","1m PUT exit: EMA6(2499272) crossed above EMA9(2499168), close=2500310"
1991,CALL,2026-01-21T11:27:00+05:30,2026-01-21T11:28:00+05:30,25054.85,25044.50,-10.35,1m0s,"1m CALL re-entry: EMA6(2505093) EMA9(2505069) > MA21(2504181), close=2505485","1m CALL exit: EMA6(2504909) crossed below EMA9(2504945), close=2504450"
1992,PUT,2026-01-21T11:29:00+05:30,2026-01-21T11:32:00+05:30,25029.15,25061.20,-32.05,3m0s,"1m PUT entry: EMA6(2504339) EMA9(2504539) < MA21(2504645), close=2502915","1m PUT exit: EMA6(2505093) crossed above EMA9(2504986), close=2506120"
1993,PUT,2026-01-21T11:37:00+05:30,2026-01-21T11:46:00+05:30,25042.15,25052.40,-10.25,9m0s,"1m PUT re-entry: EMA6(2504937) EMA9(2504951) < MA21(2505208), close=2504215","1m PUT exit: EMA6(2504672) crossed above EMA9(2504641), close=2505240"
1994,CALL,2026-01-21T11:47:00+05:30,2026-01-21T12:28:00+05:30,25062.75,25123.00,60.25,41m0s,"1m CALL entry: EMA6(2505130) EMA9(2504968) > MA21(2504768), close=2506275","1m CALL exit: EMA6(2514970) crossed below EMA9(2515161), close=2512300"
1995,CALL,2026-01-21T12:31:00+05:30,2026-01-21T13:07:00+05:30,25164.00,25272.05,108.05,36m0s,"1m CALL re-entry: EMA6(2515219) EMA9(2515206) > MA21(2514751), close=2516400","1m CALL exit: EMA6(2528180) crossed below EMA9(2528197), close=2527205"
1996,CALL,2026-01-21T13:08:00+05:30,2026-01-21T13:09:00+05:30,25285.75,25260.00,-25.75,1m0s,"1m CALL re-entry: EMA6(2528293) EMA9(2528272) > MA21(2528038), close=2528575","1m CALL exit: EMA6(2527638) crossed below EMA9(2527818), close=2526000"
1997,PUT,2026-01-21T13:40:00+05:30,2026-01-21T13:46:00+05:30,25193.10,25203.15,-10.05,6m0s,"1m PUT re-entry: EMA6(2519939) EMA9(2519958) < MA21(2520510), close=2519310","1m PUT exit: EMA6(2519710) crossed above EMA9(2519696), close=2520315"
1998,CALL,2026-01-21T13:47:00+05:30,2026-01-21T13:48:00+05:30,25208.90,25185.45,-23.45,1m0s,"1m CALL entry: EMA6(2520047) EMA9(2519935) > MA21(2519912), close=2520890","1m CALL exit: EMA6(2519618) crossed below EMA9(2519657), close=2518545"
1999,CALL,2026-01-21T14:17:00+05:30,2026-01-21T14:23:00+05:30,25188.35,25142.00,-46.35,6m0s,"1m CALL entry: EMA6(2515320) EMA9(2515043) > MA21(2514778), close=2518835","1m CALL exit: EMA6(2515791) crossed below EMA9(2515802), close=2514200"
2000,PUT,2026-01-21T14:26:00+05:30,2026-01-21T14:33:00+05:30,25130.35,25156.10,-25.75,7m0s,"1m PUT entry: EMA6(2514652) EMA9(2514962) < MA21(2515121), close=2513035","1m PUT exit: EMA6(2514241) crossed above EMA9(2514185), close=2515610"
2001,CALL,2026-01-21T14:38:00+05:30,2026-01-21T14:46:00+05:30,25158.65,25150.70,-7.95,8m0s,"1m CALL entry: EMA6(2515256) EMA9(2515046) > MA21(2514936), close=2515865","1m CALL exit: EMA6(2515251) crossed below EMA9(2515257), close=2515070"
2002,CALL,2026-01-21T14:47:00+05:30,2026-01-21T14:48:00+05:30,25157.75,25149.15,-8.60,1m0s,"1m CALL re-entry: EMA6(2515401) EMA9(2515361) > MA21(2514810), close=2515775","1m CALL exit: EMA6(2515262) crossed below EMA9(2515272), close=2514915"
2003,CALL,2026-01-21T14:49:00+05:30,2026-01-21T14:53:00+05:30,25155.85,25148.25,-7.60,4m0s,"1m CALL re-entry: EMA6(2515354) EMA9(2515334) > MA21(2515026), close=2515585","1m CALL exit: EMA6(2515290) crossed below EMA9(2515311), close=2514825"
2004,PUT,2026-01-21T15:02:00+05:30,2026-01-21T15:03:00+05:30,25141.25,25154.70,-13.45,1m0s,"1m PUT entry: EMA6(2514981) EMA9(2515025) < MA21(2515202), close=2514125","1m PUT exit: EMA6(2515121) crossed above EMA9(2515114), close=2515470"
2005,CALL,2026-01-21T15:04:00+05:30,2026-01-21T15:11:00+05:30,25177.50,25154.40,-23.10,7m0s,"1m CALL entry: EMA6(2515872) EMA9(2515641) > MA21(2515275), close=2517750","1m CALL exit: EMA6(2516155) crossed below EMA9(2516158), close=2515440"
2006,PUT,2026-01-21T15:15:00+05:30,2026-01-21T15:19:00+05:30,25148.50,25159.90,-11.40,4m0s,"1m PUT entry: EMA6(2515413) EMA9(2515575) < MA21(2515674), close=2514850","1m PUT exit: EMA6(2515765) crossed above EMA9(2515747), close=2515990"
2007,PUT,2026-01-21T15:20:00+05:30,2026-01-21T15:26:00+05:30,25154.25,25163.55,-9.30,6m0s,"1m PUT re-entry: EMA6(2515668) EMA9(2515683) < MA21(2515920), close=2515425","1m PUT exit: EMA6(2515498) crossed above EMA9(2515457), close=2516355"
2008,CALL,2026-01-21T15:27:00+05:30,2026-01-21T15:29:00+05:30,25169.05,25168.10,-0.95,2m0s,"1m CALL entry: EMA6(2515900) EMA9(2515747) > MA21(2515660), close=2516905",end of day (15:29 close)
2009,CALL,2026-01-22T09:46:00+05:30,2026-01-22T09:54:00+05:30,25405.35,25396.45,-8.90,8m0s,"1m CALL re-entry: EMA6(2540184) EMA9(2540169) > MA21(2540075), close=2540535","1m CALL exit: EMA6(2540866) crossed below EMA9(2541006), close=2539645"
2010,PUT,2026-01-22T10:14:00+05:30,2026-01-22T10:15:00+05:30,25376.00,25384.20,-8.20,1m0s,"1m PUT re-entry: EMA6(2538088) EMA9(2538098) < MA21(2538403), close=2537600","1m PUT exit: EMA6(2538183) crossed above EMA9(2538162), close=2538420"
2011,PUT,2026-01-22T10:16:00+05:30,2026-01-22T10:36:00+05:30,25374.90,25320.05,54.85,20m0s,"1m PUT re-entry: EMA6(2537985) EMA9(2538028) < MA21(2538294), close=2537490","1m PUT exit: EMA6(2530430) crossed above EMA9(2530429), close=2532005"
2012,PUT,2026-01-22T10:39:00+05:30,2026-01-22T11:21:00+05:30,25287.15,25239.40,47.75,42m0s,"1m PUT re-entry: EMA6(2530367) EMA9(2530455) < MA21(2531315), close=2528715","1m PUT exit: EMA6(2522543) crossed above EMA9(2522392), close=2523940"
2013,PUT,2026-01-22T11:39:00+05:30,2026-01-22T12:04:00+05:30,25236.60,25207.05,29.55,25m0s,"1m PUT entry: EMA6(2524310) EMA9(2524455) < MA21(2524588), close=2523660","1m PUT exit: EMA6(2519887) crossed above EMA9(2519857), close=2520705"
2014,CALL,2026-01-22T12:05:00+05:30,2026-01-22T12:26:00+05:30,25218.75,25237.55,18.80,21m0s,"1m CALL entry: EMA6(2520455) EMA9(2520260) > MA21(2520093), close=2521875","1m CALL exit: EMA6(2524382) crossed below EMA9(2524383), close=2523755"
2015,CALL,2026-01-22T12:27:00+05:30,2026-01-22T12:37:00+05:30,25254.85,25233.35,-21.50,10m0s,"1m CALL re-entry: EMA6(2524697) EMA9(2524603) > MA21(2523924), close=2525485","1m CALL exit: EMA6(2524783) crossed below EMA9(2524888), close=2523335"
2016,PUT,2026-01-22T12:47:00+05:30,2026-01-22T12:48:00+05:30,25231.45,25246.60,-15.15,1m0s,"1m PUT re-entry: EMA6(2523838) EMA9(2523916) < MA21(2524528), close=2523145","1m PUT exit: EMA6(2524073) crossed above EMA9(2524065), close=2524660"
2017,CALL,2026-01-22T12:50:00+05:30,2026-01-22T12:53:00+05:30,25254.00,25234.55,-19.45,3m0s,"1m CALL entry: EMA6(2524647) EMA9(2524485) > MA21(2524458), close=2525400","1m CALL exit: EMA6(2524187) crossed below EMA9(2524238), close=2523455"
2018,PUT,2026-01-22T13:26:00+05:30,2026-01-22T13:33:00+05:30,25189.75,25201.25,-11.50,7m0s,"1m PUT re-entry: EMA6(2519489) EMA9(2519541) < MA21(2519787), close=2518975","1m PUT exit: EMA6(2519125) crossed above EMA9(2519066), close=2520125"
2019,CALL,2026-01-22T13:34:00+05:30,2026-01-22T13:40:00+05:30,25215.05,25195.90,-19.15,6m0s,"1m CALL entry: EMA6(2519805) EMA9(2519554) > MA21(2519197), close=2521505","1m CALL exit: EMA6(2519869) crossed below EMA9(2519897), close=2519590"
2020,PUT,2026-01-22T13:42:00+05:30,2026-01-22T13:44:00+05:30,25188.05,25204.55,-16.50,2m0s,"1m PUT entry: EMA6(2519436) EMA9(2519572) < MA21(2519584), close=2518805","1m PUT exit: EMA6(2519954) crossed above EMA9(2519905), close=2520455"
2021,CALL,2026-01-22T13:47:00+05:30,2026-01-22T14:06:00+05:30,25200.60,25220.70,20.10,19m0s,"1m CALL re-entry: EMA6(2519807) EMA9(2519796) > MA21(2519631), close=2520060","1m CALL exit: EMA6(2522703) crossed below EMA9(2522775), close=2522070"
2022,PUT,2026-01-22T14:07:00+05:30,2026-01-22T14:22:00+05:30,25214.95,25203.90,11.05,15m0s,"1m PUT entry: EMA6(2522358) EMA9(2522519) < MA21(2522539), close=2521495","1m PUT exit: EMA6(2519331) crossed above EMA9(2519235), close=2520390"
2023,CALL,2026-01-22T14:25:00+05:30,2026-01-22T14:55:00+05:30,25206.40,25290.85,84.45,30m0s,"1m CALL entry: EMA6(2519929) EMA9(2519732) > MA21(2519720), close=2520640","1m CALL exit: EMA6(2529288) crossed below EMA9(2529307), close=2529085"
2024,CALL,2026-01-22T14:59:00+05:30,2026-01-22T15:00:00+05:30,25297.00,25269.50,-27.50,1m0s,"1m CALL re-entry: EMA6(2529428) EMA9(2529399) > MA21(2529140), close=2529700","1m CALL exit: EMA6(2528720) crossed below EMA9(2528909), close=2526950"
2025,CALL,2026-01-22T15:11:00+05:30,2026-01-22T15:29:00+05:30,25297.45,25320.45,23.00,18m0s,"1m CALL entry: EMA6(2528538) EMA9(2528171) > MA21(2528039), close=2529745",end of day (15:29 close)
2026,PUT,2026-01-23T09:16:00+05:30,2026-01-23T09:23:00+05:30,25261.95,25311.00,-49.05,7m0s,"1m PUT entry: EMA6(2529719) EMA9(2530221) < MA21(2530620), close=2526195","1m PUT exit: EMA6(2529153) crossed above EMA9(2529035), close=2531100"
2027,CALL,2026-01-23T09:25:00+05:30,2026-01-23T09:35:00+05:30,25330.85,25299.45,-31.40,10m0s,"1m CALL entry: EMA6(2530860) EMA9(2530321) > MA21(2530287), close=2533085","1m CALL exit: EMA6(2531650) crossed below EMA9(2531779), close=2529945"
2028,PUT,2026-01-23T09:39:00+05:30,2026-01-23T09:50:00+05:30,25304.50,25300.70,3.80,11m0s,"1m PUT entry: EMA6(2530871) EMA9(2531097) < MA21(2531221), close=2530450","1m PUT exit: EMA6(2529770) crossed above EMA9(2529754), close=2530070"
2029,PUT,2026-01-23T09:51:00+05:30,2026-01-23T10:06:00+05:30,25296.00,25299.65,-3.65,15m0s,"1m PUT re-entry: EMA6(2529721) EMA9(2529724) < MA21(2530267), close=2529600","1m PUT exit: EMA6(2528929) crossed above EMA9(2528831), close=2529965"
2030,PUT,2026-01-23T10:09:00+05:30,2026-01-23T10:28:00+05:30,25277.65,25288.70,-11.05,19m0s,"1m PUT re-entry: EMA6(2528528) EMA9(2528592) < MA21(2528841), close=2527765","1m PUT exit: EMA6(2527294) crossed above EMA9(2527125), close=2528870"
2031,CALL,2026-01-23T10:29:00+05:30,2026-01-23T10:42:00+05:30,25291.45,25297.00,5.55,13m0s,"1m CALL entry: EMA6(2527823) EMA9(2527529) > MA21(2527302), close=2529145","1m CALL exit: EMA6(2529939) crossed below EMA9(2529947), close=2529700"
2032,PUT,2026-01-23T10:46:00+05:30,2026-01-23T11:10:00+05:30,25289.15,25281.60,7.55,24m0s,"1m PUT entry: EMA6(2529437) EMA9(2529549) < MA21(2529695), close=2528915","1m PUT exit: EMA6(2527505) crossed above EMA9(2527446), close=2528160"
2033,CALL,2026-01-23T11:11:00+05:30,2026-01-23T11:18:00+05:30,25281.80,25270.60,-11.20,7m0s,"1m CALL entry: EMA6(2527698) EMA9(2527593) > MA21(2527523), close=2528180","1m CALL exit: EMA6(2527873) crossed below EMA9(2527913), close=2527060"
2034,PUT,2026-01-23T11:20:00+05:30,2026-01-23T11:28:00+05:30,25261.05,25276.00,-14.95,8m0s,"1m PUT entry: EMA6(2527093) EMA9(2527329) < MA21(2527547), close=2526105","1m PUT exit: EMA6(2527207) crossed above EMA9(2527164), close=2527600"
2035,PUT,2026-01-23T11:32:00+05:30,2026-01-23T11:59:00+05:30,25269.55,25215.20,54.35,27m0s,"1m PUT re-entry: EMA6(2527129) EMA9(2527145) < MA21(2527357), close=2526955","1m PUT exit: EMA6(2521044) crossed above EMA9(2521010), close=2521520"
2036,CALL,2026-01-23T12:00:00+05:30,2026-01-23T12:01:00+05:30,25209.75,25204.95,-4.80,1m0s,"1m CALL entry: EMA6(2521025) EMA9(2521003) > MA21(2520980), close=2520975","1m CALL exit: EMA6(2520873) crossed below EMA9(2520901), close=2520495"
2037,PUT,2026-01-23T12:02:00+05:30,2026-01-23T12:03:00+05:30,25200.45,25217.70,-17.25,1m0s,"1m PUT entry: EMA6(2520637) EMA9(2520730) < MA21(2520825), close=2520045","1m PUT exit: EMA6(2520960) crossed above EMA9(2520938), close=2521770"
2038,PUT,2026-01-23T12:07:00+05:30,2026-01-23T12:16:00+05:30,25189.50,25207.40,-17.90,9m0s,"1m PUT entry: EMA6(2520269) EMA9(2520475) < MA21(2520668), close=2518950","1m PUT exit: EMA6(2519573) crossed above EMA9(2519562), close=2520740"
2039,CALL,2026-01-23T12:19:00+05:30,2026-01-23T12:26:00+05:30,25219.60,25198.70,-20.90,7m0s,"1m CALL entry: EMA6(2520629) EMA9(2520356) > MA21(2520135), close=2521960","1m CALL exit: EMA6(2520418) crossed below EMA9(2520467), close=2519870"
2040,CALL,2026-01-23T12:28:00+05:30,2026-01-23T12:31:00+05:30,25215.20,25200.95,-14.25,3m0s,"1m CALL re-entry: EMA6(2520710) EMA9(2520652) > MA21(2520154), close=2521520","1m CALL exit: EMA6(2520474) crossed below EMA9(2520508), close=2520095"
2041,CALL,2026-01-23T12:32:00+05:30,2026-01-23T12:49:00+05:30,25209.40,25210.75,1.35,17m0s,"1m CALL re-entry: EMA6(2520607) EMA9(2520594) > MA21(2520432), close=2520940","1m CALL exit: EMA6(2521869) crossed below EMA9(2521940), close=2521075"
2042,PUT,2026-01-23T12:51:00+05:30,2026-01-23T12:54:00+05:30,25208.20,25229.10,-20.90,3m0s,"1m PUT entry: EMA6(2521352) EMA9(2521534) < MA21(2521585), close=2520820","1m PUT exit: EMA6(2521775) crossed above EMA9(2521732), close=2522910"
2043,PUT,2026-01-23T12:57:00+05:30,2026-01-23T13:54:00+05:30,25212.55,25063.70,148.85,57m0s,"1m PUT entry: EMA6(2521773) EMA9(2521774) < MA21(2521855), close=2521255","1m PUT exit: EMA6(2506044) crossed above EMA9(2506034), close=2506370"
2044,PUT,2026-01-23T13:55:00+05:30,2026-01-23T13:56:00+05:30,25054.00,25065.30,-11.30,1m0s,"1m PUT re-entry: EMA6(2505860) EMA9(2505907) < MA21(2506060), close=2505400","1m PUT exit: EMA6(2506051) crossed above EMA9(2506032), close=2506530"
2045,PUT,2026-01-23T13:57:00+05:30,2026-01-23T14:03:00+05:30,25049.50,25065.20,-15.70,6m0s,"1m PUT entry: EMA6(2505737) EMA9(2505815) < MA21(2505964), close=2504950","1m PUT exit: EMA6(2505916) crossed above EMA9(2505848), close=2506520"
2046,PUT,2026-01-23T14:21:00+05:30,2026-01-23T14:27:00+05:30,25046.95,25080.10,-33.15,6m0s,"1m PUT entry: EMA6(2505924) EMA9(2506149) < MA21(2506382), close=2504695","1m PUT exit: EMA6(2506295) crossed above EMA9(2506128), close=2508010"
2047,CALL,2026-01-23T14:28:00+05:30,2026-01-23T14:46:00+05:30,25071.60,25084.50,12.90,18m0s,"1m CALL entry: EMA6(2506542) EMA9(2506334) > MA21(2506310), close=2507160","1m CALL exit: EMA6(2508741) crossed below EMA9(2508749), close=2508450"
2048,PUT,2026-01-23T14:48:00+05:30,2026-01-23T14:55:00+05:30,25065.25,25096.00,-30.75,7m0s,"1m PUT entry: EMA6(2507969) EMA9(2508194) < MA21(2508375), close=2506525","1m PUT exit: EMA6(2508197) crossed above EMA9(2508058), close=2509600"
2049,CALL,2026-01-23T14:56:00+05:30,2026-01-23T15:00:00+05:30,25097.50,25071.15,-26.35,4m0s,"1m CALL entry: EMA6(2508641) EMA9(2508396) > MA21(2508281), close=2509750","1m CALL exit: EMA6(2508526) crossed below EMA9(2508526), close=2507115"
2050,PUT,2026-01-23T15:01:00+05:30,2026-01-23T15:25:00+05:30,25065.00,25049.65,15.35,24m0s,"1m PUT entry: EMA6(2507947) EMA9(2508121) < MA21(2508304), close=2506500","1m PUT exit: EMA6(2504465) crossed above EMA9(2504413), close=2504965"
2051,CALL,2026-01-23T15:26:00+05:30,2026-01-23T15:29:00+05:30,25049.10,25064.75,15.65,3m0s,"1m CALL entry: EMA6(2504592) EMA9(2504513) > MA21(2504405), close=2504910",end of day (15:29 close)
2052,PUT,2026-01-27T09:19:00+05:30,2026-01-27T09:33:00+05:30,25009.95,24989.85,20.10,14m0s,"1m PUT entry: EMA6(2503591) EMA9(2504097) < MA21(2504667), close=2500995","1m PUT exit: EMA6(2496787) crossed above EMA9(2496763), close=2498985"
2053,CALL,2026-01-27T09:36:00+05:30,2026-01-27T09:56:00+05:30,25015.55,25109.30,93.75,20m0s,"1m CALL entry: EMA6(2499540) EMA9(2498848) > MA21(2497921), close=2501555","1m CALL exit: EMA6(2513119) crossed below EMA9(2513213), close=2510930"
2054,PUT,2026-01-27T09:58:00+05:30,2026-01-27T10:01:00+05:30,25107.25,25151.40,-44.15,3m0s,"1m PUT entry: EMA6(2512183) EMA9(2512503) < MA21(2512580), close=2510725","1m PUT exit: EMA6(2513206) crossed above EMA9(2513060), close=2515140"
2055,PUT,2026-01-27T10:06:00+05:30,2026-01-27T10:14:00+05:30,25102.85,25128.45,-25.60,8m0s,"1m PUT re-entry: EMA6(2512289) EMA9(2512519) < MA21(2513419), close=2510285","1m PUT exit: EMA6(2511333) crossed above EMA9(2511249), close=2512845"
2056,CALL,2026-01-27T10:16:00+05:30,2026-01-27T10:28:00+05:30,25145.40,25139.55,-5.85,12m0s,"1m CALL entry: EMA6(2512582) EMA9(2512182) > MA21(2511785), close=2514540","1m CALL exit: EMA6(2515539) crossed below EMA9(2515602), close=2513955"
2057,PUT,2026-01-27T10:30:00+05:30,2026-01-27T11:04:00+05:30,25123.85,25011.05,112.80,34m0s,"1m PUT entry: EMA6(2513869) EMA9(2514346) < MA21(2514443), close=2512385","1m PUT exit: EMA6(2499997) crossed above EMA9(2499981), close=2501105"
2058,CALL,2026-01-27T11:08:00+05:30,2026-01-27T11:50:00+05:30,25009.60,25103.25,93.65,42m0s,"1m CALL entry: EMA6(2500403) EMA9(2500311) > MA21(2500233), close=2500960","1m CALL exit: EMA6(2511945) crossed below EMA9(2511968), close=2510325"
2059,PUT,2026-01-27T11:54:00+05:30,2026-01-27T12:02:00+05:30,25086.75,25116.50,-29.75,8m0s,"1m PUT entry: EMA6(2510171) EMA9(2510589) < MA21(2510685), close=2508675","1m PUT exit: EMA6(2510673) crossed above EMA9(2510574), close=2511650"
2060,CALL,2026-01-27T12:05:00+05:30,2026-01-27T12:16:00+05:30,25122.50,25114.65,-7.85,11m0s,"1m CALL entry: EMA6(2511591) EMA9(2511335) > MA21(2511208), close=2512250","1m CALL exit: EMA6(2511968) crossed below EMA9(2511969), close=2511465"
2061,PUT,2026-01-27T12:18:00+05:30,2026-01-27T12:23:00+05:30,25103.95,25122.55,-18.60,5m0s,"1m PUT entry: EMA6(2511496) EMA9(2511637) < MA21(2511678), close=2510395","1m PUT exit: EMA6(2511495) crossed above EMA9(2511466), close=2512255"
2062,CALL,2026-01-27T12:25:00+05:30,2026-01-27T12:28:00+05:30,25134.20,25110.80,-23.40,3m0s,"1m CALL entry: EMA6(2512303) EMA9(2512064) > MA21(2511849), close=2513420","1m CALL exit: EMA6(2511739) crossed below EMA9(2511762), close=2511080"
2063,CALL,2026-01-27T12:54:00+05:30,2026-01-27T13:01:00+05:30,25094.30,25076.35,-17.95,7m0s,"1m CALL entry: EMA6(2508437) EMA9(2508247) > MA21(2508238), close=2509430","1m CALL exit: EMA6(2508473) crossed below EMA9(2508496), close=2507635"
2064,PUT,2026-01-27T13:03:00+05:30,2026-01-27T13:08:00+05:30,25070.80,25089.85,-19.05,5m0s,"1m PUT entry: EMA6(2507851) EMA9(2508033) < MA21(2508083), close=2507080","1m PUT exit: EMA6(2508211) crossed above EMA9(2508168), close=2508985"
2065,PUT,2026-01-27T13:10:00+05:30,2026-01-27T13:13:00+05:30,25078.60,25085.35,-6.75,3m0s,"1m PUT entry: EMA6(2508264) EMA9(2508233) < MA21(2508301), close=2507860","1m PUT exit: EMA6(2508207) crossed above EMA9(2508186), close=2508535"
2066,CALL,2026-01-27T13:15:00+05:30,2026-01-27T13:35:00+05:30,25088.55,25095.50,6.95,20m0s,"1m CALL entry: EMA6(2508532) EMA9(2508433) > MA21(2508329), close=2508855","1m CALL exit: EMA6(2510790) crossed below EMA9(2510794), close=2509550"
2067,PUT,2026-01-27T13:37:00+05:30,2026-01-27T13:58:00+05:30,25082.75,25053.10,29.65,21m0s,"1m PUT entry: EMA6(2509572) EMA9(2509898) < MA21(2510072), close=2508275","1m PUT exit: EMA6(2504873) crossed above EMA9(2504863), close=2505310"
2068,CALL,2026-01-27T14:01:00+05:30,2026-01-27T14:16:00+05:30,25049.25,25024.65,-24.60,15m0s,"1m CALL entry: EMA6(2504767) EMA9(2504784) > MA21(2504743), close=2504925","1m CALL exit: EMA6(2503405) crossed below EMA9(2503458), close=2502465"
2069,PUT,2026-01-27T14:23:00+05:30,2026-01-27T14:29:00+05:30,25018.65,25032.65,-14.00,6m0s,"1m PUT entry: EMA6(2502609) EMA9(2502764) < MA21(2502934), close=2501865","1m PUT exit: EMA6(2502813) crossed above EMA9(2502769), close=2503265"
2070,CALL,2026-01-27T14:31:00+05:30,2026-01-27T15:01:00+05:30,25042.95,25120.10,77.15,30m0s,"1m CALL entry: EMA6(2503496) EMA9(2503285) > MA21(2503172), close=2504295","1m CALL exit: EMA6(2512713) crossed below EMA9(2512725), close=2512010"
2071,CALL,2026-01-27T15:02:00+05:30,2026-01-27T15:29:00+05:30,25133.00,25234.10,101.10,27m0s,"1m CALL re-entry: EMA6(2512881) EMA9(2512840) > MA21(2512162), close=2513300",end of day (15:29 close)
2072,PUT,2026-01-28T09:35:00+05:30,2026-01-28T09:59:00+05:30,25313.10,25303.70,9.40,24m0s,"1m PUT entry: EMA6(2532577) EMA9(2532910) < MA21(2533625), close=2531310","1m PUT exit: EMA6(2529180) crossed above EMA9(2529086), close=2530370"
2073,CALL,2026-01-28T10:00:00+05:30,2026-01-28T10:03:00+05:30,25304.45,25282.80,-21.65,3m0s,"1m CALL entry: EMA6(2529542) EMA9(2529358) > MA21(2529256), close=2530445","1m CALL exit: EMA6(2529215) crossed below EMA9(2529225), close=2528280"
2074,PUT,2026-01-28T10:07:00+05:30,2026-01-28T10:21:00+05:30,25276.05,25260.65,15.40,14m0s,"1m PUT entry: EMA6(2528547) EMA9(2528731) < MA21(2528913), close=2527605","1m PUT exit: EMA6(2525680) crossed above EMA9(2525638), close=2526065"
2075,CALL,2026-01-28T10:24:00+05:30,2026-01-28T10:29:00+05:30,25274.85,25246.50,-28.35,5m0s,"1m CALL entry: EMA6(2526637) EMA9(2526370) > MA21(2526071), close=2527485","1m CALL exit: EMA6(2526132) crossed below EMA9(2526239), close=2524650"
2076,PUT,2026-01-28T10:31:00+05:30,2026-01-28T10:35:00+05:30,25244.20,25267.20,-23.00,4m0s,"1m PUT entry: EMA6(2525209) EMA9(2525518) < MA21(2525641), close=2524420","1m PUT exit: EMA6(2525599) crossed above EMA9(2525575), close=2526720"
2077,CALL,2026-01-28T10:37:00+05:30,2026-01-28T10:48:00+05:30,25281.65,25267.75,-13.90,11m0s,"1m CALL entry: EMA6(2526526) EMA9(2526249) > MA21(2525991), close=2528165","1m CALL exit: EMA6(2527742) crossed below EMA9(2527818), close=2526775"
2078,CALL,2026-01-28T10:50:00+05:30,2026-01-28T11:18:00+05:30,25289.95,25314.05,24.10,28m0s,"1m CALL re-entry: EMA6(2528176) EMA9(2528101) > MA21(2527373), close=2528995","1m CALL exit: EMA6(2531922) crossed below EMA9(2531940), close=2531405"
2079,CALL,2026-01-28T11:19:00+05:30,2026-01-28T11:35:00+05:30,25322.55,25328.80,6.25,16m0s,"1m CALL re-entry: EMA6(2532017) EMA9(2532003) > MA21(2531639), close=2532255","1m CALL exit: EMA6(2533465) crossed below EMA9(2533467), close=2532880"
2080,PUT,2026-01-28T11:37:00+05:30,2026-01-28T11:49:00+05:30,25318.20,25316.50,1.70,12m0s,"1m PUT entry: EMA6(2532848) EMA9(2533022) < MA21(2533052), close=2531820","1m PUT exit: EMA6(2531002) crossed above EMA9(2530943), close=2531650"
2081,CALL,2026-01-28T11:53:00+05:30,2026-01-28T12:10:00+05:30,25312.85,25311.00,-1.85,17m0s,"1m CALL entry: EMA6(2531432) EMA9(2531319) > MA21(2531265), close=2531285","1m CALL exit: EMA6(2532198) crossed below EMA9(2532309), close=2531100"
2082,PUT,2026-01-28T12:12:00+05:30,2026-01-28T13:11:00+05:30,25314.55,25267.20,47.35,59m0s,"1m PUT entry: EMA6(2531886) EMA9(2532043) < MA21(2532155), close=2531455","1m PUT exit: EMA6(2526344) crossed above EMA9(2526311), close=2526720"
2083,CALL,2026-01-28T13:12:00+05:30,2026-01-28T13:21:00+05:30,25265.25,25257.95,-7.30,9m0s,"1m CALL entry: EMA6(2526396) EMA9(2526354) > MA21(2526351), close=2526525","1m CALL exit: EMA6(2527187) crossed below EMA9(2527287), close=2525795"
2084,PUT,2026-01-28T13:22:00+05:30,2026-01-28T13:54:00+05:30,25233.95,25218.85,15.10,32m0s,"1m PUT entry: EMA6(2526104) EMA9(2526509) < MA21(2526805), close=2523395","1m PUT exit: EMA6(2520797) crossed above EMA9(2520771), close=2521885"
2085,CALL,2026-01-28T13:58:00+05:30,2026-01-28T14:09:00+05:30,25230.05,25223.80,-6.25,11m0s,"1m CALL entry: EMA6(2522035) EMA9(2521752) > MA21(2521475), close=2523005","1m CALL exit: EMA6(2522767) crossed below EMA9(2522774), close=2522380"
2086,CALL,2026-01-28T14:10:00+05:30,2026-01-28T14:11:00+05:30,25228.90,25220.20,-8.70,1m0s,"1m CALL re-entry: EMA6(2522802) EMA9(2522798) > MA21(2522274), close=2522890","1m CALL exit: EMA6(2522579) crossed below EMA9(2522642), close=2522020"
2087,PUT,2026-01-28T14:12:00+05:30,2026-01-28T14:20:00+05:30,25210.70,25226.95,-16.25,8m0s,"1m PUT entry: EMA6(2522148) EMA9(2522328) < MA21(2522488), close=2521070","1m PUT exit: EMA6(2522012) crossed above EMA9(2521949), close=2522695"
2088,CALL,2026-01-28T14:26:00+05:30,2026-01-28T15:29:00+05:30,25220.65,25348.05,127.40,1h3m0s,"1m CALL entry: EMA6(2522047) EMA9(2522031) > MA21(2522018), close=2522065",end of day (15:29 close)
2089,PUT,2026-01-29T09:52:00+05:30,2026-01-29T10:09:00+05:30,25212.00,25190.70,21.30,17m0s,"1m PUT re-entry: EMA6(2522446) EMA9(2522565) < MA21(2523356), close=2521200","1m PUT exit: EMA6(2518682) crossed above EMA9(2518665), close=2519070"
2090,PUT,2026-01-29T10:10:00+05:30,2026-01-29T10:12:00+05:30,25180.10,25198.50,-18.40,2m0s,"1m PUT re-entry: EMA6(2518490) EMA9(2518534) < MA21(2518920), close=2518010","1m PUT exit: EMA6(2518943) crossed above EMA9(2518841), close=2519850"
2091,CALL,2026-01-29T10:24:00+05:30,2026-01-29T10:25:00+05:30,25213.30,25189.60,-23.70,1m0s,"1m CALL entry: EMA6(2520071) EMA9(2520051) > MA21(2519772), close=2521330","1m CALL exit: EMA6(2519753) crossed below EMA9(2519833), close=2518960"
2092,CALL,2026-01-29T10:26:00+05:30,2026-01-29T10:39:00+05:30,25203.80,25186.40,-17.40,13m0s,"1m CALL entry: EMA6(2519932) EMA9(2519942) > MA21(2519859), close=2520380","1m CALL exit: EMA6(2520387) crossed below EMA9(2520401), close=2518640"
2093,PUT,2026-01-29T10:41:00+05:30,2026-01-29T10:51:00+05:30,25179.25,25199.75,-20.50,10m0s,"1m PUT entry: EMA6(2519144) EMA9(2519481) < MA21(2519692), close=2517925","1m PUT exit: EMA6(2519441) crossed above EMA9(2519397), close=2519975"
2094,CALL,2026-01-29T10:53:00+05:30,2026-01-29T11:28:00+05:30,25224.80,25268.35,43.55,35m0s,"1m CALL entry: EMA6(2520692) EMA9(2520321) > MA21(2519937), close=2522480","1m CALL exit: EMA6(2527264) crossed below EMA9(2527289), close=2526835"
2095,CALL,2026-01-29T11:29:00+05:30,2026-01-29T11:34:00+05:30,25278.40,25262.80,-15.60,5m0s,"1m CALL re-entry: EMA6(2527428) EMA9(2527399) > MA21(2526758), close=2527840","1m CALL exit: EMA6(2527391) crossed below EMA9(2527486), close=2526280"
2096,PUT,2026-01-29T11:35:00+05:30,2026-01-29T11:43:00+05:30,25258.90,25275.00,-16.10,8m0s,"1m PUT entry: EMA6(2526962) EMA9(2527167) < MA21(2527449), close=2525890","1m PUT exit: EMA6(2526569) crossed above EMA9(2526543), close=2527500"
2097,PUT,2026-01-29T11:45:00+05:30,2026-01-29T11:50:00+05:30,25251.95,25270.95,-19.00,5m0s,"1m PUT re-entry: EMA6(2526253) EMA9(2526337) < MA21(2526795), close=2525195","1m PUT exit: EMA6(2526477) crossed above EMA9(2526428), close=2527095"
2098,PUT,2026-01-29T11:51:00+05:30,2026-01-29T11:59:00+05:30,25255.55,25258.80,-3.25,8m0s,"1m PUT re-entry: EMA6(2526213) EMA9(2526253) < MA21(2526425), close=2525555","1m PUT exit: EMA6(2525627) crossed above EMA9(2525624), close=2525880"
2099,CALL,2026-01-29T12:03:00+05:30,2026-01-29T12:19:00+05:30,25264.55,25271.35,6.80,16m0s,"1m CALL entry: EMA6(2526036) EMA9(2525937) > MA21(2525904), close=2526455","1m CALL exit: EMA6(2527262) crossed below EMA9(2527271), close=2527135"
2100,CALL,2026-01-29T12:21:00+05:30,2026-01-29T12:40:00+05:30,25281.75,25288.55,6.80,19m0s,"1m CALL entry: EMA6(2527327) EMA9(2527297) > MA21(2527115), close=2528175","1m CALL exit: EMA6(2529098) crossed below EMA9(2529125), close=2528855"
2101,CALL,2026-01-29T12:43:00+05:30,2026-01-29T12:44:00+05:30,25293.35,25282.50,-10.85,1m0s,"1m CALL re-entry: EMA6(2529158) EMA9(2529151) > MA21(2529013), close=2529335","1m CALL exit: EMA6(2528899) crossed below EMA9(2528971), close=2528250"
2102,CALL,2026-01-29T12:47:00+05:30,2026-01-29T13:18:00+05:30,25308.10,25337.65,29.55,31m0s,"1m CALL entry: EMA6(2529387) EMA9(2529267) > MA21(2529165), close=2530810","1m CALL exit: EMA6(2534898) crossed below EMA9(2534997), close=2533765"
2103,PUT,2026-01-29T13:19:00+05:30,2026-01-29T13:27:00+05:30,25338.30,25347.95,-9.65,8m0s,"1m PUT entry: EMA6(2534593) EMA9(2534763) < MA21(2534820), close=2533830","1m PUT exit: EMA6(2534526) crossed above EMA9(2534524), close=2534795"
2104,PUT,2026-01-29T13:28:00+05:30,2026-01-29T13:31:00+05:30,25337.75,25350.10,-12.35,3m0s,"1m PUT re-entry: EMA6(2534311) EMA9(2534374) < MA21(2534835), close=2533775","1m PUT exit: EMA6(2534527) crossed above EMA9(2534487), close=2535010"
2105,CALL,2026-01-29T13:32:00+05:30,2026-01-29T14:05:00+05:30,25361.00,25408.05,47.05,33m0s,"1m CALL entry: EMA6(2534977) EMA9(2534810) > MA21(2534635), close=2536100","1m CALL exit: EMA6(2542091) crossed below EMA9(2542206), close=2540805"
2106,PUT,2026-01-29T14:06:00+05:30,2026-01-29T14:13:00+05:30,25406.30,25416.95,-10.65,7m0s,"1m PUT entry: EMA6(2541673) EMA9(2541891) < MA21(2542079), close=2540630","1m PUT exit: EMA6(2540965) crossed above EMA9(2540939), close=2541695"
2107,PUT,2026-01-29T14:19:00+05:30,2026-01-29T14:25:00+05:30,25401.85,25413.65,-11.80,6m0s,"1m PUT re-entry: EMA6(2540967) EMA9(2540991) < MA21(2541290), close=2540185","1m PUT exit: EMA6(2540798) crossed above EMA9(2540768), close=2541365"
2108,PUT,2026-01-29T14:57:00+05:30,2026-01-29T15:16:00+05:30,25433.15,25424.40,8.75,19m0s,"1m PUT entry: EMA6(2543972) EMA9(2544101) < MA21(2544159), close=2543315","1m PUT exit: EMA6(2542005) crossed above EMA9(2541995), close=2542440"
2109,PUT,2026-01-29T15:17:00+05:30,2026-01-29T15:23:00+05:30,25415.05,25422.35,-7.30,6m0s,"1m PUT re-entry: EMA6(2541862) EMA9(2541897) < MA21(2542109), close=2541505","1m PUT exit: EMA6(2541883) crossed above EMA9(2541868), close=2542235"
2110,PUT,2026-01-29T15:24:00+05:30,2026-01-29T15:29:00+05:30,25412.45,25422.10,-9.65,5m0s,"1m PUT entry: EMA6(2541701) EMA9(2541744) < MA21(2541805), close=2541245",end of day (15:29 close)
2111,PUT,2026-01-30T09:58:00+05:30,2026-01-30T10:01:00+05:30,25293.00,25309.30,-16.30,3m0s,"1m PUT entry: EMA6(2529446) EMA9(2529600) < MA21(2529627), close=2529300","1m PUT exit: EMA6(2529582) crossed above EMA9(2529581), close=2530930"
2112,CALL,2026-01-30T10:02:00+05:30,2026-01-30T10:05:00+05:30,25307.65,25279.10,-28.55,3m0s,"1m CALL entry: EMA6(2529920) EMA9(2529817) > MA21(2529721), close=2530765","1m CALL exit: EMA6(2529281) crossed below EMA9(2529429), close=2527910"
2113,CALL,2026-01-30T10:14:00+05:30,2026-01-30T10:21:00+05:30,25314.30,25291.80,-22.50,7m0s,"1m CALL entry: EMA6(2529802) EMA9(2529521) > MA21(2529269), close=2531430","1m CALL exit: EMA6(2529985) crossed below EMA9(2530049), close=2529180"
2114,PUT,2026-01-30T10:23:00+05:30,2026-01-30T10:32:00+05:30,25280.00,25297.55,-17.55,9m0s,"1m PUT entry: EMA6(2529118) EMA9(2529394) < MA21(2529443), close=2528000","1m PUT exit: EMA6(2528599) crossed above EMA9(2528528), close=2529755"
2115,CALL,2026-01-30T10:38:00+05:30,2026-01-30T10:50:00+05:30,25292.40,25292.20,-0.20,12m0s,"1m CALL entry: EMA6(2528950) EMA9(2528871) > MA21(2528721), close=2529240","1m CALL exit: EMA6(2529987) crossed below EMA9(2530003), close=2529220"
2116,PUT,2026-01-30T10:52:00+05:30,2026-01-30T10:55:00+05:30,25292.35,25304.35,-12.00,3m0s,"1m PUT entry: EMA6(2529585) EMA9(2529700) < MA21(2529724), close=2529235","1m PUT exit: EMA6(2529809) crossed above EMA9(2529796), close=2530435"
2117,PUT,2026-01-30T10:56:00+05:30,2026-01-30T11:25:00+05:30,25298.95,25277.20,21.75,29m0s,"1m PUT entry: EMA6(2529834) EMA9(2529816) < MA21(2529837), close=2529895","1m PUT exit: EMA6(2526204) crossed above EMA9(2526064), close=2527720"
2118,CALL,2026-01-30T11:26:00+05:30,2026-01-30T11:30:00+05:30,25278.85,25257.45,-21.40,4m0s,"1m CALL entry: EMA6(2526684) EMA9(2526428) > MA21(2526179), close=2527885","1m CALL exit: EMA6(2526392) crossed below EMA9(2526397), close=2525745"
2119,PUT,2026-01-30T11:33:00+05:30,2026-01-30T11:39:00+05:30,25240.10,25274.05,-33.95,6m0s,"1m PUT entry: EMA6(2525272) EMA9(2525556) < MA21(2525847), close=2524010","1m PUT exit: EMA6(2525955) crossed above EMA9(2525791), close=2527405"
2120,CALL,2026-01-30T11:40:00+05:30,2026-01-30T11:48:00+05:30,25276.15,25258.75,-17.40,8m0s,"1m CALL entry: EMA6(2526430) EMA9(2526156) > MA21(2525921), close=2527615","1m CALL exit: EMA6(2526425) crossed below EMA9(2526484), close=2525875"
2121,CALL,2026-01-30T11:51:00+05:30,2026-01-30T11:58:00+05:30,25270.70,25259.80,-10.90,7m0s,"1m CALL re-entry: EMA6(2526624) EMA9(2526592) > MA21(2526173), close=2527070","1m CALL exit: EMA6(2527092) crossed below EMA9(2527199), close=2525980"
2122,PUT,2026-01-30T11:59:00+05:30,2026-01-30T12:08:00+05:30,25261.40,25267.55,-6.15,9m0s,"1m PUT entry: EMA6(2526820) EMA9(2526987) < MA21(2527172), close=2526140","1m PUT exit: EMA6(2526307) crossed above EMA9(2526284), close=2526755"
2123,CALL,2026-01-30T12:11:00+05:30,2026-01-30T12:35:00+05:30,25277.00,25285.10,8.10,24m0s,"1m CALL entry: EMA6(2527036) EMA9(2526841) > MA21(2526826), close=2527700","1m CALL exit: EMA6(2529503) crossed below EMA9(2529581), close=2528510"
2124,PUT,2026-01-30T12:36:00+05:30,2026-01-30T12:42:00+05:30,25286.30,25303.40,-17.10,6m0s,"1m PUT entry: EMA6(2529253) EMA9(2529391) < MA21(2529415), close=2528630","1m PUT exit: EMA6(2529691) crossed above EMA9(2529639), close=2530340"
2125,CALL,2026-01-30T12:43:00+05:30,2026-01-30T12:46:00+05:30,25307.45,25291.80,-15.65,3m0s,"1m CALL entry: EMA6(2529992) EMA9(2529860) > MA21(2529813), close=2530745","1m CALL exit: EMA6(2529577) crossed below EMA9(2529610), close=2529180"
2126,CALL,2026-01-30T12:54:00+05:30,2026-01-30T12:55:00+05:30,25298.20,25292.70,-5.50,1m0s,"1m CALL entry: EMA6(2529491) EMA9(2529483) > MA21(2529481), close=2529820","1m CALL exit: EMA6(2529428) crossed below EMA9(2529440), close=2529270"
2127,PUT,2026-01-30T13:00:00+05:30,2026-01-30T13:31:00+05:30,25287.35,25239.75,47.60,31m0s,"1m PUT entry: EMA6(2529335) EMA9(2529360) < MA21(2529484), close=2528735","1m PUT exit: EMA6(2523576) crossed above EMA9(2523546), close=2523975"
2128,CALL,2026-01-30T13:32:00+05:30,2026-01-30T14:18:00+05:30,25252.80,25347.35,94.55,46m0s,"1m CALL entry: EMA6(2524063) EMA9(2523893) > MA21(2523678), close=2525280","1m CALL exit: EMA6(2535024) crossed below EMA9(2535039), close=2534735"
2129,CALL,2026-01-30T14:19:00+05:30,2026-01-30T14:22:00+05:30,25353.15,25347.10,-6.05,3m0s,"1m CALL re-entry: EMA6(2535107) EMA9(2535094) > MA21(2534970), close=2535315","1m CALL exit: EMA6(2535068) crossed below EMA9(2535085), close=2534710"
2130,CALL,2026-01-30T14:40:00+05:30,2026-01-30T14:42:00+05:30,25349.05,25324.50,-24.55,2m0s,"1m CALL entry: EMA6(2534148) EMA9(2533966) > MA21(2533874), close=2534905","1m CALL exit: EMA6(2533667) crossed below EMA9(2533695), close=2532450"
2131,PUT,2026-01-30T14:43:00+05:30,2026-01-30T14:48:00+05:30,25304.75,25336.80,-32.05,5m0s,"1m PUT entry: EMA6(2532755) EMA9(2533051) < MA21(2533479), close=2530475","1m PUT exit: EMA6(2532829) crossed above EMA9(2532797), close=2533680"
2132,CALL,2026-01-30T14:49:00+05:30,2026-01-30T15:00:00+05:30,25348.30,25318.55,-29.75,11m0s,"1m CALL entry: EMA6(2533401) EMA9(2533203) > MA21(2533115), close=2534830","1m CALL exit: EMA6(2534258) crossed below EMA9(2534394), close=2531855"
2133,PUT,2026-01-30T15:01:00+05:30,2026-01-30T15:11:00+05:30,25294.30,25332.05,-37.75,10m0s,"1m PUT entry: EMA6(2532878) EMA9(2533401) < MA21(2533646), close=2529430","1m PUT exit: EMA6(2532386) crossed above EMA9(2532331), close=2533205"
2134,PUT,2026-01-30T15:14:00+05:30,2026-01-30T15:15:00+05:30,25319.70,25338.10,-18.40,1m0s,"1m PUT re-entry: EMA6(2532318) EMA9(2532318) < MA21(2532754), close=2531970","1m PUT exit: EMA6(2532744) crossed above EMA9(2532617), close=2533810"
2135,CALL,2026-01-30T15:16:00+05:30,2026-01-30T15:21:00+05:30,25343.90,25319.25,-24.65,5m0s,"1m CALL entry: EMA6(2533214) EMA9(2532971) > MA21(2532683), close=2534390","1m CALL exit: EMA6(2532601) crossed below EMA9(2532670), close=2531925"
2136,PUT,2026-01-30T15:23:00+05:30,2026-01-30T15:28:00+05:30,25318.05,25325.60,-7.55,5m0s,"1m PUT entry: EMA6(2532142) EMA9(2532305) < MA21(2532339), close=2531805","1m PUT exit: EMA6(2532294) crossed above EMA9(2532287), close=2532560"
2137,CALL,2026-02-01T09:28:00+05:30,2026-02-01T09:51:00+05:30,25318.60,25312.45,-6.15,23m0s,"1m CALL entry: EMA6(2530699) EMA9(2530392) > MA21(2530187), close=2531860","1m CALL exit: EMA6(2532076) crossed below EMA9(2532172), close=2531245"
2138,CALL,2026-02-01T09:56:00+05:30,2026-02-01T10:02:00+05:30,25324.90,25319.10,-5.80,6m0s,"1m CALL re-entry: EMA6(2532172) EMA9(2532171) > MA21(2532100), close=2532490","1m CALL exit: EMA6(2532267) crossed below EMA9(2532282), close=2531910"
2139,CALL,2026-02-01T10:06:00+05:30,2026-02-01T10:32:00+05:30,25332.15,25361.45,29.30,26m0s,"1m CALL entry: EMA6(2532738) EMA9(2532633) > MA21(2532469), close=2533215","1m CALL exit: EMA6(2536371) crossed below EMA9(2536385), close=2536145"
2140,CALL,2026-02-01T10:33:00+05:30,2026-02-01T10:43:00+05:30,25371.05,25368.85,-2.20,10m0s,"1m CALL re-entry: EMA6(2536581) EMA9(2536529) > MA21(2536065), close=2537105","1m CALL exit: EMA6(2537362) crossed below EMA9(2537403), close=2536885"
2141,PUT,2026-02-01T10:46:00+05:30,2026-02-01T10:54:00+05:30,25367.25,25375.15,-7.90,8m0s,"1m PUT entry: EMA6(2537159) EMA9(2537236) < MA21(2537256), close=2536725","1m PUT exit: EMA6(2537119) crossed above EMA9(2537092), close=2537515"
2142,CALL,2026-02-01T10:57:00+05:30,2026-02-01T11:02:00+05:30,25379.00,25357.40,-21.60,5m0s,"1m CALL entry: EMA6(2537411) EMA9(2537317) > MA21(2537292), close=2537900","1m CALL exit: EMA6(2537237) crossed below EMA9(2537326), close=2535740"
2143,PUT,2026-02-01T11:03:00+05:30,2026-02-01T11:07:00+05:30,25354.65,25382.50,-27.85,4m0s,"1m PUT entry: EMA6(2536731) EMA9(2536953) < MA21(2537132), close=2535465","1m PUT exit: EMA6(2537218) crossed above EMA9(2537166), close=2538250"
2144,PUT,2026-02-01T11:20:00+05:30,2026-02-01T11:30:00+05:30,25360.85,25400.30,-39.45,10m0s,"1m PUT entry: EMA6(2538486) EMA9(2538952) < MA21(2539103), close=2536085","1m PUT exit: EMA6(2538751) crossed above EMA9(2538628), close=2540030"
2145,PUT,2026-02-01T11:32:00+05:30,2026-02-01T11:35:00+05:30,25372.70,25388.50,-15.80,3m0s,"1m PUT re-entry: EMA6(2538334) EMA9(2538381) < MA21(2538821), close=2537270","1m PUT exit: EMA6(2538546) crossed above EMA9(2538511), close=2538850"
2146,PUT,2026-02-01T11:39:00+05:30,2026-02-01T12:07:00+05:30,25365.95,25336.10,29.85,28m0s,"1m PUT entry: EMA6(2537861) EMA9(2538037) < MA21(2538112), close=2536595","1m PUT exit: EMA6(2528877) crossed above EMA9(2528453), close=2533610"
2147,CALL,2026-02-01T12:08:00+05:30,2026-02-01T12:12:00+05:30,25347.60,25211.85,-135.75,4m0s,"1m CALL entry: EMA6(2530558) EMA9(2529715) > MA21(2529207), close=2534760","1m CALL exit: EMA6(2528594) crossed below EMA9(2529085), close=2521185"
2148,PUT,2026-02-01T12:13:00+05:30,2026-02-01T12:37:00+05:30,25252.75,24965.70,287.05,24m0s,"1m PUT entry: EMA6(2527645) EMA9(2528323) < MA21(2528691), close=2525275","1m PUT exit: EMA6(2489963) crossed above EMA9(2489888), close=2496570"
2149,CALL,2026-02-01T12:41:00+05:30,2026-02-01T13:12:00+05:30,24956.15,25081.50,125.35,31m0s,"1m CALL entry: EMA6(2495720) EMA9(2494589) > MA21(2493909), close=2495615","1m CALL exit: EMA6(2509071) crossed below EMA9(2509094), close=2508150"
2150,CALL,2026-02-01T13:13:00+05:30,2026-02-01T13:27:00+05:30,25118.35,25087.30,-31.05,14m0s,"1m CALL re-entry: EMA6(2509860) EMA9(2509642) > MA21(2508170), close=2511835","1m CALL exit: EMA6(2511271) crossed below EMA9(2511514), close=2508730"
2151,PUT,2026-02-01T13:28:00+05:30,2026-02-01T13:45:00+05:30,25096.30,25090.05,6.25,17m0s,"1m PUT entry: EMA6(2510802) EMA9(2511138) < MA21(2511235), close=2509630","1m PUT exit: EMA6(2507481) crossed above EMA9(2507399), close=2509005"
2152,CALL,2026-02-01T13:47:00+05:30,2026-02-01T14:04:00+05:30,25066.60,25030.10,-36.50,17m0s,"1m CALL entry: EMA6(2507270) EMA9(2507282) > MA21(2507216), close=2506660","1m CALL exit: EMA6(2503952) crossed below EMA9(2503953), close=2503010"
2153,PUT,2026-02-01T14:19:00+05:30,2026-02-01T14:20:00+05:30,25012.80,25029.80,-17.00,1m0s,"1m PUT re-entry: EMA6(2501458) EMA9(2501477) < MA21(2502213), close=2501280","1m PUT exit: EMA6(2501893) crossed above EMA9(2501778), close=2502980"
2154,PUT,2026-02-01T14:22:00+05:30,2026-02-01T14:25:00+05:30,25007.30,25034.55,-27.25,3m0s,"1m PUT re-entry: EMA6(2501534) EMA9(2501565) < MA21(2501731), close=2500730","1m PUT exit: EMA6(2501897) crossed above EMA9(2501778), close=2503455"
2155,PUT,2026-02-01T14:45:00+05:30,2026-02-01T15:29:00+05:30,25038.60,24768.00,270.60,44m0s,"1m PUT entry: EMA6(2504654) EMA9(2504890) < MA21(2505118), close=2503860",end of day (15:29 close)
2156,CALL,2026-02-02T09:19:00+05:30,2026-02-02T09:44:00+05:30,24806.35,24867.10,60.75,25m0s,"1m CALL entry: EMA6(2478747) EMA9(2478404) > MA21(2478341), close=2480635","1m CALL exit: EMA6(2487944) crossed below EMA9(2488051), close=2486710"
2157,CALL,2026-02-02T09:47:00+05:30,2026-02-02T09:58:00+05:30,24884.45,24872.65,-11.80,11m0s,"1m CALL re-entry: EMA6(2488221) EMA9(2488203) > MA21(2488103), close=2488445","1m CALL exit: EMA6(2490828) crossed below EMA9(2490862), close=2487265"
2158,PUT,2026-02-02T10:00:00+05:30,2026-02-02T10:19:00+05:30,24852.55,24834.10,18.45,19m0s,"1m PUT entry: EMA6(2488318) EMA9(2489015) < MA21(2489445), close=2485255","1m PUT exit: EMA6(2482382) crossed above EMA9(2482328), close=2483410"
2159,PUT,2026-02-02T10:20:00+05:30,2026-02-02T10:26:00+05:30,24815.00,24833.90,-18.90,6m0s,"1m PUT re-entry: EMA6(2482130) EMA9(2482162) < MA21(2482338), close=2481500","1m PUT exit: EMA6(2481936) crossed above EMA9(2481858), close=2483390"
2160,PUT,2026-02-02T10:46:00+05:30,2026-02-02T10:50:00+05:30,24839.65,24857.55,-17.90,4m0s,"1m PUT entry: EMA6(2484804) EMA9(2484993) < MA21(2485079), close=2483965","1m PUT exit: EMA6(2485110) crossed above EMA9(2485098), close=2485755"
2161,PUT,2026-02-02T10:53:00+05:30,2026-02-02T11:29:00+05:30,24825.70,24724.30,101.40,36m0s,"1m PUT re-entry: EMA6(2484510) EMA9(2484706) < MA21(2485310), close=2482570","1m PUT exit: EMA6(2471179) crossed above EMA9(2471062), close=2472430"
2162,CALL,2026-02-02T11:30:00+05:30,2026-02-02T12:03:00+05:30,24752.60,24864.75,112.15,33m0s,"1m CALL entry: EMA6(2472345) EMA9(2471901) > MA21(2471653), close=2475260","1m CALL exit: EMA6(2486541) crossed below EMA9(2486542), close=2486475"
2163,PUT,2026-02-02T12:11:00+05:30,2026-02-02T12:12:00+05:30,24855.55,24877.95,-22.40,1m0s,"1m PUT re-entry: EMA6(2486189) EMA9(2486249) < MA21(2486458), close=2485555","1m PUT exit: EMA6(2486648) crossed above EMA9(2486558), close=2487795"
2164,CALL,2026-02-02T12:27:00+05:30,2026-02-02T12:30:00+05:30,24897.35,24889.60,-7.75,3m0s,"1m CALL re-entry: EMA6(2489401) EMA9(2489392) > MA21(2488920), close=2489735","1m CALL exit: EMA6(2489384) crossed below EMA9(2489398), close=2488960"
2165,PUT,2026-02-02T12:31:00+05:30,2026-02-02T12:42:00+05:30,24888.35,24883.65,4.70,11m0s,"1m PUT entry: EMA6(2489227) EMA9(2489285) < MA21(2489480), close=2488835","1m PUT exit: EMA6(2488054) crossed above EMA9(2488023), close=2488365"
2166,PUT,2026-02-02T12:44:00+05:30,2026-02-02T12:48:00+05:30,24870.85,24886.65,-15.80,4m0s,"1m PUT re-entry: EMA6(2487761) EMA9(2487828) < MA21(2488272), close=2487085","1m PUT exit: EMA6(2487936) crossed above EMA9(2487888), close=2488665"
2167,CALL,2026-02-02T12:49:00+05:30,2026-02-02T13:14:00+05:30,24902.65,24935.20,32.55,25m0s,"1m CALL entry: EMA6(2488602) EMA9(2488363) > MA21(2488009), close=2490265","1m CALL exit: EMA6(2494491) crossed below EMA9(2494598), close=2493520"
2168,PUT,2026-02-02T13:16:00+05:30,2026-02-02T13:29:00+05:30,24917.70,24895.85,21.85,13m0s,"1m PUT entry: EMA6(2493388) EMA9(2493760) < MA21(2494220), close=2491770","1m PUT exit: EMA6(2488912) crossed above EMA9(2488897), close=2489585"
2169,PUT,2026-02-02T13:30:00+05:30,2026-02-02T13:37:00+05:30,24883.70,24899.15,-15.45,7m0s,"1m PUT re-entry: EMA6(2488757) EMA9(2488792) < MA21(2490276), close=2488370","1m PUT exit: EMA6(2488807) crossed above EMA9(2488698), close=2489915"
2170,PUT,2026-02-02T14:00:00+05:30,2026-02-02T14:15:00+05:30,24935.60,24952.05,-16.45,15m0s,"1m PUT entry: EMA6(2495063) EMA9(2495297) < MA21(2495580), close=2493560","1m PUT exit: EMA6(2494007) crossed above EMA9(2493953), close=2495205"
2171,PUT,2026-02-02T14:18:00+05:30,2026-02-02T14:21:00+05:30,24930.40,24947.90,-17.50,3m0s,"1m PUT re-entry: EMA6(2493753) EMA9(2493817) < MA21(2494183), close=2493040","1m PUT exit: EMA6(2494084) crossed above EMA9(2494009), close=2494790"
2172,CALL,2026-02-02T14:22:00+05:30,2026-02-02T14:34:00+05:30,24962.05,24939.10,-22.95,12m0s,"1m CALL entry: EMA6(2494690) EMA9(2494448) > MA21(2494104), close=2496205","1m CALL exit: EMA6(2495329) crossed below EMA9(2495470), close=2493910"
2173,PUT,2026-02-02T14:36:00+05:30,2026-02-02T14:42:00+05:30,24942.40,24962.85,-20.45,6m0s,"1m PUT entry: EMA6(2494916) EMA9(2495121) < MA21(2495155), close=2494240","1m PUT exit: EMA6(2495355) crossed above EMA9(2495276), close=2496285"
2174,CALL,2026-02-02T14:46:00+05:30,2026-02-02T15:24:00+05:30,24961.25,25090.50,129.25,38m0s,"1m CALL entry: EMA6(2495735) EMA9(2495607) > MA21(2495556), close=2496125","1m CALL exit: EMA6(2509179) crossed below EMA9(2509182), close=2509050"
2175,CALL,2026-02-02T15:25:00+05:30,2026-02-02T15:28:00+05:30,25095.70,25088.35,-7.35,3m0s,"1m CALL re-entry: EMA6(2509291) EMA9(2509259) > MA21(2509084), close=2509570","1m CALL exit: EMA6(2509157) crossed below EMA9(2509180), close=2508835"
2176,PUT,2026-02-03T09:35:00+05:30,2026-02-03T09:38:00+05:30,25753.45,25774.90,-21.45,3m0s,"1m PUT entry: EMA6(2576798) EMA9(2576860) < MA21(2579644), close=2575345","1m PUT exit: EMA6(2576984) crossed above EMA9(2576963), close=2577490"
2177,PUT,2026-02-03T09:40:00+05:30,2026-02-03T09:49:00+05:30,25755.50,25776.40,-20.90,9m0s,"1m PUT re-entry: EMA6(2576632) EMA9(2576728) < MA21(2579111), close=2575550","1m PUT exit: EMA6(2574060) crossed above EMA9(2573913), close=2577640"
2178,CALL,2026-02-03T09:51:00+05:30,2026-02-03T09:55:00+05:30,25781.50,25733.40,-48.10,4m0s,"1m CALL entry: EMA6(2575999) EMA9(2575388) > MA21(2575265), close=2578150","1m CALL exit: EMA6(2574706) crossed below EMA9(2574818), close=2573340"
2179,PUT,2026-02-03T09:56:00+05:30,2026-02-03T10:16:00+05:30,25732.80,25732.95,-0.15,20m0s,"1m PUT entry: EMA6(2574298) EMA9(2574510) < MA21(2574682), close=2573280","1m PUT exit: EMA6(2569619) crossed above EMA9(2569198), close=2573295"
2180,CALL,2026-02-03T10:17:00+05:30,2026-02-03T10:45:00+05:30,25738.45,25796.35,57.90,28m0s,"1m CALL entry: EMA6(2570826) EMA9(2570127) > MA21(2569672), close=2573845","1m CALL exit: EMA6(2580274) crossed below EMA9(2580315), close=2579635"
2181,PUT,2026-02-03T10:48:00+05:30,2026-02-03T10:57:00+05:30,25760.15,25777.65,-17.50,9m0s,"1m PUT entry: EMA6(2578612) EMA9(2579090) < MA21(2579712), close=2576015","1m PUT exit: EMA6(2577251) crossed above EMA9(2577238), close=2577765"
2182,CALL,2026-02-03T11:01:00+05:30,2026-02-03T11:09:00+05:30,25797.35,25778.00,-19.35,8m0s,"1m CALL entry: EMA6(2578509) EMA9(2578205) > MA21(2578061), close=2579735","1m CALL exit: EMA6(2578818) crossed below EMA9(2578876), close=2577800"
2183,PUT,2026-02-03T11:13:00+05:30,2026-02-03T11:18:00+05:30,25778.65,25789.50,-10.85,5m0s,"1m PUT entry: EMA6(2577955) EMA9(2578146) < MA21(2578354), close=2577865","1m PUT exit: EMA6(2578409) crossed above EMA9(2578361), close=2578950"
2184,PUT,2026-02-03T11:19:00+05:30,2026-02-03T11:20:00+05:30,25776.85,25784.85,-8.00,1m0s,"1m PUT re-entry: EMA6(2578202) EMA9(2578226) < MA21(2578648), close=2577685","1m PUT exit: EMA6(2578283) crossed above EMA9(2578278), close=2578485"
2185,CALL,2026-02-03T11:23:00+05:30,2026-02-03T11:47:00+05:30,25792.65,25835.30,42.65,24m0s,"1m CALL entry: EMA6(2578805) EMA9(2578670) > MA21(2578590), close=2579265","1m CALL exit: EMA6(2584650) crossed below EMA9(2584668), close=2583530"
2186,PUT,2026-02-03T11:49:00+05:30,2026-02-03T11:57:00+05:30,25833.25,25841.70,-8.45,8m0s,"1m PUT entry: EMA6(2583979) EMA9(2584167) < MA21(2584208), close=2583325","1m PUT exit: EMA6(2583861) crossed above EMA9(2583839), close=2584170"
2187,PUT,2026-02-03T12:01:00+05:30,2026-02-03T12:11:00+05:30,25834.85,25841.65,-6.80,10m0s,"1m PUT entry: EMA6(2584041) EMA9(2584032) < MA21(2584185), close=2583485","1m PUT exit: EMA6(2583179) crossed above EMA9(2583109), close=2584165"
2188,CALL,2026-02-03T12:14:00+05:30,2026-02-03T12:17:00+05:30,25836.55,25826.60,-9.95,3m0s,"1m CALL entry: EMA6(2583572) EMA9(2583446) > MA21(2583398), close=2583655","1m CALL exit: EMA6(2583211) crossed below EMA9(2583243), close=2582660"
2189,PUT,2026-02-03T12:22:00+05:30,2026-02-03T12:44:00+05:30,25824.75,25796.05,28.70,22m0s,"1m PUT entry: EMA6(2582819) EMA9(2582909) < MA21(2582941), close=2582475","1m PUT exit: EMA6(2579146) crossed above EMA9(2579127), close=2579605"
2190,PUT,2026-02-03T12:47:00+05:30,2026-02-03T12:53:00+05:30,25786.60,25793.20,-6.60,6m0s,"1m PUT entry: EMA6(2579054) EMA9(2579082) < MA21(2579110), close=2578660","1m PUT exit: EMA6(2578880) crossed above EMA9(2578867), close=2579320"
2191,CALL,2026-02-03T12:54:00+05:30,2026-02-03T13:09:00+05:30,25790.80,25791.15,0.35,15m0s,"1m CALL entry: EMA6(2578937) EMA9(2578910) > MA21(2578794), close=2579080","1m CALL exit: EMA6(2579750) crossed below EMA9(2579790), close=2579115"
2192,PUT,2026-02-03T13:12:00+05:30,2026-02-03T13:19:00+05:30,25790.60,25798.60,-8.00,7m0s,"1m PUT entry: EMA6(2579350) EMA9(2579468) < MA21(2579584), close=2579060","1m PUT exit: EMA6(2579554) crossed above EMA9(2579524), close=2579860"
2193,PUT,2026-02-03T13:21:00+05:30,2026-02-03T13:40:00+05:30,25789.95,25788.35,1.60,19m0s,"1m PUT re-entry: EMA6(2579343) EMA9(2579382) < MA21(2579638), close=2578995","1m PUT exit: EMA6(2577021) crossed above EMA9(2576842), close=2578835"
2194,CALL,2026-02-03T13:42:00+05:30,2026-02-03T13:58:00+05:30,25790.30,25772.65,-17.65,16m0s,"1m CALL entry: EMA6(2577902) EMA9(2577549) > MA21(2577305), close=2579030","1m CALL exit: EMA6(2579112) crossed below EMA9(2579327), close=2577265"
2195,PUT,2026-02-03T14:15:00+05:30,2026-02-03T14:30:00+05:30,25769.20,25781.55,-12.35,15m0s,"1m PUT re-entry: EMA6(2577583) EMA9(2577650) < MA21(2577753), close=2576920","1m PUT exit: EMA6(2577299) crossed above EMA9(2577211), close=2578155"
2196,PUT,2026-02-03T14:32:00+05:30,2026-02-03T14:37:00+05:30,25740.90,25774.65,-33.75,5m0s,"1m PUT entry: EMA6(2576358) EMA9(2576582) < MA21(2576992), close=2574090","1m PUT exit: EMA6(2576847) crossed above EMA9(2576775), close=2577465"
2197,CALL,2026-02-03T14:38:00+05:30,2026-02-03T14:40:00+05:30,25775.35,25761.65,-13.70,2m0s,"1m CALL entry: EMA6(2577043) EMA9(2576927) > MA21(2576800), close=2577535","1m CALL exit: EMA6(2576712) crossed below EMA9(2576730), close=2576165"
2198,CALL,2026-02-03T14:52:00+05:30,2026-02-03T15:00:00+05:30,25764.95,25742.25,-22.70,8m0s,"1m CALL entry: EMA6(2576134) EMA9(2576062) > MA21(2575977), close=2576495","1m CALL exit: EMA6(2576265) crossed below EMA9(2576336), close=2574225"
2199,PUT,2026-02-03T15:02:00+05:30,2026-02-03T15:15:00+05:30,25729.05,25746.50,-17.45,13m0s,"1m PUT entry: EMA6(2574959) EMA9(2575367) < MA21(2575840), close=2572905","1m PUT exit: EMA6(2573189) crossed above EMA9(2573127), close=2574650"
2200,PUT,2026-02-03T15:18:00+05:30,2026-02-03T15:19:00+05:30,25725.50,25741.30,-15.80,1m0s,"1m PUT re-entry: EMA6(2573094) EMA9(2573104) < MA21(2573318), close=2572550","1m PUT exit: EMA6(2573390) crossed above EMA9(2573309), close=2574130"
2201,CALL,2026-02-03T15:23:00+05:30,2026-02-03T15:24:00+05:30,25733.05,25730.45,-2.60,1m0s,"1m CALL re-entry: EMA6(2573218) EMA9(2573211) > MA21(2572828), close=2573305","1m CALL exit: EMA6(2573169) crossed below EMA9(2573178), close=2573045"
2202,PUT,2026-02-03T15:26:00+05:30,2026-02-03T15:29:00+05:30,25719.15,25714.80,4.35,3m0s,"1m PUT entry: EMA6(2572571) EMA9(2572736) < MA21(2572940), close=2571915",end of day (15:29 close)
2203,CALL,2026-02-04T09:23:00+05:30,2026-02-04T09:37:00+05:30,25751.30,25742.65,-8.65,14m0s,"1m CALL entry: EMA6(2573094) EMA9(2572652) > MA21(2572164), close=2575130","1m CALL exit: EMA6(2575834) crossed below EMA9(2576011), close=2574265"
2204,PUT,2026-02-04T09:39:00+05:30,2026-02-04T09:42:00+05:30,25729.75,25778.85,-49.10,3m0s,"1m PUT entry: EMA6(2574648) EMA9(2575086) < MA21(2575481), close=2572975","1m PUT exit: EMA6(2576094) crossed above EMA9(2575934), close=2577885"
2205,CALL,2026-02-04T09:43:00+05:30,2026-02-04T09:52:00+05:30,25786.45,25767.95,-18.50,9m0s,"1m CALL entry: EMA6(2576823) EMA9(2576476) > MA21(2576383), close=2578645","1m CALL exit: EMA6(2577766) crossed below EMA9(2577803), close=2576795"
2206,PUT,2026-02-04T09:56:00+05:30,2026-02-04T09:59:00+05:30,25763.45,25781.50,-18.05,3m0s,"1m PUT entry: EMA6(2576615) EMA9(2576837) < MA21(2576919), close=2576345","1m PUT exit: EMA6(2577121) crossed above EMA9(2577078), close=2578150"
2207,CALL,2026-02-04T10:05:00+05:30,2026-02-04T10:15:00+05:30,25788.30,25781.65,-6.65,10m0s,"1m CALL entry: EMA6(2577931) EMA9(2577756) > MA21(2577620), close=2578830","1m CALL exit: EMA6(2578397) crossed below EMA9(2578425), close=2578165"
2208,PUT,2026-02-04T10:17:00+05:30,2026-02-04T10:43:00+05:30,25773.50,25740.60,32.90,26m0s,"1m PUT entry: EMA6(2578023) EMA9(2578147) < MA21(2578152), close=2577350","1m PUT exit: EMA6(2573290) crossed above EMA9(2573224), close=2574060"
2209,CALL,2026-02-04T10:46:00+05:30,2026-02-04T10:57:00+05:30,25740.45,25737.55,-2.90,11m0s,"1m CALL entry: EMA6(2573617) EMA9(2573505) > MA21(2573464), close=2574045","1m CALL exit: EMA6(2574380) crossed below EMA9(2574430), close=2573755"
2210,CALL,2026-02-04T11:00:00+05:30,2026-02-04T11:09:00+05:30,25750.75,25737.15,-13.60,9m0s,"1m CALL re-entry: EMA6(2574550) EMA9(2574514) > MA21(2574345), close=2575075","1m CALL exit: EMA6(2574653) crossed below EMA9(2574736), close=2573715"
2211,CALL,2026-02-04T11:40:00+05:30,2026-02-04T11:50:00+05:30,25711.30,25701.75,-9.55,10m0s,"1m CALL entry: EMA6(2570577) EMA9(2570508) > MA21(2570435), close=2571130","1m CALL exit: EMA6(2571000) crossed below EMA9(2571076), close=2570175"
2212,PUT,2026-02-04T11:51:00+05:30,2026-02-04T11:54:00+05:30,25697.65,25721.90,-24.25,3m0s,"1m PUT entry: EMA6(2570647) EMA9(2570814) < MA21(2570907), close=2569765","1m PUT exit: EMA6(2570978) crossed above EMA9(2570950), close=2572190"
2213,CALL,2026-02-04T11:55:00+05:30,2026-02-04T12:05:00+05:30,25726.30,25721.05,-5.25,10m0s,"1m CALL entry: EMA6(2571450) EMA9(2571286) > MA21(2571053), close=2572630","1m CALL exit: EMA6(2572143) crossed below EMA9(2572145), close=2572105"
2214,CALL,2026-02-04T12:07:00+05:30,2026-02-04T12:21:00+05:30,25728.85,25733.65,4.80,14m0s,"1m CALL re-entry: EMA6(2572334) EMA9(2572276) > MA21(2571783), close=2572885","1m CALL exit: EMA6(2573723) crossed below EMA9(2573738), close=2573365"
2215,PUT,2026-02-04T12:24:00+05:30,2026-02-04T12:26:00+05:30,25727.85,25745.10,-17.25,2m0s,"1m PUT entry: EMA6(2573225) EMA9(2573350) < MA21(2573422), close=2572785","1m PUT exit: EMA6(2573636) crossed above EMA9(2573596), close=2574510"
2216,CALL,2026-02-04T12:27:00+05:30,2026-02-04T12:32:00+05:30,25752.40,25738.30,-14.10,5m0s,"1m CALL entry: EMA6(2574094) EMA9(2573925) > MA21(2573769), close=2575240","1m CALL exit: EMA6(2573999) crossed below EMA9(2574013), close=2573830"
2217,PUT,2026-02-04T12:33:00+05:30,2026-02-04T12:39:00+05:30,25734.40,25741.55,-7.15,6m0s,"1m PUT entry: EMA6(2573839) EMA9(2573899) < MA21(2573925), close=2573440","1m PUT exit: EMA6(2573804) crossed above EMA9(2573795), close=2574155"
2218,PUT,2026-02-04T12:47:00+05:30,2026-02-04T13:06:00+05:30,25728.55,25721.00,7.55,19m0s,"1m PUT entry: EMA6(2573823) EMA9(2574005) < MA21(2574204), close=2572855","1m PUT exit: EMA6(2571606) crossed above EMA9(2571554), close=2572100"
2219,CALL,2026-02-04T13:08:00+05:30,2026-02-04T13:49:00+05:30,25733.05,25764.40,31.35,41m0s,"1m CALL entry: EMA6(2572252) EMA9(2572039) > MA21(2571751), close=2573305","1m CALL exit: EMA6(2576697) crossed below EMA9(2576711), close=2576440"
2220,PUT,2026-02-04T13:50:00+05:30,2026-02-04T13:51:00+05:30,25762.80,25773.10,-10.30,1m0s,"1m PUT entry: EMA6(2576578) EMA9(2576625) < MA21(2576632), close=2576280","1m PUT exit: EMA6(2576787) crossed above EMA9(2576762), close=2577310"
2221,PUT,2026-02-04T14:02:00+05:30,2026-02-04T14:10:00+05:30,25761.40,25775.55,-14.15,8m0s,"1m PUT entry: EMA6(2576967) EMA9(2577158) < MA21(2577286), close=2576140","1m PUT exit: EMA6(2576751) crossed above EMA9(2576729), close=2577555"
2222,CALL,2026-02-04T14:12:00+05:30,2026-02-04T14:27:00+05:30,25786.75,25797.30,10.55,15m0s,"1m CALL entry: EMA6(2577571) EMA9(2577333) > MA21(2577310), close=2578675","1m CALL exit: EMA6(2579968) crossed below EMA9(2579997), close=2579730"
2223,PUT,2026-02-04T14:31:00+05:30,2026-02-04T14:33:00+05:30,25799.70,25802.10,-2.40,2m0s,"1m PUT entry: EMA6(2579819) EMA9(2579852) < MA21(2579904), close=2579970","1m PUT exit: EMA6(2579947) crossed above EMA9(2579931), close=2580210"
2224,PUT,2026-02-04T14:35:00+05:30,2026-02-04T14:36:00+05:30,25797.95,25805.20,-7.25,1m0s,"1m PUT re-entry: EMA6(2579898) EMA9(2579902) < MA21(2580145), close=2579795","1m PUT exit: EMA6(2580076) crossed above EMA9(2580026), close=2580520"
2225,CALL,2026-02-04T14:38:00+05:30,2026-02-04T14:46:00+05:30,25810.35,25798.00,-12.35,8m0s,"1m CALL entry: EMA6(2580519) EMA9(2580368) > MA21(2580275), close=2581035","1m CALL exit: EMA6(2580493) crossed below EMA9(2580546), close=2579800"
2226,PUT,2026-02-04T14:47:00+05:30,2026-02-04T15:01:00+05:30,25784.95,25796.15,-11.20,14m0s,"1m PUT entry: EMA6(2579922) EMA9(2580136) < MA21(2580262), close=2578495","1m PUT exit: EMA6(2579421) crossed above EMA9(2579413), close=2579615"
2227,PUT,2026-02-04T15:02:00+05:30,2026-02-04T15:03:00+05:30,25790.90,25797.35,-6.45,1m0s,"1m PUT re-entry: EMA6(2579327) EMA9(2579348) < MA21(2579644), close=2579090","1m PUT exit: EMA6(2579443) crossed above EMA9(2579426), close=2579735"
2228,PUT,2026-02-04T15:04:00+05:30,2026-02-04T15:29:00+05:30,25789.90,25737.50,52.40,25m0s,"1m PUT re-entry: EMA6(2579314) EMA9(2579339) < MA21(2579507), close=2578990",end of day (15:29 close)
2229,PUT,2026-02-05T09:36:00+05:30,2026-02-05T09:59:00+05:30,25678.20,25637.65,40.55,23m0s,"1m PUT re-entry: EMA6(2569181) EMA9(2569336) < MA21(2569815), close=2567820","1m PUT exit: EMA6(2563340) crossed above EMA9(2563340), close=2563765"
2230,PUT,2026-02-05T10:01:00+05:30,2026-02-05T10:07:00+05:30,25629.05,25639.25,-10.20,6m0s,"1m PUT re-entry: EMA6(2563231) EMA9(2563265) < MA21(2563512), close=2562905","1m PUT exit: EMA6(2563404) crossed above EMA9(2563344), close=2563925"
2231,PUT,2026-02-05T10:31:00+05:30,2026-02-05T10:51:00+05:30,25662.65,25647.90,14.75,20m0s,"1m PUT entry: EMA6(2567309) EMA9(2567550) < MA21(2567602), close=2566265","1m PUT exit: EMA6(2564471) crossed above EMA9(2564443), close=2564790"
2232,PUT,2026-02-05T10:54:00+05:30,2026-02-05T11:03:00+05:30,25635.05,25641.80,-6.75,9m0s,"1m PUT entry: EMA6(2564068) EMA9(2564164) < MA21(2564178), close=2563505","1m PUT exit: EMA6(2562995) crossed above EMA9(2562993), close=2564180"
2233,CALL,2026-02-05T11:06:00+05:30,2026-02-05T11:19:00+05:30,25650.10,25647.80,-2.30,13m0s,"1m CALL entry: EMA6(2564156) EMA9(2563874) > MA21(2563632), close=2565010","1m CALL exit: EMA6(2565948) crossed below EMA9(2566029), close=2564780"
2234,PUT,2026-02-05T11:22:00+05:30,2026-02-05T11:30:00+05:30,25652.90,25663.15,-10.25,8m0s,"1m PUT entry: EMA6(2565436) EMA9(2565594) < MA21(2565688), close=2565290","1m PUT exit: EMA6(2565486) crossed above EMA9(2565407), close=2566315"
2235,PUT,2026-02-05T11:34:00+05:30,2026-02-05T11:36:00+05:30,25647.30,25664.70,-17.40,2m0s,"1m PUT re-entry: EMA6(2565221) EMA9(2565267) < MA21(2565508), close=2564730","1m PUT exit: EMA6(2565419) crossed above EMA9(2565376), close=2566470"
2236,PUT,2026-02-05T11:48:00+05:30,2026-02-05T11:59:00+05:30,25640.55,25651.90,-11.35,11m0s,"1m PUT entry: EMA6(2565522) EMA9(2565800) < MA21(2566029), close=2564055","1m PUT exit: EMA6(2564518) crossed above EMA9(2564471), close=2565190"
2237,PUT,2026-02-05T12:01:00+05:30,2026-02-05T12:03:00+05:30,25636.00,25647.15,-11.15,2m0s,"1m PUT re-entry: EMA6(2564217) EMA9(2564273) < MA21(2564824), close=2563600","1m PUT exit: EMA6(2564394) crossed above EMA9(2564380), close=2564715"
2238,CALL,2026-02-05T12:04:00+05:30,2026-02-05T12:08:00+05:30,25651.30,25633.55,-17.75,4m0s,"1m CALL entry: EMA6(2564605) EMA9(2564530) > MA21(2564457), close=2565130","1m CALL exit: EMA6(2564292) crossed below EMA9(2564383), close=2563355"
2239,PUT,2026-02-05T12:10:00+05:30,2026-02-05T12:30:00+05:30,25637.35,25623.80,13.55,20m0s,"1m PUT entry: EMA6(2564011) EMA9(2564143) < MA21(2564174), close=2563735","1m PUT exit: EMA6(2562005) crossed above EMA9(2561977), close=2562380"
2240,CALL,2026-02-05T12:31:00+05:30,2026-02-05T12:33:00+05:30,25630.20,25605.10,-25.10,2m0s,"1m CALL entry: EMA6(2562295) EMA9(2562185) > MA21(2562157), close=2563020","1m CALL exit: EMA6(2561666) crossed below EMA9(2561775), close=2560510"
2241,CALL,2026-02-05T12:35:00+05:30,2026-02-05T12:44:00+05:30,25625.90,25617.45,-8.45,9m0s,"1m CALL entry: EMA6(2561960) EMA9(2561944) > MA21(2561880), close=2562590","1m CALL exit: EMA6(2562084) crossed below EMA9(2562096), close=2561745"
2242,CALL,2026-02-05T12:45:00+05:30,2026-02-05T12:55:00+05:30,25626.45,25615.80,-10.65,10m0s,"1m CALL re-entry: EMA6(2562244) EMA9(2562206) > MA21(2562081), close=2562645","1m CALL exit: EMA6(2562420) crossed below EMA9(2562479), close=2561580"
2243,PUT,2026-02-05T12:56:00+05:30,2026-02-05T12:58:00+05:30,25614.45,25637.25,-22.80,2m0s,"1m PUT entry: EMA6(2562142) EMA9(2562273) < MA21(2562371), close=2561445","1m PUT exit: EMA6(2562705) crossed above EMA9(2562629), close=2563725"
2244,CALL,2026-02-05T13:16:00+05:30,2026-02-05T13:25:00+05:30,25640.95,25637.10,-3.85,9m0s,"1m CALL re-entry: EMA6(2563840) EMA9(2563813) > MA21(2563722), close=2564095","1m CALL exit: EMA6(2564552) crossed below EMA9(2564570), close=2563710"
2245,PUT,2026-02-05T13:27:00+05:30,2026-02-05T13:35:00+05:30,25629.90,25635.15,-5.25,8m0s,"1m PUT entry: EMA6(2563805) EMA9(2564016) < MA21(2564183), close=2562990","1m PUT exit: EMA6(2562943) crossed above EMA9(2562941), close=2563515"
2246,PUT,2026-02-05T13:36:00+05:30,2026-02-05T13:37:00+05:30,25627.85,25630.90,-3.05,1m0s,"1m PUT re-entry: EMA6(2562898) EMA9(2562910) < MA21(2563596), close=2562785","1m PUT exit: EMA6(2562953) crossed above EMA9(2562946), close=2563090"
2247,CALL,2026-02-05T13:41:00+05:30,2026-02-05T13:54:00+05:30,25642.95,25629.40,-13.55,13m0s,"1m CALL entry: EMA6(2563653) EMA9(2563496) > MA21(2563331), close=2564295","1m CALL exit: EMA6(2563657) crossed below EMA9(2563727), close=2562940"
2248,PUT,2026-02-05T13:55:00+05:30,2026-02-05T14:01:00+05:30,25627.30,25638.90,-11.60,6m0s,"1m PUT entry: EMA6(2563392) EMA9(2563528) < MA21(2563663), close=2562730","1m PUT exit: EMA6(2563349) crossed above EMA9(2563341), close=2563890"
2249,PUT,2026-02-05T14:02:00+05:30,2026-02-05T14:21:00+05:30,25628.65,25601.05,27.60,19m0s,"1m PUT re-entry: EMA6(2563210) EMA9(2563245) < MA21(2563519), close=2562865","1m PUT exit: EMA6(2559829) crossed above EMA9(2559824), close=2560105"
2250,CALL,2026-02-05T14:25:00+05:30,2026-02-05T14:45:00+05:30,25597.20,25621.20,24.00,20m0s,"1m CALL entry: EMA6(2559852) EMA9(2559853) > MA21(2559839), close=2559720","1m CALL exit: EMA6(2562493) crossed below EMA9(2562508), close=2562120"
2251,PUT,2026-02-05T14:47:00+05:30,2026-02-05T14:53:00+05:30,25614.25,25627.05,-12.80,6m0s,"1m PUT entry: EMA6(2561997) EMA9(2562140) < MA21(2562195), close=2561425","1m PUT exit: EMA6(2562248) crossed above EMA9(2562215), close=2562705"
2252,CALL,2026-02-05T14:55:00+05:30,2026-02-05T15:10:00+05:30,25639.75,25645.70,5.95,15m0s,"1m CALL entry: EMA6(2562899) EMA9(2562696) > MA21(2562572), close=2563975","1m CALL exit: EMA6(2564687) crossed below EMA9(2564692), close=2564570"
2253,PUT,2026-02-05T15:14:00+05:30,2026-02-05T15:25:00+05:30,25647.80,25639.75,8.05,11m0s,"1m PUT entry: EMA6(2564540) EMA9(2564546) < MA21(2564568), close=2564780","1m PUT exit: EMA6(2563518) crossed above EMA9(2563503), close=2563975"
2254,PUT,2026-02-06T09:15:00+05:30,2026-02-06T09:47:00+05:30,25602.45,25561.65,40.80,32m0s,"1m PUT entry: EMA6(2562743) EMA9(2562997) < MA21(2563497), close=2560245","1m PUT exit: EMA6(2554858) crossed above EMA9(2554764), close=2556165"
2255,CALL,2026-02-06T09:49:00+05:30,2026-02-06T09:55:00+05:30,25569.00,25545.85,-23.15,6m0s,"1m CALL entry: EMA6(2555756) EMA9(2555453) > MA21(2555260), close=2556900","1m CALL exit: EMA6(2555486) crossed below EMA9(2555527), close=2554585"
2256,PUT,2026-02-06T09:58:00+05:30,2026-02-06T10:18:00+05:30,25540.00,25551.70,-11.70,20m0s,"1m PUT entry: EMA6(2554609) EMA9(2554839) < MA21(2554862), close=2554000","1m PUT exit: EMA6(2552969) crossed above EMA9(2552793), close=2555170"
2257,CALL,2026-02-06T10:19:00+05:30,2026-02-06T10:27:00+05:30,25544.85,25533.45,-11.40,8m0s,"1m CALL entry: EMA6(2553402) EMA9(2553131) > MA21(2553065), close=2554485","1m CALL exit: EMA6(2553962) crossed below EMA9(2553972), close=2553345"
2258,PUT,2026-02-06T10:29:00+05:30,2026-02-06T10:57:00+05:30,25506.65,25511.35,-4.70,28m0s,"1m PUT entry: EMA6(2552715) EMA9(2553070) < MA21(2553160), close=2550665","1m PUT exit: EMA6(2550525) crossed above EMA9(2550517), close=2551135"
2259,CALL,2026-02-06T10:59:00+05:30,2026-02-06T11:54:00+05:30,25522.50,25625.65,103.15,55m0s,"1m CALL entry: EMA6(2551211) EMA9(2551016) > MA21(2550790), close=2552250","1m CALL exit: EMA6(2562863) crossed below EMA9(2562868), close=2562565"
2260,PUT,2026-02-06T11:56:00+05:30,2026-02-06T11:59:00+05:30,25618.45,25632.25,-13.80,3m0s,"1m PUT entry: EMA6(2562554) EMA9(2562649) < MA21(2562786), close=2561845","1m PUT exit: EMA6(2562771) crossed above EMA9(2562753), close=2563225"
2261,CALL,2026-02-06T12:00:00+05:30,2026-02-06T12:04:00+05:30,25648.35,25621.25,-27.10,4m0s,"1m CALL entry: EMA6(2563361) EMA9(2563169) > MA21(2563034), close=2564835","1m CALL exit: EMA6(2563068) crossed below EMA9(2563114), close=2562125"
2262,PUT,2026-02-06T12:05:00+05:30,2026-02-06T12:46:00+05:30,25606.20,25563.25,42.95,41m0s,"1m PUT entry: EMA6(2562369) EMA9(2562615) < MA21(2562903), close=2560620","1m PUT exit: EMA6(2555143) crossed above EMA9(2555103), close=2556325"
2263,CALL,2026-02-06T12:48:00+05:30,2026-02-06T12:49:00+05:30,25551.15,25542.05,-9.10,1m0s,"1m CALL entry: EMA6(2555436) EMA9(2555348) > MA21(2555308), close=2555115","1m CALL exit: EMA6(2555085) crossed below EMA9(2555120), close=2554205"
2264,CALL,2026-02-06T13:00:00+05:30,2026-02-06T13:31:00+05:30,25550.95,25564.05,13.10,31m0s,"1m CALL entry: EMA6(2554805) EMA9(2554674) > MA21(2554652), close=2555095","1m CALL exit: EMA6(2556783) crossed below EMA9(2556788), close=2556405"
2265,PUT,2026-02-06T13:32:00+05:30,2026-02-06T13:36:00+05:30,25552.80,25575.35,-22.55,4m0s,"1m PUT entry: EMA6(2556353) EMA9(2556486) < MA21(2556587), close=2555280","1m PUT exit: EMA6(2556723) crossed above EMA9(2556657), close=2557535"
2266,CALL,2026-02-06T13:37:00+05:30,2026-02-06T13:47:00+05:30,25580.40,25574.05,-6.35,10m0s,"1m CALL entry: EMA6(2557099) EMA9(2556933) > MA21(2556735), close=2558040","1m CALL exit: EMA6(2557818) crossed below EMA9(2557865), close=2557405"
2267,CALL,2026-02-06T13:48:00+05:30,2026-02-06T14:11:00+05:30,25582.65,25609.25,26.60,23m0s,"1m CALL re-entry: EMA6(2557946) EMA9(2557945) > MA21(2557542), close=2558265","1m CALL exit: EMA6(2561773) crossed below EMA9(2561866), close=2560925"
2268,CALL,2026-02-06T14:22:00+05:30,2026-02-06T14:24:00+05:30,25620.00,25604.75,-15.25,2m0s,"1m CALL entry: EMA6(2562001) EMA9(2561884) > MA21(2561847), close=2562000","1m CALL exit: EMA6(2561444) crossed below EMA9(2561526), close=2560475"
2269,PUT,2026-02-06T14:32:00+05:30,2026-02-06T14:34:00+05:30,25611.35,25622.10,-10.75,2m0s,"1m PUT re-entry: EMA6(2561251) EMA9(2561263) < MA21(2561364), close=2561135","1m PUT exit: EMA6(2561491) crossed above EMA9(2561424), close=2562210"
2270,CALL,2026-02-06T14:53:00+05:30,2026-02-06T15:25:00+05:30,25648.25,25688.35,40.10,32m0s,"1m CALL re-entry: EMA6(2564255) EMA9(2564208) > MA21(2563774), close=2564825","1m CALL exit: EMA6(2569592) crossed below EMA9(2569624), close=2568835"
2271,PUT,2026-02-06T15:26:00+05:30,2026-02-06T15:29:00+05:30,25690.60,25673.60,17.00,3m0s,"1m PUT entry: EMA6(2569440) EMA9(2569511) < MA21(2569584), close=2569060",end of day (15:29 close)
2272,PUT,2026-02-09T09:35:00+05:30,2026-02-09T09:46:00+05:30,25803.30,25804.00,-0.70,11m0s,"1m PUT entry: EMA6(2580887) EMA9(2580996) < MA21(2581606), close=2580330","1m PUT exit: EMA6(2579855) crossed above EMA9(2579839), close=2580400"
2273,CALL,2026-02-09T09:49:00+05:30,2026-02-09T10:08:00+05:30,25812.00,25808.90,-3.10,19m0s,"1m CALL entry: EMA6(2580626) EMA9(2580432) > MA21(2580370), close=2581200","1m CALL exit: EMA6(2581655) crossed below EMA9(2581717), close=2580890"
2274,PUT,2026-02-09T10:09:00+05:30,2026-02-09T10:18:00+05:30,25810.00,25813.15,-3.15,9m0s,"1m PUT entry: EMA6(2581468) EMA9(2581574) < MA21(2581576), close=2581000","1m PUT exit: EMA6(2580793) crossed above EMA9(2580779), close=2581315"
2275,CALL,2026-02-09T10:21:00+05:30,2026-02-09T10:29:00+05:30,25826.05,25812.80,-13.25,8m0s,"1m CALL entry: EMA6(2581694) EMA9(2581461) > MA21(2581317), close=2582605","1m CALL exit: EMA6(2581537) crossed below EMA9(2581550), close=2581280"
2276,CALL,2026-02-09T10:30:00+05:30,2026-02-09T11:08:00+05:30,25818.20,25856.30,38.10,38m0s,"1m CALL re-entry: EMA6(2581618) EMA9(2581604) > MA21(2581227), close=2581820","1m CALL exit: EMA6(2586021) crossed below EMA9(2586028), close=2585630"
2277,PUT,2026-02-09T11:11:00+05:30,2026-02-09T11:19:00+05:30,25858.70,25860.65,-1.95,8m0s,"1m PUT entry: EMA6(2585938) EMA9(2585956) < MA21(2585956), close=2585870","1m PUT exit: EMA6(2585861) crossed above EMA9(2585851), close=2586065"
2278,CALL,2026-02-09T11:22:00+05:30,2026-02-09T11:29:00+05:30,25861.50,25858.40,-3.10,7m0s,"1m CALL entry: EMA6(2585944) EMA9(2585916) > MA21(2585915), close=2586150","1m CALL exit: EMA6(2585982) crossed below EMA9(2585997), close=2585840"
2279,PUT,2026-02-09T11:30:00+05:30,2026-02-09T11:39:00+05:30,25851.40,25860.00,-8.60,9m0s,"1m PUT entry: EMA6(2585741) EMA9(2585826) < MA21(2585911), close=2585140","1m PUT exit: EMA6(2585432) crossed above EMA9(2585366), close=2586000"
2280,CALL,2026-02-09T11:41:00+05:30,2026-02-09T11:45:00+05:30,25861.70,25848.55,-13.15,4m0s,"1m CALL entry: EMA6(2585768) EMA9(2585636) > MA21(2585589), close=2586170","1m CALL exit: EMA6(2585363) crossed below EMA9(2585416), close=2584855"
2281,CALL,2026-02-09T12:06:00+05:30,2026-02-09T12:29:00+05:30,25841.50,25849.30,7.80,23m0s,"1m CALL entry: EMA6(2584015) EMA9(2583954) > MA21(2583873), close=2584150","1m CALL exit: EMA6(2585457) crossed below EMA9(2585509), close=2584930"
2282,CALL,2026-02-09T13:01:00+05:30,2026-02-09T13:23:00+05:30,25842.10,25846.60,4.50,22m0s,"1m CALL entry: EMA6(2583588) EMA9(2583421) > MA21(2583291), close=2584210","1m CALL exit: EMA6(2585106) crossed below EMA9(2585156), close=2584660"
2283,PUT,2026-02-09T13:24:00+05:30,2026-02-09T13:34:00+05:30,25846.30,25849.85,-3.55,10m0s,"1m PUT entry: EMA6(2584970) EMA9(2585051) < MA21(2585094), close=2584630","1m PUT exit: EMA6(2584665) crossed above EMA9(2584628), close=2584985"
2284,CALL,2026-02-09T13:37:00+05:30,2026-02-09T13:47:00+05:30,25852.30,25850.20,-2.10,10m0s,"1m CALL entry: EMA6(2585014) EMA9(2584912) > MA21(2584839), close=2585230","1m CALL exit: EMA6(2585141) crossed below EMA9(2585142), close=2585020"
2285,PUT,2026-02-09T13:50:00+05:30,2026-02-09T13:56:00+05:30,25847.00,25851.65,-4.65,6m0s,"1m PUT entry: EMA6(2584880) EMA9(2584943) < MA21(2584998), close=2584700","1m PUT exit: EMA6(2584914) crossed above EMA9(2584898), close=2585165"
2286,PUT,2026-02-09T13:59:00+05:30,2026-02-09T14:10:00+05:30,25845.65,25847.90,-2.25,11m0s,"1m PUT re-entry: EMA6(2584890) EMA9(2584901) < MA21(2584988), close=2584565","1m PUT exit: EMA6(2584520) crossed above EMA9(2584516), close=2584790"
2287,PUT,2026-02-09T14:13:00+05:30,2026-02-09T14:16:00+05:30,25842.20,25849.20,-7.00,3m0s,"1m PUT re-entry: EMA6(2584458) EMA9(2584481) < MA21(2584634), close=2584220","1m PUT exit: EMA6(2584583) crossed above EMA9(2584556), close=2584920"
2288,CALL,2026-02-09T14:18:00+05:30,2026-02-09T14:32:00+05:30,25845.95,25853.05,7.10,14m0s,"1m CALL entry: EMA6(2584559) EMA9(2584547) > MA21(2584533), close=2584595","1m CALL exit: EMA6(2585581) crossed below EMA9(2585592), close=2585305"
2289,PUT,2026-02-09T14:37:00+05:30,2026-02-09T14:48:00+05:30,25851.25,25856.80,-5.55,11m0s,"1m PUT entry: EMA6(2585365) EMA9(2585414) < MA21(2585488), close=2585125","1m PUT exit: EMA6(2584987) crossed above EMA9(2584927), close=2585680"
2290,CALL,2026-02-09T14:50:00+05:30,2026-02-09T14:53:00+05:30,25855.25,25842.25,-13.00,3m0s,"1m CALL entry: EMA6(2585175) EMA9(2585083) > MA21(2585050), close=2585525","1m CALL exit: EMA6(2584851) crossed below EMA9(2584898), close=2584225"
2291,CALL,2026-02-09T14:56:00+05:30,2026-02-09T15:13:00+05:30,25853.85,25863.70,9.85,17m0s,"1m CALL entry: EMA6(2585040) EMA9(2585010) > MA21(2584909), close=2585385","1m CALL exit: EMA6(2586591) crossed below EMA9(2586609), close=2586370"
2292,CALL,2026-02-09T15:15:00+05:30,2026-02-09T15:24:00+05:30,25867.55,25864.00,-3.55,9m0s,"1m CALL re-entry: EMA6(2586646) EMA9(2586641) > MA21(2586440), close=2586755","1m CALL exit: EMA6(2586717) crossed below EMA9(2586736), close=2586400"
2293,CALL,2026-02-10T09:15:00+05:30,2026-02-10T09:53:00+05:30,25910.10,25942.00,31.90,38m0s,"1m CALL entry: EMA6(2587783) EMA9(2587424) > MA21(2586840), close=2591010","1m CALL exit: EMA6(2594775) crossed below EMA9(2594816), close=2594200"
2294,PUT,2026-02-10T09:54:00+05:30,2026-02-10T09:59:00+05:30,25932.60,25949.50,-16.90,5m0s,"1m PUT entry: EMA6(2594342) EMA9(2594505) < MA21(2594727), close=2593260","1m PUT exit: EMA6(2594631) crossed above EMA9(2594605), close=2594950"
2295,PUT,2026-02-10T10:01:00+05:30,2026-02-10T10:16:00+05:30,25946.60,25963.65,-17.05,15m0s,"1m PUT entry: EMA6(2594826) EMA9(2594766) < MA21(2594835), close=2594660","1m PUT exit: EMA6(2595381) crossed above EMA9(2595310), close=2596365"
2296,PUT,2026-02-10T10:41:00+05:30,2026-02-10T10:47:00+05:30,25957.55,25971.70,-14.15,6m0s,"1m PUT entry: EMA6(2596539) EMA9(2596687) < MA21(2596745), close=2595755","1m PUT exit: EMA6(2596593) crossed above EMA9(2596566), close=2597170"
2297,PUT,2026-02-10T10:49:00+05:30,2026-02-10T10:50:00+05:30,25959.40,25968.60,-9.20,1m0s,"1m PUT re-entry: EMA6(2596454) EMA9(2596482) < MA21(2596722), close=2595940","1m PUT exit: EMA6(2596570) crossed above EMA9(2596558), close=2596860"
2298,PUT,2026-02-10T10:51:00+05:30,2026-02-10T11:01:00+05:30,25960.55,25963.40,-2.85,10m0s,"1m PUT re-entry: EMA6(2596423) EMA9(2596457) < MA21(2596721), close=2596055","1m PUT exit: EMA6(2596089) crossed above EMA9(2596088), close=2596340"
2299,CALL,2026-02-10T11:02:00+05:30,2026-02-10T11:10:00+05:30,25967.30,25962.25,-5.05,8m0s,"1m CALL entry: EMA6(2596272) EMA9(2596216) > MA21(2596206), close=2596730","1m CALL exit: EMA6(2596421) crossed below EMA9(2596427), close=2596225"
2300,PUT,2026-02-10T11:13:00+05:30,2026-02-10T11:31:00+05:30,25960.15,25958.70,1.45,18m0s,"1m PUT entry: EMA6(2596139) EMA9(2596210) < MA21(2596241), close=2596015","1m PUT exit: EMA6(2595684) crossed above EMA9(2595667), close=2595870"
2301,PUT,2026-02-10T11:36:00+05:30,2026-02-10T11:53:00+05:30,25950.80,25958.85,-8.05,17m0s,"1m PUT entry: EMA6(2595538) EMA9(2595580) < MA21(2595660), close=2595080","1m PUT exit: EMA6(2595159) crossed above EMA9(2595094), close=2595885"
2302,CALL,2026-02-10T11:54:00+05:30,2026-02-10T12:09:00+05:30,25960.05,25954.40,-5.65,15m0s,"1m CALL entry: EMA6(2595401) EMA9(2595276) > MA21(2595117), close=2596005","1m CALL exit: EMA6(2595817) crossed below EMA9(2595858), close=2595440"
2303,PUT,2026-02-10T12:11:00+05:30,2026-02-10T12:13:00+05:30,25955.60,25963.45,-7.85,2m0s,"1m PUT entry: EMA6(2595685) EMA9(2595746) < MA21(2595807), close=2595560","1m PUT exit: EMA6(2595903) crossed above EMA9(2595879), close=2596345"
2304,CALL,2026-02-10T12:14:00+05:30,2026-02-10T12:22:00+05:30,25963.65,25962.05,-1.60,8m0s,"1m CALL entry: EMA6(2596035) EMA9(2595976) > MA21(2595947), close=2596365","1m CALL exit: EMA6(2596314) crossed below EMA9(2596317), close=2596205"
2305,PUT,2026-02-10T12:26:00+05:30,2026-02-10T12:41:00+05:30,25956.40,25960.25,-3.85,15m0s,"1m PUT entry: EMA6(2595920) EMA9(2596012) < MA21(2596084), close=2595640","1m PUT exit: EMA6(2595727) crossed above EMA9(2595696), close=2596025"
2306,CALL,2026-02-10T12:42:00+05:30,2026-02-10T12:59:00+05:30,25961.90,25973.45,11.55,17m0s,"1m CALL entry: EMA6(2595859) EMA9(2595795) > MA21(2595730), close=2596190","1m CALL exit: EMA6(2597893) crossed below EMA9(2597894), close=2597345"
2307,PUT,2026-02-10T13:01:00+05:30,2026-02-10T13:07:00+05:30,25961.90,25974.15,-12.25,6m0s,"1m PUT entry: EMA6(2597116) EMA9(2597325) < MA21(2597488), close=2596190","1m PUT exit: EMA6(2597153) crossed above EMA9(2597136), close=2597415"
2308,CALL,2026-02-10T13:12:00+05:30,2026-02-10T13:17:00+05:30,25979.25,25965.95,-13.30,5m0s,"1m CALL entry: EMA6(2597645) EMA9(2597552) > MA21(2597457), close=2597925","1m CALL exit: EMA6(2597452) crossed below EMA9(2597499), close=2596595"
2309,PUT,2026-02-10T13:18:00+05:30,2026-02-10T13:44:00+05:30,25958.60,25927.20,31.40,26m0s,"1m PUT entry: EMA6(2596997) EMA9(2597171) < MA21(2597230), close=2595860","1m PUT exit: EMA6(2592494) crossed above EMA9(2592487), close=2592720"
2310,PUT,2026-02-10T13:47:00+05:30,2026-02-10T13:51:00+05:30,25921.10,25932.20,-11.10,4m0s,"1m PUT entry: EMA6(2592546) EMA9(2592551) < MA21(2592595), close=2592110","1m PUT exit: EMA6(2592584) crossed above EMA9(2592541), close=2593220"
2311,PUT,2026-02-10T13:57:00+05:30,2026-02-10T14:07:00+05:30,25915.45,25919.90,-4.45,10m0s,"1m PUT entry: EMA6(2592293) EMA9(2592419) < MA21(2592512), close=2591545","1m PUT exit: EMA6(2591051) crossed above EMA9(2591043), close=2591990"
2312,PUT,2026-02-10T14:10:00+05:30,2026-02-10T14:14:00+05:30,25908.15,25918.70,-10.55,4m0s,"1m PUT re-entry: EMA6(2591028) EMA9(2591037) < MA21(2591519), close=2590815","1m PUT exit: EMA6(2591174) crossed above EMA9(2591104), close=2591870"
2313,CALL,2026-02-10T14:15:00+05:30,2026-02-10T14:27:00+05:30,25924.65,25920.70,-3.95,12m0s,"1m CALL entry: EMA6(2591543) EMA9(2591376) > MA21(2591086), close=2592465","1m CALL exit: EMA6(2592537) crossed below EMA9(2592588), close=2592070"
2314,PUT,2026-02-10T14:31:00+05:30,2026-02-10T14:35:00+05:30,25921.30,25926.35,-5.05,4m0s,"1m PUT entry: EMA6(2592330) EMA9(2592397) < MA21(2592470), close=2592130","1m PUT exit: EMA6(2592517) crossed above EMA9(2592509), close=2592635"
2315,PUT,2026-02-10T14:38:00+05:30,2026-02-10T14:46:00+05:30,25922.15,25927.85,-5.70,8m0s,"1m PUT re-entry: EMA6(2592523) EMA9(2592529) < MA21(2592709), close=2592215","1m PUT exit: EMA6(2591931) crossed above EMA9(2591885), close=2592785"
2316,CALL,2026-02-10T14:48:00+05:30,2026-02-10T15:07:00+05:30,25926.10,25942.45,16.35,19m0s,"1m CALL entry: EMA6(2592280) EMA9(2592159) > MA21(2592135), close=2592610","1m CALL exit: EMA6(2594419) crossed below EMA9(2594423), close=2594245"
2317,CALL,2026-02-10T15:08:00+05:30,2026-02-10T15:11:00+05:30,25962.30,25942.35,-19.95,3m0s,"1m CALL re-entry: EMA6(2594936) EMA9(2594784) > MA21(2594084), close=2596230","1m CALL exit: EMA6(2594697) crossed below EMA9(2594699), close=2594235"
2318,PUT,2026-02-10T15:13:00+05:30,2026-02-10T15:29:00+05:30,25933.80,25916.80,17.00,16m0s,"1m PUT entry: EMA6(2594134) EMA9(2594289) < MA21(2594395), close=2593380",end of day (15:29 close)
2319,PUT,2026-02-11T09:33:00+05:30,2026-02-11T09:53:00+05:30,25957.95,25948.70,9.25,20m0s,"1m PUT entry: EMA6(2596988) EMA9(2597219) < MA21(2597463), close=2595795","1m PUT exit: EMA6(2593707) crossed above EMA9(2593665), close=2594870"
2320,CALL,2026-02-11T09:54:00+05:30,2026-02-11T10:00:00+05:30,25950.10,25929.65,-20.45,6m0s,"1m CALL entry: EMA6(2594079) EMA9(2593934) > MA21(2593849), close=2595010","1m CALL exit: EMA6(2594212) crossed below EMA9(2594265), close=2592965"
2321,PUT,2026-02-11T10:02:00+05:30,2026-02-11T10:11:00+05:30,25919.15,25926.80,-7.65,9m0s,"1m PUT entry: EMA6(2593189) EMA9(2593499) < MA21(2593780), close=2591915","1m PUT exit: EMA6(2592577) crossed above EMA9(2592570), close=2592680"
2322,PUT,2026-02-11T10:12:00+05:30,2026-02-11T10:16:00+05:30,25921.80,25933.95,-12.15,4m0s,"1m PUT re-entry: EMA6(2592463) EMA9(2592492) < MA21(2593190), close=2592180","1m PUT exit: EMA6(2592559) crossed above EMA9(2592501), close=2593395"
2323,CALL,2026-02-11T10:17:00+05:30,2026-02-11T10:46:00+05:30,25939.40,25969.35,29.95,29m0s,"1m CALL entry: EMA6(2592953) EMA9(2592789) > MA21(2592703), close=2593940","1m CALL exit: EMA6(2597164) crossed below EMA9(2597174), close=2596935"
2324,CALL,2026-02-11T10:47:00+05:30,2026-02-11T10:48:00+05:30,25975.15,25968.15,-7.00,1m0s,"1m CALL re-entry: EMA6(2597264) EMA9(2597242) > MA21(2597008), close=2597515","1m CALL exit: EMA6(2597136) crossed below EMA9(2597157), close=2596815"
2325,CALL,2026-02-11T10:49:00+05:30,2026-02-11T10:53:00+05:30,25976.55,25966.85,-9.70,4m0s,"1m CALL re-entry: EMA6(2597284) EMA9(2597256) > MA21(2597130), close=2597655","1m CALL exit: EMA6(2597151) crossed below EMA9(2597191), close=2596685"
2326,PUT,2026-02-11T11:07:00+05:30,2026-02-11T11:15:00+05:30,25952.15,25960.10,-7.95,8m0s,"1m PUT re-entry: EMA6(2596046) EMA9(2596112) < MA21(2596466), close=2595215","1m PUT exit: EMA6(2595464) crossed above EMA9(2595422), close=2596010"
2327,CALL,2026-02-11T11:17:00+05:30,2026-02-11T11:21:00+05:30,25961.85,25950.25,-11.60,4m0s,"1m CALL entry: EMA6(2595889) EMA9(2595753) > MA21(2595668), close=2596185","1m CALL exit: EMA6(2595503) crossed below EMA9(2595557), close=2595025"
2328,CALL,2026-02-11T11:23:00+05:30,2026-02-11T11:41:00+05:30,25961.45,25963.30,1.85,18m0s,"1m CALL entry: EMA6(2595638) EMA9(2595628) > MA21(2595578), close=2596145","1m CALL exit: EMA6(2596740) crossed below EMA9(2596755), close=2596330"
2329,PUT,2026-02-11T11:44:00+05:30,2026-02-11T11:57:00+05:30,25956.15,25965.50,-9.35,13m0s,"1m PUT entry: EMA6(2596301) EMA9(2596425) < MA21(2596498), close=2595615","1m PUT exit: EMA6(2596097) crossed above EMA9(2596063), close=2596550"
2330,PUT,2026-02-11T11:59:00+05:30,2026-02-11T12:12:00+05:30,25946.75,25957.90,-11.15,13m0s,"1m PUT entry: EMA6(2595749) EMA9(2595836) < MA21(2596039), close=2594675","1m PUT exit: EMA6(2595187) crossed above EMA9(2595160), close=2595790"
2331,PUT,2026-02-11T12:16:00+05:30,2026-02-11T12:31:00+05:30,25947.45,25943.00,4.45,15m0s,"1m PUT re-entry: EMA6(2595137) EMA9(2595162) < MA21(2595313), close=2594745","1m PUT exit: EMA6(2594104) crossed above EMA9(2594100), close=2594300"
2332,PUT,2026-02-11T12:32:00+05:30,2026-02-11T12:50:00+05:30,25935.90,25923.90,12.00,18m0s,"1m PUT re-entry: EMA6(2593957) EMA9(2593998) < MA21(2594335), close=2593590","1m PUT exit: EMA6(2591484) crossed above EMA9(2591444), close=2592390"
2333,CALL,2026-02-11T12:54:00+05:30,2026-02-11T13:01:00+05:30,25926.20,25914.35,-11.85,7m0s,"1m CALL entry: EMA6(2591922) EMA9(2591789) > MA21(2591684), close=2592620","1m CALL exit: EMA6(2592263) crossed below EMA9(2592270), close=2591435"
2334,PUT,2026-02-11T13:05:00+05:30,2026-02-11T13:07:00+05:30,25918.10,25927.45,-9.35,2m0s,"1m PUT entry: EMA6(2591723) EMA9(2591816) < MA21(2591820), close=2591810","1m PUT exit: EMA6(2592174) crossed above EMA9(2592111), close=2592745"
2335,PUT,2026-02-11T13:49:00+05:30,2026-02-11T14:03:00+05:30,25939.30,25938.60,0.70,14m0s,"1m PUT entry: EMA6(2594813) EMA9(2594998) < MA21(2595183), close=2593930","1m PUT exit: EMA6(2593609) crossed above EMA9(2593588), close=2593860"
2336,CALL,2026-02-11T14:06:00+05:30,2026-02-11T14:22:00+05:30,25939.35,25946.45,7.10,16m0s,"1m CALL entry: EMA6(2593776) EMA9(2593725) > MA21(2593694), close=2593935","1m CALL exit: EMA6(2595317) crossed below EMA9(2595333), close=2594645"
2337,PUT,2026-02-11T14:25:00+05:30,2026-02-11T14:34:00+05:30,25944.20,25952.45,-8.25,9m0s,"1m PUT entry: EMA6(2594763) EMA9(2594900) < MA21(2594915), close=2594420","1m PUT exit: EMA6(2594768) crossed above EMA9(2594750), close=2595245"
2338,PUT,2026-02-11T14:39:00+05:30,2026-02-11T14:46:00+05:30,25944.80,25951.70,-6.90,7m0s,"1m PUT entry: EMA6(2594805) EMA9(2594816) < MA21(2594825), close=2594480","1m PUT exit: EMA6(2594730) crossed above EMA9(2594685), close=2595170"
2339,PUT,2026-02-11T14:47:00+05:30,2026-02-11T14:51:00+05:30,25942.60,25948.20,-5.60,4m0s,"1m PUT entry: EMA6(2594595) EMA9(2594600) < MA21(2594662), close=2594260","1m PUT exit: EMA6(2594627) crossed above EMA9(2594612), close=2594820"
2340,CALL,2026-02-11T14:53:00+05:30,2026-02-11T15:08:00+05:30,25948.40,25954.90,6.50,15m0s,"1m CALL entry: EMA6(2594712) EMA9(2594679) > MA21(2594678), close=2594840","1m CALL exit: EMA6(2595523) crossed below EMA9(2595524), close=2595490"
2341,PUT,2026-02-11T15:12:00+05:30,2026-02-11T15:15:00+05:30,25951.20,25957.55,-6.35,3m0s,"1m PUT entry: EMA6(2595232) EMA9(2595293) < MA21(2595345), close=2595120","1m PUT exit: EMA6(2595432) crossed above EMA9(2595405), close=2595755"
2342,PUT,2026-02-11T15:17:00+05:30,2026-02-11T15:29:00+05:30,25954.00,25945.35,8.65,12m0s,"1m PUT entry: EMA6(2595481) EMA9(2595454) < MA21(2595501), close=2595400",end of day (15:29 close)
2343,CALL,2026-02-12T09:40:00+05:30,2026-02-12T09:43:00+05:30,25845.25,25836.65,-8.60,3m0s,"1m CALL entry: EMA6(2584098) EMA9(2584045) > MA21(2584015), close=2584525","1m CALL exit: EMA6(2583902) crossed below EMA9(2583927), close=2583665"
2344,CALL,2026-02-12T09:44:00+05:30,2026-02-12T09:47:00+05:30,25844.65,25828.45,-16.20,3m0s,"1m CALL re-entry: EMA6(2584063) EMA9(2584034) > MA21(2583851), close=2584465","1m CALL exit: EMA6(2583715) crossed below EMA9(2583817), close=2582845"
2345,CALL,2026-02-12T09:48:00+05:30,2026-02-12T10:07:00+05:30,25852.30,25857.40,5.10,19m0s,"1m CALL entry: EMA6(2584148) EMA9(2584100) > MA21(2583840), close=2585230","1m CALL exit: EMA6(2586411) crossed below EMA9(2586428), close=2585740"
2346,PUT,2026-02-12T10:08:00+05:30,2026-02-12T10:12:00+05:30,25849.90,25870.65,-20.75,4m0s,"1m PUT entry: EMA6(2586005) EMA9(2586140) < MA21(2586234), close=2584990","1m PUT exit: EMA6(2586466) crossed above EMA9(2586411), close=2587065"
2347,PUT,2026-02-12T10:27:00+05:30,2026-02-12T10:34:00+05:30,25865.55,25872.80,-7.25,7m0s,"1m PUT entry: EMA6(2586872) EMA9(2587001) < MA21(2587040), close=2586555","1m PUT exit: EMA6(2586862) crossed above EMA9(2586849), close=2587280"
2348,PUT,2026-02-12T10:35:00+05:30,2026-02-12T10:57:00+05:30,25867.20,25858.35,8.85,22m0s,"1m PUT re-entry: EMA6(2586822) EMA9(2586823) < MA21(2587076), close=2586720","1m PUT exit: EMA6(2585577) crossed above EMA9(2585573), close=2585835"
2349,PUT,2026-02-12T10:59:00+05:30,2026-02-12T11:00:00+05:30,25853.60,25858.05,-4.45,1m0s,"1m PUT re-entry: EMA6(2585526) EMA9(2585540) < MA21(2585697), close=2585360","1m PUT exit: EMA6(2585605) crossed above EMA9(2585593), close=2585805"
2350,CALL,2026-02-12T11:03:00+05:30,2026-02-12T11:07:00+05:30,25856.85,25845.15,-11.70,4m0s,"1m CALL entry: EMA6(2585695) EMA9(2585669) > MA21(2585650), close=2585685","1m CALL exit: EMA6(2585402) crossed below EMA9(2585486), close=2584515"
2351,CALL,2026-02-12T11:45:00+05:30,2026-02-12T11:50:00+05:30,25831.10,25818.90,-12.20,5m0s,"1m CALL entry: EMA6(2582735) EMA9(2582624) > MA21(2582549), close=2583110","1m CALL exit: EMA6(2582539) crossed below EMA9(2582578), close=2581890"
2352,PUT,2026-02-12T11:51:00+05:30,2026-02-12T11:59:00+05:30,25812.40,25826.30,-13.90,8m0s,"1m PUT entry: EMA6(2582168) EMA9(2582311) < MA21(2582350), close=2581240","1m PUT exit: EMA6(2582012) crossed above EMA9(2581966), close=2582630"
2353,PUT,2026-02-12T12:01:00+05:30,2026-02-12T12:08:00+05:30,25821.80,25822.15,-0.35,7m0s,"1m PUT entry: EMA6(2582253) EMA9(2582168) < MA21(2582255), close=2582180","1m PUT exit: EMA6(2581952) crossed above EMA9(2581927), close=2582215"
2354,CALL,2026-02-12T12:42:00+05:30,2026-02-12T13:06:00+05:30,25842.05,25845.80,3.75,24m0s,"1m CALL re-entry: EMA6(2583871) EMA9(2583855) > MA21(2583741), close=2584205","1m CALL exit: EMA6(2585126) crossed below EMA9(2585173), close=2584580"
2355,PUT,2026-02-12T13:07:00+05:30,2026-02-12T13:18:00+05:30,25840.95,25861.85,-20.90,11m0s,"1m PUT entry: EMA6(2584831) EMA9(2584958) < MA21(2585043), close=2584095","1m PUT exit: EMA6(2584582) crossed above EMA9(2584405), close=2586185"
2356,CALL,2026-02-12T13:19:00+05:30,2026-02-12T13:21:00+05:30,25851.60,25838.05,-13.55,2m0s,"1m CALL entry: EMA6(2584747) EMA9(2584556) > MA21(2584526), close=2585160","1m CALL exit: EMA6(2584265) crossed below EMA9(2584270), close=2583805"
2357,CALL,2026-02-12T13:23:00+05:30,2026-02-12T13:31:00+05:30,25853.15,25843.25,-9.90,8m0s,"1m CALL entry: EMA6(2584591) EMA9(2584498) > MA21(2584338), close=2585315","1m CALL exit: EMA6(2585468) crossed below EMA9(2585543), close=2584325"
2358,PUT,2026-02-12T13:35:00+05:30,2026-02-12T13:39:00+05:30,25848.10,25859.80,-11.70,4m0s,"1m PUT entry: EMA6(2585053) EMA9(2585172) < MA21(2585230), close=2584810","1m PUT exit: EMA6(2585460) crossed above EMA9(2585398), close=2585980"
2359,CALL,2026-02-12T13:40:00+05:30,2026-02-12T13:42:00+05:30,25860.15,25848.25,-11.90,2m0s,"1m CALL entry: EMA6(2585618) EMA9(2585522) > MA21(2585440), close=2586015","1m CALL exit: EMA6(2585228) crossed below EMA9(2585269), close=2584825"
2360,CALL,2026-02-12T14:08:00+05:30,2026-02-12T14:15:00+05:30,25820.75,25814.55,-6.20,7m0s,"1m CALL entry: EMA6(2581797) EMA9(2581766) > MA21(2581692), close=2582075","1m CALL exit: EMA6(2581684) crossed below EMA9(2581709), close=2581455"
2361,PUT,2026-02-12T14:16:00+05:30,2026-02-12T14:21:00+05:30,25815.05,25823.75,-8.70,5m0s,"1m PUT entry: EMA6(2581633) EMA9(2581668) < MA21(2581694), close=2581505","1m PUT exit: EMA6(2581724) crossed above EMA9(2581665), close=2582375"
2362,PUT,2026-02-12T14:38:00+05:30,2026-02-12T14:58:00+05:30,25806.25,25781.90,24.35,20m0s,"1m PUT entry: EMA6(2581822) EMA9(2582021) < MA21(2582339), close=2580625","1m PUT exit: EMA6(2577847) crossed above EMA9(2577832), close=2578190"
2363,CALL,2026-02-12T15:01:00+05:30,2026-02-12T15:17:00+05:30,25806.20,25805.85,-0.35,16m0s,"1m CALL entry: EMA6(2579188) EMA9(2578834) > MA21(2578395), close=2580620","1m CALL exit: EMA6(2580926) crossed below EMA9(2580941), close=2580585"
2364,PUT,2026-02-12T15:19:00+05:30,2026-02-12T15:29:00+05:30,25810.55,25796.15,14.40,10m0s,"1m PUT entry: EMA6(2580919) EMA9(2580927) < MA21(2580993), close=2581055",end of day (15:29 close)
2365,PUT,2026-02-13T09:47:00+05:30,2026-02-13T09:53:00+05:30,25548.05,25561.10,-13.05,6m0s,"1m PUT re-entry: EMA6(2555447) EMA9(2555455) < MA21(2555796), close=2554805","1m PUT exit: EMA6(2555320) crossed above EMA9(2555262), close=2556110"
2366,PUT,2026-02-13T09:56:00+05:30,2026-02-13T10:04:00+05:30,25536.60,25549.00,-12.40,8m0s,"1m PUT entry: EMA6(2554679) EMA9(2554828) < MA21(2554914), close=2553660","1m PUT exit: EMA6(2554367) crossed above EMA9(2554343), close=2554900"
2367,PUT,2026-02-13T10:06:00+05:30,2026-02-13T10:23:00+05:30,25537.90,25536.95,0.95,17m0s,"1m PUT re-entry: EMA6(2554175) EMA9(2554215) < MA21(2554488), close=2553790","1m PUT exit: EMA6(2553073) crossed above EMA9(2553056), close=2553695"
2368,CALL,2026-02-13T10:25:00+05:30,2026-02-13T10:47:00+05:30,25541.80,25563.45,21.65,22m0s,"1m CALL entry: EMA6(2553556) EMA9(2553414) > MA21(2553347), close=2554180","1m CALL exit: EMA6(2557039) crossed below EMA9(2557085), close=2556345"
2369,PUT,2026-02-13T10:49:00+05:30,2026-02-13T10:56:00+05:30,25558.10,25573.35,-15.25,7m0s,"1m PUT entry: EMA6(2556636) EMA9(2556782) < MA21(2556832), close=2555810","1m PUT exit: EMA6(2556557) crossed above EMA9(2556482), close=2557335"
2370,PUT,2026-02-13T10:59:00+05:30,2026-02-13T11:14:00+05:30,25560.50,25554.20,6.30,15m0s,"1m PUT re-entry: EMA6(2556371) EMA9(2556384) < MA21(2556723), close=2556050","1m PUT exit: EMA6(2554697) crossed above EMA9(2554666), close=2555420"
2371,PUT,2026-02-13T11:17:00+05:30,2026-02-13T11:26:00+05:30,25534.80,25545.35,-10.55,9m0s,"1m PUT re-entry: EMA6(2554316) EMA9(2554416) < MA21(2554848), close=2553480","1m PUT exit: EMA6(2553731) crossed above EMA9(2553704), close=2554535"
2372,CALL,2026-02-13T11:28:00+05:30,2026-02-13T11:32:00+05:30,25543.70,25534.80,-8.90,4m0s,"1m CALL entry: EMA6(2554054) EMA9(2553952) > MA21(2553945), close=2554370","1m CALL exit: EMA6(2553812) crossed below EMA9(2553841), close=2553480"
2373,CALL,2026-02-13T11:44:00+05:30,2026-02-13T12:17:00+05:30,25549.60,25560.20,10.60,33m0s,"1m CALL entry: EMA6(2553798) EMA9(2553646) > MA21(2553608), close=2554960","1m CALL exit: EMA6(2556528) crossed below EMA9(2556584), close=2556020"
2374,CALL,2026-02-13T12:19:00+05:30,2026-02-13T12:41:00+05:30,25572.30,25580.75,8.45,22m0s,"1m CALL re-entry: EMA6(2556778) EMA9(2556743) > MA21(2556616), close=2557230","1m CALL exit: EMA6(2558747) crossed below EMA9(2558791), close=2558075"
2375,PUT,2026-02-13T12:43:00+05:30,2026-02-13T12:46:00+05:30,25582.80,25591.40,-8.60,3m0s,"1m PUT entry: EMA6(2558550) EMA9(2558632) < MA21(2558744), close=2558280","1m PUT exit: EMA6(2558755) crossed above EMA9(2558736), close=2559140"
2376,PUT,2026-02-13T12:47:00+05:30,2026-02-13T13:10:00+05:30,25585.10,25549.80,35.30,23m0s,"1m PUT re-entry: EMA6(2558685) EMA9(2558691) < MA21(2558847), close=2558510","1m PUT exit: EMA6(2554414) crossed above EMA9(2554405), close=2554980"
2377,CALL,2026-02-13T13:11:00+05:30,2026-02-13T13:23:00+05:30,25567.30,25555.15,-12.15,12m0s,"1m CALL entry: EMA6(2555076) EMA9(2554870) > MA21(2554840), close=2556730","1m CALL exit: EMA6(2556678) crossed below EMA9(2556764), close=2555515"
2378,PUT,2026-02-13T13:26:00+05:30,2026-02-13T13:42:00+05:30,25543.70,25550.80,-7.10,16m0s,"1m PUT entry: EMA6(2555430) EMA9(2555780) < MA21(2556141), close=2554370","1m PUT exit: EMA6(2554792) crossed above EMA9(2554767), close=2555080"
2379,PUT,2026-02-13T13:44:00+05:30,2026-02-13T13:57:00+05:30,25539.20,25526.30,12.90,13m0s,"1m PUT entry: EMA6(2554447) EMA9(2554527) < MA21(2554599), close=2553920","1m PUT exit: EMA6(2551964) crossed above EMA9(2551949), close=2552630"
2380,PUT,2026-02-13T14:01:00+05:30,2026-02-13T14:02:00+05:30,25515.00,25527.25,-12.25,1m0s,"1m PUT re-entry: EMA6(2552013) EMA9(2552034) < MA21(2552323), close=2551500","1m PUT exit: EMA6(2552216) crossed above EMA9(2552172), close=2552725"
2381,CALL,2026-02-13T14:03:00+05:30,2026-02-13T14:09:00+05:30,25528.20,25518.90,-9.30,6m0s,"1m CALL entry: EMA6(2552389) EMA9(2552302) > MA21(2552117), close=2552820","1m CALL exit: EMA6(2552404) crossed below EMA9(2552446), close=2551890"
2382,CALL,2026-02-13T14:12:00+05:30,2026-02-13T14:21:00+05:30,25529.95,25522.70,-7.25,9m0s,"1m CALL re-entry: EMA6(2552541) EMA9(2552511) > MA21(2552312), close=2552995","1m CALL exit: EMA6(2552836) crossed below EMA9(2552865), close=2552270"
2383,PUT,2026-02-13T14:22:00+05:30,2026-02-13T14:25:00+05:30,25519.40,25532.65,-13.25,3m0s,"1m PUT entry: EMA6(2552580) EMA9(2552680) < MA21(2552787), close=2551940","1m PUT exit: EMA6(2552726) crossed above EMA9(2552721), close=2553265"
2384,CALL,2026-02-13T14:26:00+05:30,2026-02-13T14:32:00+05:30,25531.20,25525.40,-5.80,6m0s,"1m CALL entry: EMA6(2552838) EMA9(2552801) > MA21(2552767), close=2553120","1m CALL exit: EMA6(2552827) crossed below EMA9(2552846), close=2552540"
2385,CALL,2026-02-13T14:52:00+05:30,2026-02-13T15:00:00+05:30,25517.05,25496.00,-21.05,8m0s,"1m CALL entry: EMA6(2551239) EMA9(2551204) > MA21(2551191), close=2551705","1m CALL exit: EMA6(2551307) crossed below EMA9(2551414), close=2549600"
2386,PUT,2026-02-13T15:01:00+05:30,2026-02-13T15:29:00+05:30,25492.20,25460.55,31.65,28m0s,"1m PUT entry: EMA6(2550711) EMA9(2550975) < MA21(2551253), close=2549220",end of day (15:29 close)
2387,CALL,2026-02-16T09:22:00+05:30,2026-02-16T09:40:00+05:30,25480.75,25478.20,-2.55,18m0s,"1m CALL entry: EMA6(2546892) EMA9(2546605) > MA21(2546582), close=2548075","1m CALL exit: EMA6(2549331) crossed below EMA9(2549455), close=2547820"
2388,PUT,2026-02-16T09:43:00+05:30,2026-02-16T09:55:00+05:30,25466.60,25475.45,-8.85,12m0s,"1m PUT entry: EMA6(2548250) EMA9(2548596) < MA21(2548954), close=2546660","1m PUT exit: EMA6(2546069) crossed above EMA9(2546041), close=2547545"
2389,CALL,2026-02-16T09:58:00+05:30,2026-02-16T10:23:00+05:30,25490.40,25535.05,44.65,25m0s,"1m CALL entry: EMA6(2547766) EMA9(2547332) > MA21(2546887), close=2549040","1m CALL exit: EMA6(2554119) crossed below EMA9(2554131), close=2553505"
2390,PUT,2026-02-16T10:25:00+05:30,2026-02-16T10:33:00+05:30,25527.20,25538.25,-11.05,8m0s,"1m PUT entry: EMA6(2553426) EMA9(2553617) < MA21(2553652), close=2552720","1m PUT exit: EMA6(2553150) crossed above EMA9(2553106), close=2553825"
2391,PUT,2026-02-16T10:38:00+05:30,2026-02-16T10:41:00+05:30,25524.15,25538.75,-14.60,3m0s,"1m PUT re-entry: EMA6(2553001) EMA9(2553045) < MA21(2553283), close=2552415","1m PUT exit: EMA6(2553282) crossed above EMA9(2553218), close=2553875"
2392,PUT,2026-02-16T10:45:00+05:30,2026-02-16T10:59:00+05:30,25525.45,25523.05,2.40,14m0s,"1m PUT entry: EMA6(2552756) EMA9(2552837) < MA21(2552877), close=2552545","1m PUT exit: EMA6(2551868) crossed above EMA9(2551854), close=2552305"
2393,PUT,2026-02-16T11:00:00+05:30,2026-02-16T11:04:00+05:30,25517.05,25530.90,-13.85,4m0s,"1m PUT re-entry: EMA6(2551821) EMA9(2551824) < MA21(2552165), close=2551705","1m PUT exit: EMA6(2552022) crossed above EMA9(2551920), close=2553090"
2394,PUT,2026-02-16T11:26:00+05:30,2026-02-16T11:39:00+05:30,25524.55,25528.20,-3.65,13m0s,"1m PUT entry: EMA6(2553192) EMA9(2553271) < MA21(2553304), close=2552455","1m PUT exit: EMA6(2552482) crossed above EMA9(2552455), close=2552820"
2395,CALL,2026-02-16T11:44:00+05:30,2026-02-16T11:45:00+05:30,25523.65,25517.65,-6.00,1m0s,"1m CALL entry: EMA6(2552505) EMA9(2552499) > MA21(2552474), close=2552365","1m CALL exit: EMA6(2552294) crossed below EMA9(2552352), close=2551765"
2396,CALL,2026-02-16T11:59:00+05:30,2026-02-16T12:40:00+05:30,25529.10,25573.40,44.30,41m0s,"1m CALL entry: EMA6(2552130) EMA9(2551964) > MA21(2551856), close=2552910","1m CALL exit: EMA6(2557697) crossed below EMA9(2557715), close=2557340"
2397,CALL,2026-02-16T12:42:00+05:30,2026-02-16T12:46:00+05:30,25581.05,25571.00,-10.05,4m0s,"1m CALL re-entry: EMA6(2557795) EMA9(2557776) > MA21(2557422), close=2558105","1m CALL exit: EMA6(2557580) crossed below EMA9(2557636), close=2557100"
2398,CALL,2026-02-16T13:02:00+05:30,2026-02-16T13:16:00+05:30,25576.30,25571.00,-5.30,14m0s,"1m CALL entry: EMA6(2556890) EMA9(2556730) > MA21(2556715), close=2557630","1m CALL exit: EMA6(2557332) crossed below EMA9(2557349), close=2557100"
2399,PUT,2026-02-16T13:19:00+05:30,2026-02-16T13:22:00+05:30,25567.95,25576.55,-8.60,3m0s,"1m PUT entry: EMA6(2557007) EMA9(2557094) < MA21(2557219), close=2556795","1m PUT exit: EMA6(2557147) crossed above EMA9(2557147), close=2557655"
2400,PUT,2026-02-16T13:25:00+05:30,2026-02-16T13:33:00+05:30,25571.10,25577.20,-6.10,8m0s,"1m PUT entry: EMA6(2557252) EMA9(2557235) < MA21(2557275), close=2557110","1m PUT exit: EMA6(2557389) crossed above EMA9(2557384), close=2557720"
2401,CALL,2026-02-16T13:50:00+05:30,2026-02-16T13:51:00+05:30,25587.85,25584.00,-3.85,1m0s,"1m CALL re-entry: EMA6(2558582) EMA9(2558577) > MA21(2558303), close=2558785","1m CALL exit: EMA6(2558530) crossed below EMA9(2558541), close=2558400"
2402,PUT,2026-02-16T13:52:00+05:30,2026-02-16T14:01:00+05:30,25574.20,25578.95,-4.75,9m0s,"1m PUT entry: EMA6(2558213) EMA9(2558317) < MA21(2558382), close=2557420","1m PUT exit: EMA6(2557013) crossed above EMA9(2556992), close=2557895"
2403,PUT,2026-02-16T14:06:00+05:30,2026-02-16T14:12:00+05:30,25565.10,25572.40,-7.30,6m0s,"1m PUT re-entry: EMA6(2557036) EMA9(2557085) < MA21(2557323), close=2556510","1m PUT exit: EMA6(2556908) crossed above EMA9(2556907), close=2557240"
2404,PUT,2026-02-16T15:19:00+05:30,2026-02-16T15:23:00+05:30,25680.95,25687.65,-6.70,4m0s,"1m PUT entry: EMA6(2568245) EMA9(2568307) < MA21(2568350), close=2568095","1m PUT exit: EMA6(2568356) crossed above EMA9(2568343), close=2568765"
2405,PUT,2026-02-16T15:27:00+05:30,2026-02-16T15:29:00+05:30,25681.25,25682.45,-1.20,2m0s,"1m PUT re-entry: EMA6(2568378) EMA9(2568386) < MA21(2568522), close=2568125",end of day (15:29 close)
2406,CALL,2026-02-17T09:34:00+05:30,2026-02-17T09:37:00+05:30,25612.40,25594.85,-17.55,3m0s,"1m CALL entry: EMA6(2560293) EMA9(2560090) > MA21(2560025), close=2561240","1m CALL exit: EMA6(2559806) crossed below EMA9(2559828), close=2559485"
2407,CALL,2026-02-17T09:38:00+05:30,2026-02-17T10:36:00+05:30,25609.35,25705.50,96.15,58m0s,"1m CALL re-entry: EMA6(2560129) EMA9(2560049) > MA21(2559579), close=2560935","1m CALL exit: EMA6(2571166) crossed below EMA9(2571198), close=2570550"
2408,PUT,2026-02-17T10:39:00+05:30,2026-02-17T10:59:00+05:30,25692.80,25668.10,24.70,20m0s,"1m PUT entry: EMA6(2570148) EMA9(2570414) < MA21(2570642), close=2569280","1m PUT exit: EMA6(2566208) crossed above EMA9(2566161), close=2566810"
2409,CALL,2026-02-17T11:01:00+05:30,2026-02-17T11:06:00+05:30,25668.75,25658.50,-10.25,5m0s,"1m CALL entry: EMA6(2566430) EMA9(2566337) > MA21(2566247), close=2566875","1m CALL exit: EMA6(2566244) crossed below EMA9(2566269), close=2565850"
2410,CALL,2026-02-17T11:08:00+05:30,2026-02-17T11:58:00+05:30,25672.40,25730.50,58.10,50m0s,"1m CALL re-entry: EMA6(2566550) EMA9(2566476) > MA21(2566126), close=2567240","1m CALL exit: EMA6(2573374) crossed below EMA9(2573404), close=2573050"
2411,PUT,2026-02-17T12:03:00+05:30,2026-02-17T12:16:00+05:30,25732.10,25732.70,-0.60,13m0s,"1m PUT entry: EMA6(2573269) EMA9(2573289) < MA21(2573359), close=2573210","1m PUT exit: EMA6(2572823) crossed above EMA9(2572786), close=2573270"
2412,CALL,2026-02-17T12:17:00+05:30,2026-02-17T12:29:00+05:30,25735.55,25733.65,-1.90,12m0s,"1m CALL entry: EMA6(2573032) EMA9(2572939) > MA21(2572885), close=2573555","1m CALL exit: EMA6(2573895) crossed below EMA9(2573949), close=2573365"
2413,PUT,2026-02-17T12:32:00+05:30,2026-02-17T12:43:00+05:30,25733.80,25736.30,-2.50,11m0s,"1m PUT entry: EMA6(2573590) EMA9(2573686) < MA21(2573703), close=2573380","1m PUT exit: EMA6(2573473) crossed above EMA9(2573464), close=2573630"
2414,CALL,2026-02-17T12:45:00+05:30,2026-02-17T12:57:00+05:30,25739.75,25735.50,-4.25,12m0s,"1m CALL entry: EMA6(2573697) EMA9(2573631) > MA21(2573614), close=2573975","1m CALL exit: EMA6(2574429) crossed below EMA9(2574445), close=2573550"
2415,PUT,2026-02-17T13:00:00+05:30,2026-02-17T13:08:00+05:30,25734.90,25751.60,-16.70,8m0s,"1m PUT entry: EMA6(2573859) EMA9(2574004) < MA21(2574102), close=2573490","1m PUT exit: EMA6(2573890) crossed above EMA9(2573748), close=2575160"
2416,CALL,2026-02-17T13:09:00+05:30,2026-02-17T13:14:00+05:30,25759.45,25736.35,-23.10,5m0s,"1m CALL entry: EMA6(2574477) EMA9(2574188) > MA21(2574054), close=2575945","1m CALL exit: EMA6(2574340) crossed below EMA9(2574351), close=2573635"
2417,PUT,2026-02-17T13:17:00+05:30,2026-02-17T13:21:00+05:30,25732.45,25742.35,-9.90,4m0s,"1m PUT entry: EMA6(2573636) EMA9(2573803) < MA21(2573822), close=2573245","1m PUT exit: EMA6(2573858) crossed above EMA9(2573856), close=2574235"
2418,CALL,2026-02-17T13:22:00+05:30,2026-02-17T13:25:00+05:30,25748.00,25736.90,-11.10,3m0s,"1m CALL entry: EMA6(2574127) EMA9(2574045) > MA21(2573937), close=2574800","1m CALL exit: EMA6(2573965) crossed below EMA9(2573967), close=2573690"
2419,CALL,2026-02-17T13:30:00+05:30,2026-02-17T13:39:00+05:30,25746.05,25742.25,-3.80,9m0s,"1m CALL entry: EMA6(2574170) EMA9(2574109) > MA21(2574064), close=2574605","1m CALL exit: EMA6(2574810) crossed below EMA9(2574857), close=2574225"
2420,CALL,2026-02-17T13:43:00+05:30,2026-02-17T13:44:00+05:30,25750.90,25744.70,-6.20,1m0s,"1m CALL re-entry: EMA6(2574868) EMA9(2574858) > MA21(2574684), close=2575090","1m CALL exit: EMA6(2574754) crossed below EMA9(2574780), close=2574470"
2421,PUT,2026-02-17T13:46:00+05:30,2026-02-17T14:03:00+05:30,25746.20,25725.75,20.45,17m0s,"1m PUT entry: EMA6(2574717) EMA9(2574745) < MA21(2574785), close=2574620","1m PUT exit: EMA6(2571838) crossed above EMA9(2571829), close=2572575"
2422,CALL,2026-02-17T14:07:00+05:30,2026-02-17T14:09:00+05:30,25725.85,25710.50,-15.35,2m0s,"1m CALL entry: EMA6(2572451) EMA9(2572328) > MA21(2572309), close=2572585","1m CALL exit: EMA6(2572077) crossed below EMA9(2572113), close=2571050"
2423,PUT,2026-02-17T14:27:00+05:30,2026-02-17T14:35:00+05:30,25696.60,25695.00,1.60,8m0s,"1m PUT re-entry: EMA6(2569793) EMA9(2569797) < MA21(2569819), close=2569660","1m PUT exit: EMA6(2569154) crossed above EMA9(2569127), close=2569500"
2424,CALL,2026-02-17T14:37:00+05:30,2026-02-17T14:48:00+05:30,25704.90,25709.40,4.50,11m0s,"1m CALL entry: EMA6(2569735) EMA9(2569560) > MA21(2569471), close=2570490","1m CALL exit: EMA6(2571399) crossed below EMA9(2571415), close=2570940"
2425,PUT,2026-02-17T14:53:00+05:30,2026-02-17T14:54:00+05:30,25711.50,25717.15,-5.65,1m0s,"1m PUT entry: EMA6(2571171) EMA9(2571204) < MA21(2571213), close=2571150","1m PUT exit: EMA6(2571327) crossed above EMA9(2571306), close=2571715"
2426,PUT,2026-02-17T14:55:00+05:30,2026-02-17T15:00:00+05:30,25710.95,25730.70,-19.75,5m0s,"1m PUT re-entry: EMA6(2571260) EMA9(2571264) < MA21(2571401), close=2571095","1m PUT exit: EMA6(2571430) crossed above EMA9(2571273), close=2573070"
2427,CALL,2026-02-17T15:01:00+05:30,2026-02-17T15:18:00+05:30,25741.10,25718.50,-22.60,17m0s,"1m CALL entry: EMA6(2572196) EMA9(2571841) > MA21(2571481), close=2574110","1m CALL exit: EMA6(2572375) crossed below EMA9(2572411), close=2571850"
2428,CALL,2026-02-17T15:21:00+05:30,2026-02-17T15:26:00+05:30,25730.40,25721.45,-8.95,5m0s,"1m CALL entry: EMA6(2572615) EMA9(2572561) > MA21(2572550), close=2573040","1m CALL exit: EMA6(2572451) crossed below EMA9(2572484), close=2572145"
2429,CALL,2026-02-18T09:19:00+05:30,2026-02-18T09:22:00+05:30,25742.05,25719.75,-22.30,3m0s,"1m CALL entry: EMA6(2572942) EMA9(2572731) > MA21(2572471), close=2574205","1m CALL exit: EMA6(2572490) crossed below EMA9(2572497), close=2571975"
2430,PUT,2026-02-18T09:23:00+05:30,2026-02-18T09:27:00+05:30,25711.50,25735.85,-24.35,4m0s,"1m PUT entry: EMA6(2572107) EMA9(2572228) < MA21(2572362), close=2571150","1m PUT exit: EMA6(2572395) crossed above EMA9(2572313), close=2573585"
2431,PUT,2026-02-18T09:31:00+05:30,2026-02-18T09:33:00+05:30,25711.95,25730.00,-18.05,2m0s,"1m PUT entry: EMA6(2572093) EMA9(2572156) < MA21(2572211), close=2571195","1m PUT exit: EMA6(2572308) crossed above EMA9(2572280), close=2573000"
2432,PUT,2026-02-18T09:48:00+05:30,2026-02-18T10:12:00+05:30,25721.25,25672.35,48.90,24m0s,"1m PUT entry: EMA6(2572800) EMA9(2573006) < MA21(2573142), close=2572125","1m PUT exit: EMA6(2566794) crossed above EMA9(2566789), close=2567235"
2433,PUT,2026-02-18T10:14:00+05:30,2026-02-18T10:19:00+05:30,25661.95,25671.35,-9.40,5m0s,"1m PUT re-entry: EMA6(2566624) EMA9(2566672) < MA21(2566798), close=2566195","1m PUT exit: EMA6(2566519) crossed above EMA9(2566497), close=2567135"
2434,CALL,2026-02-18T10:24:00+05:30,2026-02-18T10:26:00+05:30,25670.30,25657.25,-13.05,2m0s,"1m CALL entry: EMA6(2566652) EMA9(2566601) > MA21(2566545), close=2567030","1m CALL exit: EMA6(2566344) crossed below EMA9(2566400), close=2565725"
2435,CALL,2026-02-18T10:33:00+05:30,2026-02-18T10:39:00+05:30,25673.85,25660.75,-13.10,6m0s,"1m CALL entry: EMA6(2566631) EMA9(2566514) > MA21(2566352), close=2567385","1m CALL exit: EMA6(2566867) crossed below EMA9(2566881), close=2566075"
2436,PUT,2026-02-18T10:41:00+05:30,2026-02-18T10:46:00+05:30,25659.55,25670.30,-10.75,5m0s,"1m PUT entry: EMA6(2566432) EMA9(2566556) < MA21(2566565), close=2565955","1m PUT exit: EMA6(2566548) crossed above EMA9(2566546), close=2567030"
2437,PUT,2026-02-18T11:13:00+05:30,2026-02-18T11:29:00+05:30,25694.60,25693.55,1.05,16m0s,"1m PUT entry: EMA6(2569843) EMA9(2569925) < MA21(2570004), close=2569460","1m PUT exit: EMA6(2569193) crossed above EMA9(2569179), close=2569355"
2438,CALL,2026-02-18T11:32:00+05:30,2026-02-18T11:40:00+05:30,25695.30,25695.45,0.15,8m0s,"1m CALL entry: EMA6(2569314) EMA9(2569273) > MA21(2569206), close=2569530","1m CALL exit: EMA6(2569971) crossed below EMA9(2569982), close=2569545"
2439,PUT,2026-02-18T11:42:00+05:30,2026-02-18T11:51:00+05:30,25681.45,25691.10,-9.65,9m0s,"1m PUT entry: EMA6(2569223) EMA9(2569435) < MA21(2569570), close=2568145","1m PUT exit: EMA6(2569007) crossed above EMA9(2568996), close=2569110"
2440,CALL,2026-02-18T11:56:00+05:30,2026-02-18T12:26:00+05:30,25695.90,25705.70,9.80,30m0s,"1m CALL entry: EMA6(2569356) EMA9(2569269) > MA21(2569173), close=2569590","1m CALL exit: EMA6(2571322) crossed below EMA9(2571390), close=2570570"
2441,CALL,2026-02-18T12:31:00+05:30,2026-02-18T12:49:00+05:30,25720.10,25713.95,-6.15,18m0s,"1m CALL entry: EMA6(2571577) EMA9(2571516) > MA21(2571444), close=2572010","1m CALL exit: EMA6(2572196) crossed below EMA9(2572292), close=2571395"
2442,CALL,2026-02-18T12:58:00+05:30,2026-02-18T13:10:00+05:30,25732.00,25720.35,-11.65,12m0s,"1m CALL entry: EMA6(2572649) EMA9(2572524) > MA21(2572406), close=2573200","1m CALL exit: EMA6(2573043) crossed below EMA9(2573129), close=2572035"
2443,PUT,2026-02-18T13:12:00+05:30,2026-02-18T13:15:00+05:30,25726.95,25739.45,-12.50,3m0s,"1m PUT entry: EMA6(2572763) EMA9(2572887) < MA21(2572997), close=2572695","1m PUT exit: EMA6(2573180) crossed above EMA9(2573125), close=2573945"
2444,CALL,2026-02-18T13:16:00+05:30,2026-02-18T13:26:00+05:30,25734.45,25731.10,-3.35,10m0s,"1m CALL entry: EMA6(2573256) EMA9(2573189) > MA21(2573188), close=2573445","1m CALL exit: EMA6(2573965) crossed below EMA9(2574004), close=2573110"
2445,PUT,2026-02-18T13:28:00+05:30,2026-02-18T13:45:00+05:30,25718.70,25730.65,-11.95,17m0s,"1m PUT entry: EMA6(2573070) EMA9(2573338) < MA21(2573491), close=2571870","1m PUT exit: EMA6(2572492) crossed above EMA9(2572475), close=2573065"
2446,CALL,2026-02-18T13:46:00+05:30,2026-02-18T13:53:00+05:30,25731.70,25708.55,-23.15,7m0s,"1m CALL entry: EMA6(2572685) EMA9(2572614) > MA21(2572530), close=2573170","1m CALL exit: EMA6(2572632) crossed below EMA9(2572761), close=2570855"
2447,PUT,2026-02-18T13:54:00+05:30,2026-02-18T14:00:00+05:30,25700.00,25725.40,-25.40,6m0s,"1m PUT entry: EMA6(2571880) EMA9(2572209) < MA21(2572560), close=2570000","1m PUT exit: EMA6(2572050) crossed above EMA9(2572019), close=2572540"
2448,CALL,2026-02-18T14:06:00+05:30,2026-02-18T14:40:00+05:30,25727.05,25782.10,55.05,34m0s,"1m CALL entry: EMA6(2572556) EMA9(2572445) > MA21(2572363), close=2572705","1m CALL exit: EMA6(2578292) crossed below EMA9(2578301), close=2578210"
2449,CALL,2026-02-18T14:51:00+05:30,2026-02-18T15:20:00+05:30,25789.10,25818.30,29.20,29m0s,"1m CALL entry: EMA6(2578246) EMA9(2578150) > MA21(2578117), close=2578910","1m CALL exit: EMA6(2582137) crossed below EMA9(2582148), close=2581830"
2450,CALL,2026-02-18T15:22:00+05:30,2026-02-18T15:29:00+05:30,25821.45,25805.70,-15.75,7m0s,"1m CALL entry: EMA6(2582088) EMA9(2582105) > MA21(2582059), close=2582145",end of day (15:29 close)
2451,PUT,2026-02-19T09:29:00+05:30,2026-02-19T09:48:00+05:30,25817.65,25800.80,16.85,19m0s,"1m PUT entry: EMA6(2583039) EMA9(2583542) < MA21(2583939), close=2581765","1m PUT exit: EMA6(2579105) crossed above EMA9(2579098), close=2580080"
2452,CALL,2026-02-19T09:51:00+05:30,2026-02-19T09:53:00+05:30,25794.85,25788.10,-6.75,2m0s,"1m CALL entry: EMA6(2579694) EMA9(2579579) > MA21(2579567), close=2579485","1m CALL exit: EMA6(2579267) crossed below EMA9(2579307), close=2578810"
2453,PUT,2026-02-19T10:10:00+05:30,2026-02-19T10:52:00+05:30,25778.55,25734.10,44.45,42m0s,"1m PUT re-entry: EMA6(2578170) EMA9(2578189) < MA21(2578264), close=2577855","1m PUT exit: EMA6(2572741) crossed above EMA9(2572703), close=2573410"
2454,CALL,2026-02-19T10:54:00+05:30,2026-02-19T10:56:00+05:30,25733.65,25722.85,-10.80,2m0s,"1m CALL entry: EMA6(2572957) EMA9(2572871) > MA21(2572719), close=2573365","1m CALL exit: EMA6(2572719) crossed below EMA9(2572731), close=2572285"
2455,CALL,2026-02-19T10:57:00+05:30,2026-02-19T11:10:00+05:30,25730.15,25732.80,2.65,13m0s,"1m CALL re-entry: EMA6(2572803) EMA9(2572788) > MA21(2572593), close=2573015","1m CALL exit: EMA6(2573305) crossed below EMA9(2573305), close=2573280"
2456,PUT,2026-02-19T11:13:00+05:30,2026-02-19T12:21:00+05:30,25720.60,25630.65,89.95,1h8m0s,"1m PUT entry: EMA6(2572904) EMA9(2573021) < MA21(2573174), close=2572060","1m PUT exit: EMA6(2561625) crossed above EMA9(2561586), close=2563065"
2457,CALL,2026-02-19T12:25:00+05:30,2026-02-19T12:32:00+05:30,25626.65,25617.05,-9.60,7m0s,"1m CALL entry: EMA6(2562636) EMA9(2562424) > MA21(2562346), close=2562665","1m CALL exit: EMA6(2562318) crossed below EMA9(2562356), close=2561705"
2458,PUT,2026-02-19T12:36:00+05:30,2026-02-19T12:52:00+05:30,25612.55,25598.45,14.10,16m0s,"1m PUT entry: EMA6(2561655) EMA9(2561800) < MA21(2561945), close=2561255","1m PUT exit: EMA6(2558767) crossed above EMA9(2558676), close=2559845"
2459,CALL,2026-02-19T12:55:00+05:30,2026-02-19T13:03:00+05:30,25600.10,25591.45,-8.65,8m0s,"1m CALL entry: EMA6(2559364) EMA9(2559173) > MA21(2559052), close=2560010","1m CALL exit: EMA6(2559260) crossed below EMA9(2559269), close=2559145"
2460,CALL,2026-02-19T13:04:00+05:30,2026-02-19T13:16:00+05:30,25598.45,25599.80,1.35,12m0s,"1m CALL re-entry: EMA6(2559427) EMA9(2559384) > MA21(2558944), close=2559845","1m CALL exit: EMA6(2561220) crossed below EMA9(2561304), close=2559980"
2461,CALL,2026-02-19T13:21:00+05:30,2026-02-19T13:27:00+05:30,25626.40,25610.55,-15.85,6m0s,"1m CALL re-entry: EMA6(2561448) EMA9(2561364) > MA21(2561112), close=2562640","1m CALL exit: EMA6(2561939) crossed below EMA9(2561946), close=2561055"
2462,PUT,2026-02-19T13:30:00+05:30,2026-02-19T13:40:00+05:30,25605.15,25604.40,0.75,10m0s,"1m PUT entry: EMA6(2561525) EMA9(2561651) < MA21(2561776), close=2560515","1m PUT exit: EMA6(2559982) crossed above EMA9(2559964), close=2560440"
2463,PUT,2026-02-19T13:46:00+05:30,2026-02-19T14:10:00+05:30,25597.80,25568.15,29.65,24m0s,"1m PUT re-entry: EMA6(2559977) EMA9(2559999) < MA21(2560047), close=2559780","1m PUT exit: EMA6(2556256) crossed above EMA9(2556209), close=2556815"
2464,CALL,2026-02-19T14:13:00+05:30,2026-02-19T14:25:00+05:30,25569.75,25574.40,4.65,12m0s,"1m CALL entry: EMA6(2556491) EMA9(2556405) > MA21(2556384), close=2556975","1m CALL exit: EMA6(2558142) crossed below EMA9(2558198), close=2557440"
2465,PUT,2026-02-19T14:27:00+05:30,2026-02-19T14:57:00+05:30,25558.80,25533.40,25.40,30m0s,"1m PUT entry: EMA6(2557285) EMA9(2557560) < MA21(2557649), close=2555880","1m PUT exit: EMA6(2552194) crossed above EMA9(2552128), close=2553340"
2466,PUT,2026-02-19T15:00:00+05:30,2026-02-19T15:29:00+05:30,25507.05,25416.45,90.60,29m0s,"1m PUT re-entry: EMA6(2551915) EMA9(2551988) < MA21(2552211), close=2550705",end of day (15:29 close)
2467,CALL,2026-02-20T09:16:00+05:30,2026-02-20T09:25:00+05:30,25469.05,25411.20,-57.85,9m0s,"1m CALL entry: EMA6(2543581) EMA9(2542918) > MA21(2542723), close=2546905","1m CALL exit: EMA6(2543772) crossed below EMA9(2543960), close=2541120"
2468,PUT,2026-02-20T09:28:00+05:30,2026-02-20T09:33:00+05:30,25407.85,25451.95,-44.10,5m0s,"1m PUT entry: EMA6(2542359) EMA9(2542805) < MA21(2542940), close=2540785","1m PUT exit: EMA6(2542696) crossed above EMA9(2542575), close=2545195"
2469,CALL,2026-02-20T09:35:00+05:30,2026-02-20T10:03:00+05:30,25469.40,25492.05,22.65,28m0s,"1m CALL entry: EMA6(2544712) EMA9(2544098) > MA21(2543922), close=2546940","1m CALL exit: EMA6(2550611) crossed below EMA9(2550729), close=2549205"
2470,PUT,2026-02-20T10:04:00+05:30,2026-02-20T10:16:00+05:30,25496.35,25517.60,-21.25,12m0s,"1m PUT entry: EMA6(2550332) EMA9(2550510) < MA21(2550609), close=2549635","1m PUT exit: EMA6(2549743) crossed above EMA9(2549588), close=2551760"
2471,CALL,2026-02-20T10:17:00+05:30,2026-02-20T10:50:00+05:30,25519.15,25577.05,57.90,33m0s,"1m CALL entry: EMA6(2550363) EMA9(2550053) > MA21(2550038), close=2551915","1m CALL exit: EMA6(2558729) crossed below EMA9(2558786), close=2557705"
2472,CALL,2026-02-20T10:55:00+05:30,2026-02-20T10:58:00+05:30,25589.55,25575.25,-14.30,3m0s,"1m CALL re-entry: EMA6(2558759) EMA9(2558756) > MA21(2558650), close=2558955","1m CALL exit: EMA6(2558472) crossed below EMA9(2558565), close=2557525"
2473,PUT,2026-02-20T11:17:00+05:30,2026-02-20T11:18:00+05:30,25571.15,25578.00,-6.85,1m0s,"1m PUT re-entry: EMA6(2557293) EMA9(2557314) < MA21(2557581), close=2557115","1m PUT exit: EMA6(2557438) crossed above EMA9(2557411), close=2557800"
2474,CALL,2026-02-20T11:20:00+05:30,2026-02-20T11:22:00+05:30,25577.65,25569.70,-7.95,2m0s,"1m CALL entry: EMA6(2557601) EMA9(2557541) > MA21(2557508), close=2557765","1m CALL exit: EMA6(2557425) crossed below EMA9(2557439), close=2556970"
2475,PUT,2026-02-20T11:23:00+05:30,2026-02-20T11:27:00+05:30,25563.15,25581.05,-17.90,4m0s,"1m PUT entry: EMA6(2557108) EMA9(2557215) < MA21(2557356), close=2556315","1m PUT exit: EMA6(2557495) crossed above EMA9(2557428), close=2558105"
2476,PUT,2026-02-20T11:51:00+05:30,2026-02-20T11:58:00+05:30,25595.80,25607.20,-11.40,7m0s,"1m PUT entry: EMA6(2559708) EMA9(2559805) < MA21(2559854), close=2559580","1m PUT exit: EMA6(2559847) crossed above EMA9(2559746), close=2560720"
2477,PUT,2026-02-20T12:01:00+05:30,2026-02-20T12:10:00+05:30,25588.35,25593.90,-5.55,9m0s,"1m PUT re-entry: EMA6(2559524) EMA9(2559566) < MA21(2559797), close=2558835","1m PUT exit: EMA6(2559061) crossed above EMA9(2559039), close=2559390"
2478,CALL,2026-02-20T12:12:00+05:30,2026-02-20T12:34:00+05:30,25594.25,25643.00,48.75,22m0s,"1m CALL entry: EMA6(2559267) EMA9(2559199) > MA21(2559182), close=2559425","1m CALL exit: EMA6(2564804) crossed below EMA9(2564823), close=2564300"
2479,PUT,2026-02-20T12:37:00+05:30,2026-02-20T13:26:00+05:30,25637.15,25552.95,84.20,49m0s,"1m PUT entry: EMA6(2564362) EMA9(2564490) < MA21(2564640), close=2563715","1m PUT exit: EMA6(2554809) crossed above EMA9(2554783), close=2555295"
2480,CALL,2026-02-20T13:28:00+05:30,2026-02-20T13:40:00+05:30,25570.35,25571.30,0.95,12m0s,"1m CALL entry: EMA6(2555628) EMA9(2555381) > MA21(2554993), close=2557035","1m CALL exit: EMA6(2557804) crossed below EMA9(2557822), close=2557130"
2481,PUT,2026-02-20T13:45:00+05:30,2026-02-20T13:48:00+05:30,25577.85,25577.55,0.30,3m0s,"1m PUT entry: EMA6(2557454) EMA9(2557483) < MA21(2557487), close=2557785","1m PUT exit: EMA6(2557516) crossed above EMA9(2557512), close=2557755"
2482,PUT,2026-02-20T13:52:00+05:30,2026-02-20T13:57:00+05:30,25572.25,25585.55,-13.30,5m0s,"1m PUT re-entry: EMA6(2557604) EMA9(2557610) < MA21(2557875), close=2557225","1m PUT exit: EMA6(2557715) crossed above EMA9(2557641), close=2558555"
2483,PUT,2026-02-20T14:27:00+05:30,2026-02-20T14:35:00+05:30,25595.90,25614.55,-18.65,8m0s,"1m PUT entry: EMA6(2560421) EMA9(2560699) < MA21(2560840), close=2559590","1m PUT exit: EMA6(2560369) crossed above EMA9(2560302), close=2561455"
2484,PUT,2026-02-20T14:38:00+05:30,2026-02-20T14:39:00+05:30,25596.85,25607.75,-10.90,1m0s,"1m PUT re-entry: EMA6(2560289) EMA9(2560298) < MA21(2560723), close=2559685","1m PUT exit: EMA6(2560428) crossed above EMA9(2560394), close=2560775"
2485,CALL,2026-02-20T14:40:00+05:30,2026-02-20T15:00:00+05:30,25612.05,25623.05,11.00,20m0s,"1m CALL entry: EMA6(2560650) EMA9(2560556) > MA21(2560535), close=2561205","1m CALL exit: EMA6(2563207) crossed below EMA9(2563228), close=2562305"
2486,PUT,2026-02-20T15:01:00+05:30,2026-02-20T15:28:00+05:30,25627.60,25569.90,57.70,27m0s,"1m PUT entry: EMA6(2563080) EMA9(2563135) < MA21(2563170), close=2562760","1m PUT exit: EMA6(2556417) crossed above EMA9(2556357), close=2556990"
2487,PUT,2026-02-23T09:40:00+05:30,2026-02-23T09:48:00+05:30,25719.85,25744.10,-24.25,8m0s,"1m PUT entry: EMA6(2573737) EMA9(2573973) < MA21(2574212), close=2571985","1m PUT exit: EMA6(2573704) crossed above EMA9(2573675), close=2574410"
2488,PUT,2026-02-23T09:53:00+05:30,2026-02-23T10:05:00+05:30,25715.30,25729.80,-14.50,12m0s,"1m PUT re-entry: EMA6(2573198) EMA9(2573358) < MA21(2573768), close=2571530","1m PUT exit: EMA6(2572963) crossed above EMA9(2572962), close=2572980"
2489,PUT,2026-02-23T10:07:00+05:30,2026-02-23T10:18:00+05:30,25719.35,25729.70,-10.35,11m0s,"1m PUT re-entry: EMA6(2572706) EMA9(2572786) < MA21(2573072), close=2571935","1m PUT exit: EMA6(2572377) crossed above EMA9(2572311), close=2572970"
2490,PUT,2026-02-23T10:21:00+05:30,2026-02-23T10:53:00+05:30,25724.00,25674.65,49.35,32m0s,"1m PUT entry: EMA6(2572449) EMA9(2572405) < MA21(2572450), close=2572400","1m PUT exit: EMA6(2566679) crossed above EMA9(2566647), close=2567465"
2491,CALL,2026-02-23T10:57:00+05:30,2026-02-23T11:06:00+05:30,25675.50,25662.65,-12.85,9m0s,"1m CALL entry: EMA6(2567109) EMA9(2566993) > MA21(2566957), close=2567550","1m CALL exit: EMA6(2567466) crossed below EMA9(2567510), close=2566265"
2492,PUT,2026-02-23T11:08:00+05:30,2026-02-23T11:10:00+05:30,25665.65,25689.10,-23.45,2m0s,"1m PUT entry: EMA6(2566906) EMA9(2567077) < MA21(2567090), close=2566565","1m PUT exit: EMA6(2567712) crossed above EMA9(2567599), close=2568910"
2493,PUT,2026-02-23T11:21:00+05:30,2026-02-23T11:37:00+05:30,25672.20,25665.60,6.60,16m0s,"1m PUT entry: EMA6(2567859) EMA9(2568012) < MA21(2568081), close=2567220","1m PUT exit: EMA6(2566208) crossed above EMA9(2566182), close=2566560"
2494,CALL,2026-02-23T11:39:00+05:30,2026-02-23T11:46:00+05:30,25668.60,25661.65,-6.95,7m0s,"1m CALL entry: EMA6(2566519) EMA9(2566420) > MA21(2566328), close=2566860","1m CALL exit: EMA6(2566436) crossed below EMA9(2566448), close=2566165"
2495,PUT,2026-02-23T11:48:00+05:30,2026-02-23T11:56:00+05:30,25647.05,25660.80,-13.75,8m0s,"1m PUT entry: EMA6(2565899) EMA9(2566064) < MA21(2566214), close=2564705","1m PUT exit: EMA6(2565649) crossed above EMA9(2565601), close=2566080"
2496,PUT,2026-02-23T11:59:00+05:30,2026-02-23T12:02:00+05:30,25649.45,25662.35,-12.90,3m0s,"1m PUT re-entry: EMA6(2565421) EMA9(2565468) < MA21(2565771), close=2564945","1m PUT exit: EMA6(2565530) crossed above EMA9(2565505), close=2566235"
2497,CALL,2026-02-23T12:03:00+05:30,2026-02-23T12:15:00+05:30,25660.15,25660.70,0.55,12m0s,"1m CALL entry: EMA6(2565669) EMA9(2565607) > MA21(2565566), close=2566015","1m CALL exit: EMA6(2566274) crossed below EMA9(2566279), close=2566070"
2498,CALL,2026-02-23T12:16:00+05:30,2026-02-23T12:22:00+05:30,25667.15,25656.55,-10.60,6m0s,"1m CALL re-entry: EMA6(2566400) EMA9(2566366) > MA21(2566108), close=2566715","1m CALL exit: EMA6(2566597) crossed below EMA9(2566639), close=2565655"
2499,PUT,2026-02-23T12:23:00+05:30,2026-02-23T12:36:00+05:30,25656.60,25656.20,0.40,13m0s,"1m PUT entry: EMA6(2566329) EMA9(2566444) < MA21(2566527), close=2565660","1m PUT exit: EMA6(2565264) crossed above EMA9(2565241), close=2565620"
2500,CALL,2026-02-23T12:40:00+05:30,2026-02-23T12:50:00+05:30,25660.70,25659.10,-1.60,10m0s,"1m CALL entry: EMA6(2565718) EMA9(2565600) > MA21(2565442), close=2566070","1m CALL exit: EMA6(2566839) crossed below EMA9(2566931), close=2565910"
2501,PUT,2026-02-23T12:52:00+05:30,2026-02-23T13:09:00+05:30,25647.95,25649.10,-1.15,17m0s,"1m PUT entry: EMA6(2565935) EMA9(2566238) < MA21(2566384), close=2564795","1m PUT exit: EMA6(2564511) crossed above EMA9(2564463), close=2564910"
2502,CALL,2026-02-23T13:10:00+05:30,2026-02-23T13:14:00+05:30,25652.35,25636.70,-15.65,4m0s,"1m CALL entry: EMA6(2564718) EMA9(2564617) > MA21(2564576), close=2565235","1m CALL exit: EMA6(2564423) crossed below EMA9(2564492), close=2563670"
2503,PUT,2026-02-23T13:15:00+05:30,2026-02-23T13:19:00+05:30,25630.25,25644.85,-14.60,4m0s,"1m PUT entry: EMA6(2564023) EMA9(2564198) < MA21(2564349), close=2563025","1m PUT exit: EMA6(2564235) crossed above EMA9(2564231), close=2564485"
2504,PUT,2026-02-23T13:36:00+05:30,2026-02-23T13:43:00+05:30,25644.95,25661.25,-16.30,7m0s,"1m PUT entry: EMA6(2565080) EMA9(2565285) < MA21(2565308), close=2564495","1m PUT exit: EMA6(2565081) crossed above EMA9(2565017), close=2566125"
2505,CALL,2026-02-23T13:46:00+05:30,2026-02-23T13:52:00+05:30,25667.90,25653.10,-14.80,6m0s,"1m CALL entry: EMA6(2565993) EMA9(2565739) > MA21(2565563), close=2566790","1m CALL exit: EMA6(2565575) crossed below EMA9(2565579), close=2565310"
2506,PUT,2026-02-23T13:57:00+05:30,2026-02-23T14:15:00+05:30,25643.40,25636.05,7.35,18m0s,"1m PUT entry: EMA6(2564996) EMA9(2565137) < MA21(2565276), close=2564340","1m PUT exit: EMA6(2562970) crossed above EMA9(2562918), close=2563605"
2507,PUT,2026-02-23T14:16:00+05:30,2026-02-23T14:18:00+05:30,25622.85,25643.45,-20.60,2m0s,"1m PUT re-entry: EMA6(2562774) EMA9(2562791) < MA21(2563041), close=2562285","1m PUT exit: EMA6(2563236) crossed above EMA9(2563109), close=2564345"
2508,PUT,2026-02-23T14:45:00+05:30,2026-02-23T14:47:00+05:30,25672.55,25688.15,-15.60,2m0s,"1m PUT entry: EMA6(2567616) EMA9(2567726) < MA21(2567729), close=2567255","1m PUT exit: EMA6(2568130) crossed above EMA9(2568061), close=2568815"
2509,PUT,2026-02-23T14:48:00+05:30,2026-02-23T15:00:00+05:30,25683.80,25702.45,-18.65,12m0s,"1m PUT entry: EMA6(2568201) EMA9(2568125) < MA21(2568260), close=2568380","1m PUT exit: EMA6(2568392) crossed above EMA9(2568259), close=2570245"
2510,PUT,2026-02-23T15:20:00+05:30,2026-02-23T15:24:00+05:30,25712.70,25719.30,-6.60,4m0s,"1m PUT entry: EMA6(2571529) EMA9(2571505) < MA21(2571547), close=2571270","1m PUT exit: EMA6(2571415) crossed above EMA9(2571411), close=2571930"
2511,CALL,2026-02-23T15:26:00+05:30,2026-02-23T15:29:00+05:30,25721.05,25704.00,-17.05,3m0s,"1m CALL entry: EMA6(2571661) EMA9(2571589) > MA21(2571512), close=2572105",end of day (15:29 close)
2512,CALL,2026-02-24T09:49:00+05:30,2026-02-24T09:51:00+05:30,25525.35,25502.55,-22.80,2m0s,"1m CALL entry: EMA6(2552011) EMA9(2551768) > MA21(2551640), close=2552535","1m CALL exit: EMA6(2551217) crossed below EMA9(2551275), close=2550255"
2513,CALL,2026-02-24T09:55:00+05:30,2026-02-24T10:03:00+05:30,25516.70,25506.85,-9.85,8m0s,"1m CALL entry: EMA6(2551037) EMA9(2551046) > MA21(2551020), close=2551670","1m CALL exit: EMA6(2551275) crossed below EMA9(2551301), close=2550685"
2514,CALL,2026-02-24T10:05:00+05:30,2026-02-24T10:11:00+05:30,25518.85,25500.95,-17.90,6m0s,"1m CALL re-entry: EMA6(2551476) EMA9(2551434) > MA21(2551367), close=2551885","1m CALL exit: EMA6(2551289) crossed below EMA9(2551426), close=2550095"
2515,PUT,2026-02-24T10:12:00+05:30,2026-02-24T10:20:00+05:30,25495.10,25511.80,-16.70,8m0s,"1m PUT entry: EMA6(2550781) EMA9(2551043) < MA21(2551310), close=2549510","1m PUT exit: EMA6(2549829) crossed above EMA9(2549812), close=2551180"
2516,PUT,2026-02-24T10:23:00+05:30,2026-02-24T10:30:00+05:30,25492.55,25500.60,-8.05,7m0s,"1m PUT re-entry: EMA6(2549739) EMA9(2549770) < MA21(2550333), close=2549255","1m PUT exit: EMA6(2549603) crossed above EMA9(2549573), close=2550060"
2517,PUT,2026-02-24T10:46:00+05:30,2026-02-24T11:01:00+05:30,25490.30,25482.25,8.05,15m0s,"1m PUT entry: EMA6(2549751) EMA9(2549899) < MA21(2550058), close=2549030","1m PUT exit: EMA6(2547557) crossed above EMA9(2547493), close=2548225"
2518,CALL,2026-02-24T11:04:00+05:30,2026-02-24T11:34:00+05:30,25484.65,25506.55,21.90,30m0s,"1m CALL entry: EMA6(2548104) EMA9(2547940) > MA21(2547733), close=2548465","1m CALL exit: EMA6(2551075) crossed below EMA9(2551112), close=2550655"
2519,PUT,2026-02-24T11:36:00+05:30,2026-02-24T11:38:00+05:30,25506.40,25519.15,-12.75,2m0s,"1m PUT entry: EMA6(2550877) EMA9(2550954) < MA21(2550991), close=2550640","1m PUT exit: EMA6(2551297) crossed above EMA9(2551230), close=2551915"
2520,PUT,2026-02-24T11:44:00+05:30,2026-02-24T12:36:00+05:30,25501.55,25432.90,68.65,52m0s,"1m PUT entry: EMA6(2550894) EMA9(2551030) < MA21(2551186), close=2550155","1m PUT exit: EMA6(2543031) crossed above EMA9(2543025), close=2543290"
2521,CALL,2026-02-24T12:39:00+05:30,2026-02-24T12:40:00+05:30,25427.50,25427.55,0.05,1m0s,"1m CALL entry: EMA6(2543098) EMA9(2543092) > MA21(2543053), close=2542750","1m CALL exit: EMA6(2543000) crossed below EMA9(2543024), close=2542755"
2522,PUT,2026-02-24T12:42:00+05:30,2026-02-24T12:59:00+05:30,25420.95,25404.70,16.25,17m0s,"1m PUT entry: EMA6(2542636) EMA9(2542752) < MA21(2542812), close=2542095","1m PUT exit: EMA6(2540180) crossed above EMA9(2540179), close=2540470"
2523,PUT,2026-02-24T13:00:00+05:30,2026-02-24T13:01:00+05:30,25401.45,25407.60,-6.15,1m0s,"1m PUT re-entry: EMA6(2540170) EMA9(2540172) < MA21(2540476), close=2540145","1m PUT exit: EMA6(2540339) crossed above EMA9(2540290), close=2540760"
2524,CALL,2026-02-24T13:02:00+05:30,2026-02-24T13:16:00+05:30,25409.00,25412.20,3.20,14m0s,"1m CALL entry: EMA6(2540499) EMA9(2540412) > MA21(2540306), close=2540900","1m CALL exit: EMA6(2541840) crossed below EMA9(2541855), close=2541220"
2525,CALL,2026-02-24T13:19:00+05:30,2026-02-24T13:20:00+05:30,25422.60,25416.65,-5.95,1m0s,"1m CALL re-entry: EMA6(2541884) EMA9(2541867) > MA21(2541664), close=2542260","1m CALL exit: EMA6(2541821) crossed below EMA9(2541826), close=2541665"
2526,PUT,2026-02-24T13:21:00+05:30,2026-02-24T13:40:00+05:30,25413.90,25369.85,44.05,19m0s,"1m PUT entry: EMA6(2541698) EMA9(2541739) < MA21(2541780), close=2541390","1m PUT exit: EMA6(2536183) crossed above EMA9(2536125), close=2536985"
2527,CALL,2026-02-24T13:46:00+05:30,2026-02-24T13:50:00+05:30,25365.65,25362.60,-3.05,4m0s,"1m CALL entry: EMA6(2536598) EMA9(2536504) > MA21(2536404), close=2536565","1m CALL exit: EMA6(2536399) crossed below EMA9(2536402), close=2536260"
2528,CALL,2026-02-24T13:51:00+05:30,2026-02-24T14:05:00+05:30,25366.30,25386.85,20.55,14m0s,"1m CALL re-entry: EMA6(2536465) EMA9(2536448) > MA21(2535801), close=2536630","1m CALL exit: EMA6(2539376) crossed below EMA9(2539397), close=2538685"
2529,CALL,2026-02-24T14:07:00+05:30,2026-02-24T14:23:00+05:30,25401.30,25404.60,3.30,16m0s,"1m CALL re-entry: EMA6(2539509) EMA9(2539475) > MA21(2538721), close=2540130","1m CALL exit: EMA6(2542356) crossed below EMA9(2542567), close=2540460"
2530,PUT,2026-02-24T14:25:00+05:30,2026-02-24T14:38:00+05:30,25413.65,25420.95,-7.30,13m0s,"1m PUT entry: EMA6(2541696) EMA9(2541998) < MA21(2542185), close=2541365","1m PUT exit: EMA6(2541036) crossed above EMA9(2540971), close=2542095"
2531,CALL,2026-02-24T14:40:00+05:30,2026-02-24T14:43:00+05:30,25417.20,25402.10,-15.10,3m0s,"1m CALL entry: EMA6(2541367) EMA9(2541237) > MA21(2541202), close=2541720","1m CALL exit: EMA6(2541100) crossed below EMA9(2541123), close=2540210"
2532,PUT,2026-02-24T14:44:00+05:30,2026-02-24T14:51:00+05:30,25381.25,25416.85,-35.60,7m0s,"1m PUT entry: EMA6(2540250) EMA9(2540523) < MA21(2540851), close=2538125","1m PUT exit: EMA6(2540173) crossed above EMA9(2540002), close=2541685"
2533,CALL,2026-02-24T14:52:00+05:30,2026-02-24T15:04:00+05:30,25417.95,25406.85,-11.10,12m0s,"1m CALL entry: EMA6(2540636) EMA9(2540361) > MA21(2540249), close=2541795","1m CALL exit: EMA6(2541373) crossed below EMA9(2541439), close=2540685"
2534,CALL,2026-02-24T15:06:00+05:30,2026-02-24T15:07:00+05:30,25419.15,25406.80,-12.35,1m0s,"1m CALL re-entry: EMA6(2541560) EMA9(2541549) > MA21(2541077), close=2541915","1m CALL exit: EMA6(2541308) crossed below EMA9(2541375), close=2540680"
2535,PUT,2026-02-24T15:09:00+05:30,2026-02-24T15:11:00+05:30,25413.75,25420.40,-6.65,2m0s,"1m PUT entry: EMA6(2541307) EMA9(2541349) < MA21(2541451), close=2541375","1m PUT exit: EMA6(2541542) crossed above EMA9(2541500), close=2542040"
2536,CALL,2026-02-24T15:13:00+05:30,2026-02-24T15:29:00+05:30,25422.80,25460.25,37.45,16m0s,"1m CALL entry: EMA6(2541850) EMA9(2541739) > MA21(2541628), close=2542280",end of day (15:29 close)
2537,CALL,2026-02-25T09:40:00+05:30,2026-02-25T09:41:00+05:30,25580.10,25568.85,-11.25,1m0s,"1m CALL entry: EMA6(2557551) EMA9(2557519) > MA21(2557513), close=2558010","1m CALL exit: EMA6(2557361) crossed below EMA9(2557392), close=2556885"
2538,CALL,2026-02-25T09:48:00+05:30,2026-02-25T09:54:00+05:30,25581.50,25574.00,-7.50,6m0s,"1m CALL entry: EMA6(2557663) EMA9(2557539) > MA21(2557500), close=2558150","1m CALL exit: EMA6(2557582) crossed below EMA9(2557589), close=2557400"
2539,CALL,2026-02-25T09:56:00+05:30,2026-02-25T10:24:00+05:30,25583.80,25630.90,47.10,28m0s,"1m CALL re-entry: EMA6(2557779) EMA9(2557721) > MA21(2557506), close=2558380","1m CALL exit: EMA6(2563460) crossed below EMA9(2563468), close=2563090"
2540,CALL,2026-02-25T10:26:00+05:30,2026-02-25T10:38:00+05:30,25637.85,25626.95,-10.90,12m0s,"1m CALL re-entry: EMA6(2563566) EMA9(2563540) > MA21(2563285), close=2563785","1m CALL exit: EMA6(2563726) crossed below EMA9(2563797), close=2562695"
2541,PUT,2026-02-25T10:39:00+05:30,2026-02-25T11:02:00+05:30,25634.05,25624.55,9.50,23m0s,"1m PUT entry: EMA6(2563635) EMA9(2563718) < MA21(2563721), close=2563405","1m PUT exit: EMA6(2562086) crossed above EMA9(2562048), close=2562455"
2542,PUT,2026-02-25T11:04:00+05:30,2026-02-25T11:05:00+05:30,25615.05,25621.80,-6.75,1m0s,"1m PUT entry: EMA6(2561942) EMA9(2561963) < MA21(2561970), close=2561505","1m PUT exit: EMA6(2562010) crossed above EMA9(2562006), close=2562180"
2543,PUT,2026-02-25T11:14:00+05:30,2026-02-25T11:28:00+05:30,25616.00,25616.75,-0.75,14m0s,"1m PUT entry: EMA6(2561882) EMA9(2561976) < MA21(2562035), close=2561600","1m PUT exit: EMA6(2561128) crossed above EMA9(2561075), close=2561675"
2544,PUT,2026-02-25T11:31:00+05:30,2026-02-25T11:46:00+05:30,25603.35,25612.25,-8.90,15m0s,"1m PUT re-entry: EMA6(2560923) EMA9(2560962) < MA21(2561116), close=2560335","1m PUT exit: EMA6(2560059) crossed above EMA9(2559974), close=2561225"
2545,CALL,2026-02-25T11:48:00+05:30,2026-02-25T11:56:00+05:30,25615.60,25598.55,-17.05,8m0s,"1m CALL entry: EMA6(2560782) EMA9(2560535) > MA21(2560368), close=2561560","1m CALL exit: EMA6(2560657) crossed below EMA9(2560749), close=2559855"
2546,PUT,2026-02-25T11:58:00+05:30,2026-02-25T12:03:00+05:30,25591.10,25610.95,-19.85,5m0s,"1m PUT entry: EMA6(2560034) EMA9(2560265) < MA21(2560373), close=2559110","1m PUT exit: EMA6(2560356) crossed above EMA9(2560331), close=2561095"
2547,PUT,2026-02-25T12:06:00+05:30,2026-02-25T12:12:00+05:30,25606.90,25608.20,-1.30,6m0s,"1m PUT entry: EMA6(2560757) EMA9(2560660) < MA21(2560776), close=2560690","1m PUT exit: EMA6(2560618) crossed above EMA9(2560602), close=2560820"
2548,CALL,2026-02-25T12:16:00+05:30,2026-02-25T12:21:00+05:30,25605.60,25592.75,-12.85,5m0s,"1m CALL entry: EMA6(2560353) EMA9(2560381) > MA21(2560333), close=2560560","1m CALL exit: EMA6(2560287) crossed below EMA9(2560376), close=2559275"
2549,PUT,2026-02-25T13:15:00+05:30,2026-02-25T13:16:00+05:30,25461.85,25466.25,-4.40,1m0s,"1m PUT entry: EMA6(2546501) EMA9(2546510) < MA21(2546525), close=2546185","1m PUT exit: EMA6(2546537) crossed above EMA9(2546533), close=2546625"
2550,PUT,2026-02-25T13:25:00+05:30,2026-02-25T13:30:00+05:30,25455.75,25473.45,-17.70,5m0s,"1m PUT entry: EMA6(2546312) EMA9(2546499) < MA21(2546650), close=2545575","1m PUT exit: EMA6(2545922) crossed above EMA9(2545919), close=2547345"
2551,CALL,2026-02-25T13:36:00+05:30,2026-02-25T13:44:00+05:30,25473.15,25462.05,-11.10,8m0s,"1m CALL entry: EMA6(2546679) EMA9(2546530) > MA21(2546431), close=2547315","1m CALL exit: EMA6(2546519) crossed below EMA9(2546556), close=2546205"
2552,PUT,2026-02-25T13:46:00+05:30,2026-02-25T13:49:00+05:30,25450.50,25467.40,-16.90,3m0s,"1m PUT entry: EMA6(2545851) EMA9(2546054) < MA21(2546199), close=2545050","1m PUT exit: EMA6(2546347) crossed above EMA9(2546330), close=2546740"
2553,CALL,2026-02-25T13:52:00+05:30,2026-02-25T14:00:00+05:30,25467.45,25459.05,-8.40,8m0s,"1m CALL entry: EMA6(2546624) EMA9(2546554) > MA21(2546533), close=2546745","1m CALL exit: EMA6(2546736) crossed below EMA9(2546769), close=2545905"
2554,PUT,2026-02-25T14:02:00+05:30,2026-02-25T14:12:00+05:30,25454.95,25461.10,-6.15,10m0s,"1m PUT entry: EMA6(2546321) EMA9(2546462) < MA21(2546538), close=2545495","1m PUT exit: EMA6(2545046) crossed above EMA9(2544993), close=2546110"
2555,CALL,2026-02-25T14:16:00+05:30,2026-02-25T14:26:00+05:30,25466.55,25469.90,3.35,10m0s,"1m CALL entry: EMA6(2545892) EMA9(2545668) > MA21(2545482), close=2546655","1m CALL exit: EMA6(2547710) crossed below EMA9(2547734), close=2546990"
2556,PUT,2026-02-25T14:29:00+05:30,2026-02-25T14:34:00+05:30,25448.55,25475.70,-27.15,5m0s,"1m PUT entry: EMA6(2546085) EMA9(2546491) < MA21(2546807), close=2544855","1m PUT exit: EMA6(2547007) crossed above EMA9(2546940), close=2547570"
2557,CALL,2026-02-25T14:39:00+05:30,2026-02-25T14:42:00+05:30,25477.95,25460.15,-17.80,3m0s,"1m CALL entry: EMA6(2547718) EMA9(2547580) > MA21(2547545), close=2547795","1m CALL exit: EMA6(2547155) crossed below EMA9(2547243), close=2546015"
2558,PUT,2026-02-25T14:43:00+05:30,2026-02-25T14:55:00+05:30,25460.25,25466.05,-5.80,12m0s,"1m PUT entry: EMA6(2546832) EMA9(2546999) < MA21(2547031), close=2546025","1m PUT exit: EMA6(2545574) crossed above EMA9(2545571), close=2546605"
2559,CALL,2026-02-25T14:59:00+05:30,2026-02-25T15:11:00+05:30,25468.25,25472.00,3.75,12m0s,"1m CALL entry: EMA6(2546173) EMA9(2546030) > MA21(2546014), close=2546825","1m CALL exit: EMA6(2548239) crossed below EMA9(2548362), close=2547200"
2560,PUT,2026-02-25T15:14:00+05:30,2026-02-25T15:25:00+05:30,25478.50,25483.60,-5.10,11m0s,"1m PUT entry: EMA6(2547999) EMA9(2548116) < MA21(2548149), close=2547850","1m PUT exit: EMA6(2547915) crossed above EMA9(2547906), close=2548360"
2561,CALL,2026-02-25T15:27:00+05:30,2026-02-25T15:29:00+05:30,25485.45,25478.65,-6.80,2m0s,"1m CALL entry: EMA6(2548216) EMA9(2548130) > MA21(2548068), close=2548545",end of day (15:29 close)
2562,CALL,2026-02-26T09:27:00+05:30,2026-02-26T09:52:00+05:30,25515.55,25544.00,28.45,25m0s,"1m CALL entry: EMA6(2550712) EMA9(2550818) > MA21(2550581), close=2551555","1m CALL exit: EMA6(2554954) crossed below EMA9(2554959), close=2554400"
2563,PUT,2026-02-26T09:54:00+05:30,2026-02-26T10:03:00+05:30,25510.60,25538.80,-28.20,9m0s,"1m PUT entry: EMA6(2553519) EMA9(2553926) < MA21(2554365), close=2551060","1m PUT exit: EMA6(2552872) crossed above EMA9(2552788), close=2553880"
2564,CALL,2026-02-26T10:06:00+05:30,2026-02-26T10:17:00+05:30,25560.30,25552.15,-8.15,11m0s,"1m CALL entry: EMA6(2554466) EMA9(2554024) > MA21(2553576), close=2556030","1m CALL exit: EMA6(2555445) crossed below EMA9(2555463), close=2555215"
2565,CALL,2026-02-26T10:18:00+05:30,2026-02-26T10:20:00+05:30,25559.75,25551.10,-8.65,2m0s,"1m CALL re-entry: EMA6(2555596) EMA9(2555566) > MA21(2554823), close=2555975","1m CALL exit: EMA6(2555555) crossed below EMA9(2555556), close=2555110"
2566,PUT,2026-02-26T10:21:00+05:30,2026-02-26T10:43:00+05:30,25543.90,25537.35,6.55,22m0s,"1m PUT entry: EMA6(2555222) EMA9(2555323) < MA21(2555333), close=2554390","1m PUT exit: EMA6(2553234) crossed above EMA9(2553207), close=2553735"
2567,CALL,2026-02-26T10:47:00+05:30,2026-02-26T10:53:00+05:30,25543.40,25532.20,-11.20,6m0s,"1m CALL entry: EMA6(2553532) EMA9(2553427) > MA21(2553250), close=2554340","1m CALL exit: EMA6(2553695) crossed below EMA9(2553720), close=2553220"
2568,PUT,2026-02-26T10:55:00+05:30,2026-02-26T11:08:00+05:30,25519.65,25517.80,1.85,13m0s,"1m PUT entry: EMA6(2552972) EMA9(2553186) < MA21(2553341), close=2551965","1m PUT exit: EMA6(2551587) crossed above EMA9(2551574), close=2551780"
2569,PUT,2026-02-26T11:09:00+05:30,2026-02-26T11:10:00+05:30,25513.55,25522.75,-9.20,1m0s,"1m PUT re-entry: EMA6(2551521) EMA9(2551530) < MA21(2551984), close=2551355","1m PUT exit: EMA6(2551736) crossed above EMA9(2551679), close=2552275"
2570,CALL,2026-02-26T11:11:00+05:30,2026-02-26T11:30:00+05:30,25522.90,25528.50,5.60,19m0s,"1m CALL entry: EMA6(2551895) EMA9(2551801) > MA21(2551756), close=2552290","1m CALL exit: EMA6(2554043) crossed below EMA9(2554087), close=2552850"
2571,PUT,2026-02-26T11:33:00+05:30,2026-02-26T11:51:00+05:30,25524.65,25486.20,38.45,18m0s,"1m PUT entry: EMA6(2553001) EMA9(2553270) < MA21(2553490), close=2552465","1m PUT exit: EMA6(2548302) crossed above EMA9(2548298), close=2548620"
2572,PUT,2026-02-26T11:53:00+05:30,2026-02-26T12:04:00+05:30,25467.15,25470.20,-3.05,11m0s,"1m PUT re-entry: EMA6(2547925) EMA9(2548043) < MA21(2548877), close=2546715","1m PUT exit: EMA6(2546401) crossed above EMA9(2546399), close=2547020"
2573,CALL,2026-02-26T12:08:00+05:30,2026-02-26T12:13:00+05:30,25477.80,25460.35,-17.45,5m0s,"1m CALL entry: EMA6(2547253) EMA9(2547075) > MA21(2546985), close=2547780","1m CALL exit: EMA6(2546798) crossed below EMA9(2546851), close=2546035"
2574,PUT,2026-02-26T12:17:00+05:30,2026-02-26T12:31:00+05:30,25457.90,25442.15,15.75,14m0s,"1m PUT entry: EMA6(2546274) EMA9(2546414) < MA21(2546507), close=2545790","1m PUT exit: EMA6(2543744) crossed above EMA9(2543736), close=2544215"
2575,PUT,2026-02-26T12:32:00+05:30,2026-02-26T12:35:00+05:30,25434.10,25440.00,-5.90,3m0s,"1m PUT re-entry: EMA6(2543648) EMA9(2543671) < MA21(2544298), close=2543410","1m PUT exit: EMA6(2543749) crossed above EMA9(2543731), close=2544000"
2576,CALL,2026-02-26T12:36:00+05:30,2026-02-26T12:50:00+05:30,25441.60,25443.60,2.00,14m0s,"1m CALL entry: EMA6(2543866) EMA9(2543817) > MA21(2543800), close=2544160","1m CALL exit: EMA6(2544992) crossed below EMA9(2545022), close=2544360"
2577,PUT,2026-02-26T12:53:00+05:30,2026-02-26T13:03:00+05:30,25437.40,25438.00,-0.60,10m0s,"1m PUT entry: EMA6(2544405) EMA9(2544573) < MA21(2544757), close=2543740","1m PUT exit: EMA6(2543278) crossed above EMA9(2543220), close=2543800"
2578,CALL,2026-02-26T13:05:00+05:30,2026-02-26T13:10:00+05:30,25451.80,25435.35,-16.45,5m0s,"1m CALL entry: EMA6(2544208) EMA9(2543925) > MA21(2543801), close=2545180","1m CALL exit: EMA6(2543766) crossed below EMA9(2543770), close=2543535"
2579,PUT,2026-02-26T13:16:00+05:30,2026-02-26T13:23:00+05:30,25420.20,25433.30,-13.10,7m0s,"1m PUT entry: EMA6(2542856) EMA9(2543045) < MA21(2543247), close=2542020","1m PUT exit: EMA6(2542538) crossed above EMA9(2542517), close=2543330"
2580,CALL,2026-02-26T13:26:00+05:30,2026-02-26T13:34:00+05:30,25448.00,25432.85,-15.15,8m0s,"1m CALL entry: EMA6(2543701) EMA9(2543402) > MA21(2543041), close=2544800","1m CALL exit: EMA6(2543800) crossed below EMA9(2543803), close=2543285"
2581,CALL,2026-02-26T13:36:00+05:30,2026-02-26T13:38:00+05:30,25442.70,25435.25,-7.45,2m0s,"1m CALL re-entry: EMA6(2543899) EMA9(2543868) > MA21(2543321), close=2544270","1m CALL exit: EMA6(2543830) crossed below EMA9(2543834), close=2543525"
2582,CALL,2026-02-26T13:39:00+05:30,2026-02-26T13:44:00+05:30,25439.35,25438.20,-1.15,5m0s,"1m CALL re-entry: EMA6(2543860) EMA9(2543854) > MA21(2543638), close=2543935","1m CALL exit: EMA6(2543920) crossed below EMA9(2543924), close=2543820"
2583,PUT,2026-02-26T13:46:00+05:30,2026-02-26T13:53:00+05:30,25427.10,25440.70,-13.60,7m0s,"1m PUT re-entry: EMA6(2543663) EMA9(2543750) < MA21(2543983), close=2542710","1m PUT exit: EMA6(2543070) crossed above EMA9(2543035), close=2544070"
2584,CALL,2026-02-26T13:55:00+05:30,2026-02-26T14:03:00+05:30,25448.35,25425.95,-22.40,8m0s,"1m CALL entry: EMA6(2543804) EMA9(2543581) > MA21(2543493), close=2544835","1m CALL exit: EMA6(2543668) crossed below EMA9(2543740), close=2542595"
2585,PUT,2026-02-26T14:05:00+05:30,2026-02-26T14:10:00+05:30,25419.35,25449.10,-29.75,5m0s,"1m PUT entry: EMA6(2542985) EMA9(2543220) < MA21(2543356), close=2541935","1m PUT exit: EMA6(2543447) crossed above EMA9(2543303), close=2544910"
2586,CALL,2026-02-26T14:11:00+05:30,2026-02-26T14:21:00+05:30,25447.00,25434.80,-12.20,10m0s,"1m CALL entry: EMA6(2543805) EMA9(2543583) > MA21(2543542), close=2544700","1m CALL exit: EMA6(2544448) crossed below EMA9(2544524), close=2543480"
2587,PUT,2026-02-26T14:24:00+05:30,2026-02-26T14:30:00+05:30,25430.15,25441.70,-11.55,6m0s,"1m PUT entry: EMA6(2543677) EMA9(2543903) < MA21(2543983), close=2543015","1m PUT exit: EMA6(2543935) crossed above EMA9(2543908), close=2544170"
2588,PUT,2026-02-26T14:31:00+05:30,2026-02-26T14:32:00+05:30,25436.15,25443.75,-7.60,1m0s,"1m PUT re-entry: EMA6(2543844) EMA9(2543849) < MA21(2544315), close=2543615","1m PUT exit: EMA6(2543996) crossed above EMA9(2543954), close=2544375"
2589,CALL,2026-02-26T14:34:00+05:30,2026-02-26T14:58:00+05:30,25462.45,25494.15,31.70,24m0s,"1m CALL entry: EMA6(2544814) EMA9(2544557) > MA21(2544329), close=2546245","1m CALL exit: EMA6(2550028) crossed below EMA9(2550097), close=2549415"
2590,PUT,2026-02-26T14:59:00+05:30,2026-02-26T15:00:00+05:30,25501.85,25522.15,-20.30,1m0s,"1m PUT entry: EMA6(2550073) EMA9(2550114) < MA21(2550144), close=2550185","1m PUT exit: EMA6(2550685) crossed above EMA9(2550535), close=2552215"
2591,PUT,2026-02-26T15:02:00+05:30,2026-02-26T15:09:00+05:30,25481.80,25503.30,-21.50,7m0s,"1m PUT entry: EMA6(2550102) EMA9(2550192) < MA21(2550474), close=2548180","1m PUT exit: EMA6(2550003) crossed above EMA9(2549976), close=2550330"
2592,PUT,2026-02-26T15:11:00+05:30,2026-02-26T15:20:00+05:30,25493.70,25500.65,-6.95,9m0s,"1m PUT re-entry: EMA6(2549808) EMA9(2549848) < MA21(2550013), close=2549370","1m PUT exit: EMA6(2549670) crossed above EMA9(2549649), close=2550065"
2593,CALL,2026-02-26T15:21:00+05:30,2026-02-26T15:22:00+05:30,25496.90,25494.25,-2.65,1m0s,"1m CALL entry: EMA6(2549676) EMA9(2549657) > MA21(2549647), close=2549690","1m CALL exit: EMA6(2549604) crossed below EMA9(2549611), close=2549425"
2594,CALL,2026-02-26T15:23:00+05:30,2026-02-26T15:25:00+05:30,25498.25,25494.25,-4.00,2m0s,"1m CALL re-entry: EMA6(2549667) EMA9(2549654) > MA21(2549634), close=2549825","1m CALL exit: EMA6(2549637) crossed below EMA9(2549641), close=2549425"
2595,PUT,2026-02-27T10:14:00+05:30,2026-02-27T10:25:00+05:30,25322.60,25326.45,-3.85,11m0s,"1m PUT re-entry: EMA6(2532575) EMA9(2532589) < MA21(2532835), close=2532260","1m PUT exit: EMA6(2531397) crossed above EMA9(2531292), close=2532645"
2596,CALL,2026-02-27T10:28:00+05:30,2026-02-27T10:41:00+05:30,25330.90,25319.00,-11.90,13m0s,"1m CALL entry: EMA6(2532069) EMA9(2531842) > MA21(2531646), close=2533090","1m CALL exit: EMA6(2532972) crossed below EMA9(2533022), close=2531900"
2597,PUT,2026-02-27T10:43:00+05:30,2026-02-27T11:03:00+05:30,25316.55,25319.60,-3.05,20m0s,"1m PUT entry: EMA6(2532425) EMA9(2532607) < MA21(2532708), close=2531655","1m PUT exit: EMA6(2531381) crossed above EMA9(2531326), close=2531960"
2598,CALL,2026-02-27T11:04:00+05:30,2026-02-27T11:19:00+05:30,25322.95,25325.35,2.40,15m0s,"1m CALL entry: EMA6(2531642) EMA9(2531520) > MA21(2531421), close=2532295","1m CALL exit: EMA6(2532967) crossed below EMA9(2532970), close=2532535"
2599,PUT,2026-02-27T11:22:00+05:30,2026-02-27T11:44:00+05:30,25320.95,25295.10,25.85,22m0s,"1m PUT entry: EMA6(2532526) EMA9(2532638) < MA21(2532772), close=2532095","1m PUT exit: EMA6(2528966) crossed above EMA9(2528947), close=2529510"
2600,CALL,2026-02-27T11:46:00+05:30,2026-02-27T12:07:00+05:30,25300.85,25299.00,-1.85,21m0s,"1m CALL entry: EMA6(2529564) EMA9(2529396) > MA21(2529322), close=2530085","1m CALL exit: EMA6(2530935) crossed below EMA9(2531043), close=2529900"
2601,PUT,2026-02-27T12:08:00+05:30,2026-02-27T12:27:00+05:30,25292.55,25303.50,-10.95,19m0s,"1m PUT entry: EMA6(2530455) EMA9(2530686) < MA21(2530859), close=2529255","1m PUT exit: EMA6(2528945) crossed above EMA9(2528779), close=2530350"
2602,PUT,2026-02-27T12:39:00+05:30,2026-02-27T12:50:00+05:30,25282.25,25290.80,-8.55,11m0s,"1m PUT entry: EMA6(2528750) EMA9(2528921) < MA21(2529055), close=2528225","1m PUT exit: EMA6(2528366) crossed above EMA9(2528346), close=2529080"
2603,CALL,2026-02-27T12:52:00+05:30,2026-02-27T12:56:00+05:30,25292.75,25278.25,-14.50,4m0s,"1m CALL entry: EMA6(2528775) EMA9(2528652) > MA21(2528619), close=2529275","1m CALL exit: EMA6(2528365) crossed below EMA9(2528423), close=2527825"
2604,PUT,2026-02-27T12:57:00+05:30,2026-02-27T13:05:00+05:30,25274.95,25286.60,-11.65,8m0s,"1m PUT entry: EMA6(2528116) EMA9(2528238) < MA21(2528315), close=2527495","1m PUT exit: EMA6(2528140) crossed above EMA9(2528111), close=2528660"
2605,CALL,2026-02-27T13:07:00+05:30,2026-02-27T13:17:00+05:30,25296.40,25284.95,-11.45,10m0s,"1m CALL entry: EMA6(2528710) EMA9(2528532) > MA21(2528291), close=2529640","1m CALL exit: EMA6(2528850) crossed below EMA9(2528875), close=2528495"
2606,PUT,2026-02-27T13:20:00+05:30,2026-02-27T13:25:00+05:30,25283.80,25297.30,-13.50,5m0s,"1m PUT entry: EMA6(2528593) EMA9(2528669) < MA21(2528688), close=2528380","1m PUT exit: EMA6(2528978) crossed above EMA9(2528902), close=2529730"
2607,CALL,2026-02-27T13:26:00+05:30,2026-02-27T14:04:00+05:30,25293.80,25325.80,32.00,38m0s,"1m CALL entry: EMA6(2529093) EMA9(2528998) > MA21(2528966), close=2529380","1m CALL exit: EMA6(2533369) crossed below EMA9(2533382), close=2532580"
2608,PUT,2026-02-27T14:07:00+05:30,2026-02-27T14:10:00+05:30,25319.40,25336.55,-17.15,3m0s,"1m PUT entry: EMA6(2532588) EMA9(2532786) < MA21(2532931), close=2531940","1m PUT exit: EMA6(2533097) crossed above EMA9(2533070), close=2533655"
2609,PUT,2026-02-27T14:12:00+05:30,2026-02-27T14:49:00+05:30,25328.65,25300.75,27.90,37m0s,"1m PUT entry: EMA6(2533071) EMA9(2533065) < MA21(2533200), close=2532865","1m PUT exit: EMA6(2529596) crossed above EMA9(2529586), close=2530075"
2610,CALL,2026-02-27T14:50:00+05:30,2026-02-27T15:00:00+05:30,25304.25,25239.25,-65.00,10m0s,"1m CALL entry: EMA6(2529833) EMA9(2529754) > MA21(2529700), close=2530425","1m CALL exit: EMA6(2528677) crossed below EMA9(2529103), close=2523925"
2611,PUT,2026-02-27T15:27:00+05:30,2026-02-27T15:29:00+05:30,25170.20,25181.80,-11.60,2m0s,"1m PUT entry: EMA6(2516959) EMA9(2517035) < MA21(2517076), close=2517020",end of day (15:29 close)
2612,PUT,2026-03-02T09:15:00+05:30,2026-03-02T09:32:00+05:30,24858.35,24935.05,-76.70,17m0s,"1m PUT entry: EMA6(2508408) EMA9(2511049) < MA21(2515885), close=2485835","1m PUT exit: EMA6(2492045) crossed above EMA9(2491932), close=2493505"
2613,CALL,2026-03-02T09:33:00+05:30,2026-03-02T09:50:00+05:30,24964.15,24943.80,-20.35,17m0s,"1m CALL entry: EMA6(2493294) EMA9(2492828) > MA21(2492811), close=2496415","1m CALL exit: EMA6(2495908) crossed below EMA9(2495971), close=2494380"
2614,PUT,2026-03-02T09:52:00+05:30,2026-03-02T10:00:00+05:30,24921.05,24939.65,-18.60,8m0s,"1m PUT entry: EMA6(2494547) EMA9(2494973) < MA21(2495575), close=2492105","1m PUT exit: EMA6(2493072) crossed above EMA9(2492970), close=2493965"
2615,PUT,2026-03-02T10:02:00+05:30,2026-03-02T10:31:00+05:30,24911.85,24878.75,33.10,29m0s,"1m PUT re-entry: EMA6(2492606) EMA9(2492687) < MA21(2493933), close=2491185","1m PUT exit: EMA6(2486655) crossed above EMA9(2486632), close=2487875"
2616,CALL,2026-03-02T10:33:00+05:30,2026-03-02T10:36:00+05:30,24879.30,24850.65,-28.65,3m0s,"1m CALL entry: EMA6(2487034) EMA9(2486906) > MA21(2486887), close=2487930","1m CALL exit: EMA6(2486297) crossed below EMA9(2486441), close=2485065"
2617,CALL,2026-03-02T10:58:00+05:30,2026-03-02T11:11:00+05:30,24855.90,24849.35,-6.55,13m0s,"1m CALL entry: EMA6(2484284) EMA9(2483989) > MA21(2483649), close=2485590","1m CALL exit: EMA6(2485332) crossed below EMA9(2485352), close=2484935"
2618,PUT,2026-03-02T11:14:00+05:30,2026-03-02T11:38:00+05:30,24843.20,24817.55,25.65,24m0s,"1m PUT entry: EMA6(2484934) EMA9(2485047) < MA21(2485147), close=2484320","1m PUT exit: EMA6(2481172) crossed above EMA9(2481166), close=2481755"
2619,CALL,2026-03-02T11:42:00+05:30,2026-03-02T11:50:00+05:30,24818.50,24812.15,-6.35,8m0s,"1m CALL entry: EMA6(2481514) EMA9(2481443) > MA21(2481387), close=2481850","1m CALL exit: EMA6(2481979) crossed below EMA9(2482013), close=2481215"
2620,PUT,2026-03-02T11:52:00+05:30,2026-03-02T12:32:00+05:30,24798.05,24736.20,61.85,40m0s,"1m PUT entry: EMA6(2481201) EMA9(2481443) < MA21(2481568), close=2479805","1m PUT exit: EMA6(2473216) crossed above EMA9(2473201), close=2473620"
2621,CALL,2026-03-02T12:34:00+05:30,2026-03-02T12:35:00+05:30,24734.90,24727.05,-7.85,1m0s,"1m CALL entry: EMA6(2473342) EMA9(2473298) > MA21(2473110), close=2473490","1m CALL exit: EMA6(2473160) crossed below EMA9(2473180), close=2472705"
2622,CALL,2026-03-02T12:37:00+05:30,2026-03-02T12:38:00+05:30,24736.35,24695.70,-40.65,1m0s,"1m CALL re-entry: EMA6(2473246) EMA9(2473228) > MA21(2473040), close=2473635","1m CALL exit: EMA6(2472195) crossed below EMA9(2472497), close=2469570"
2623,PUT,2026-03-02T12:57:00+05:30,2026-03-02T13:01:00+05:30,24693.15,24702.20,-9.05,4m0s,"1m PUT re-entry: EMA6(2469603) EMA9(2469623) < MA21(2469646), close=2469315","1m PUT exit: EMA6(2469678) crossed above EMA9(2469645), close=2470220"
2624,CALL,2026-03-02T13:07:00+05:30,2026-03-02T13:09:00+05:30,24699.35,24692.90,-6.45,2m0s,"1m CALL re-entry: EMA6(2469746) EMA9(2469723) > MA21(2469594), close=2469935","1m CALL exit: EMA6(2469625) crossed below EMA9(2469647), close=2469290"
2625,PUT,2026-03-02T13:10:00+05:30,2026-03-02T13:15:00+05:30,24696.30,24697.95,-1.65,5m0s,"1m PUT entry: EMA6(2469626) EMA9(2469644) < MA21(2469667), close=2469630","1m PUT exit: EMA6(2469601) crossed above EMA9(2469597), close=2469795"
2626,CALL,2026-03-02T13:16:00+05:30,2026-03-02T13:17:00+05:30,24697.15,24693.80,-3.35,1m0s,"1m CALL entry: EMA6(2469634) EMA9(2469621) > MA21(2469607), close=2469715","1m CALL exit: EMA6(2469561) crossed below EMA9(2469573), close=2469380"
2627,CALL,2026-03-02T13:19:00+05:30,2026-03-02T13:24:00+05:30,24699.20,24696.00,-3.20,5m0s,"1m CALL entry: EMA6(2469696) EMA9(2469666) > MA21(2469661), close=2469920","1m CALL exit: EMA6(2469670) crossed below EMA9(2469674), close=2469600"
2628,PUT,2026-03-02T13:25:00+05:30,2026-03-02T14:03:00+05:30,24691.10,24688.35,2.75,38m0s,"1m PUT entry: EMA6(2469510) EMA9(2469562) < MA21(2469613), close=2469110","1m PUT exit: EMA6(2463844) crossed above EMA9(2463565), close=2468835"
2629,CALL,2026-03-02T14:04:00+05:30,2026-03-02T14:26:00+05:30,24687.30,24757.90,70.60,22m0s,"1m CALL entry: EMA6(2465240) EMA9(2464598) > MA21(2464573), close=2468730","1m CALL exit: EMA6(2476920) crossed below EMA9(2476974), close=2475790"
2630,PUT,2026-03-02T14:27:00+05:30,2026-03-02T14:34:00+05:30,24743.55,24799.75,-56.20,7m0s,"1m PUT entry: EMA6(2476187) EMA9(2476451) < MA21(2476785), close=2474355","1m PUT exit: EMA6(2476178) crossed above EMA9(2475830), close=2479975"
2631,CALL,2026-03-02T14:35:00+05:30,2026-03-02T14:57:00+05:30,24840.30,24838.15,-2.15,22m0s,"1m CALL entry: EMA6(2478422) EMA9(2477470) > MA21(2476681), close=2484030","1m CALL exit: EMA6(2486001) crossed below EMA9(2486187), close=2483815"
2632,PUT,2026-03-02T14:58:00+05:30,2026-03-02T15:07:00+05:30,24838.30,24875.90,-37.60,9m0s,"1m PUT entry: EMA6(2485381) EMA9(2485715) < MA21(2486193), close=2483830","1m PUT exit: EMA6(2485252) crossed above EMA9(2485038), close=2487590"
2633,CALL,2026-03-02T15:09:00+05:30,2026-03-02T15:24:00+05:30,24862.60,24864.25,1.65,15m0s,"1m CALL entry: EMA6(2485909) EMA9(2485606) > MA21(2485514), close=2486260","1m CALL exit: EMA6(2488385) crossed below EMA9(2488617), close=2486425"
2634,PUT,2026-03-02T15:27:00+05:30,2026-03-02T15:29:00+05:30,24876.85,24849.75,27.10,2m0s,"1m PUT entry: EMA6(2488116) EMA9(2488302) < MA21(2488569), close=2487685",end of day (15:29 close)
2635,CALL,2026-03-04T09:52:00+05:30,2026-03-04T10:33:00+05:30,24369.30,24402.90,33.60,41m0s,"1m CALL entry: EMA6(2436638) EMA9(2436864) > MA21(2436620), close=2436930","1m CALL exit: EMA6(2441114) crossed below EMA9(2441128), close=2440290"
2636,PUT,2026-03-04T10:35:00+05:30,2026-03-04T10:46:00+05:30,24384.30,24414.10,-29.80,11m0s,"1m PUT entry: EMA6(2440096) EMA9(2440389) < MA21(2440671), close=2438430","1m PUT exit: EMA6(2439880) crossed above EMA9(2439751), close=2441410"
2637,CALL,2026-03-04T10:49:00+05:30,2026-03-04T10:50:00+05:30,24400.30,24389.35,-10.95,1m0s,"1m CALL entry: EMA6(2440194) EMA9(2440076) > MA21(2439993), close=2440030","1m CALL exit: EMA6(2439834) crossed below EMA9(2439848), close=2438935"
2638,CALL,2026-03-04T10:55:00+05:30,2026-03-04T11:17:00+05:30,24397.80,24424.05,26.25,22m0s,"1m CALL entry: EMA6(2439590) EMA9(2439610) > MA21(2439521), close=2439780","1m CALL exit: EMA6(2443283) crossed below EMA9(2443380), close=2442405"
2639,PUT,2026-03-04T11:20:00+05:30,2026-03-04T11:50:00+05:30,24415.10,24393.20,21.90,30m0s,"1m PUT entry: EMA6(2442184) EMA9(2442498) < MA21(2442834), close=2441510","1m PUT exit: EMA6(2437303) crossed above EMA9(2437092), close=2439320"
2640,CALL,2026-03-04T12:00:00+05:30,2026-03-04T12:15:00+05:30,24384.00,24381.90,-2.10,15m0s,"1m CALL re-entry: EMA6(2437759) EMA9(2437726) > MA21(2437395), close=2438400","1m CALL exit: EMA6(2438714) crossed below EMA9(2438775), close=2438190"
2641,PUT,2026-03-04T12:17:00+05:30,2026-03-04T12:26:00+05:30,24376.00,24379.90,-3.90,9m0s,"1m PUT entry: EMA6(2438155) EMA9(2438342) < MA21(2438507), close=2437600","1m PUT exit: EMA6(2437856) crossed above EMA9(2437851), close=2437990"
2642,PUT,2026-03-04T12:27:00+05:30,2026-03-04T12:35:00+05:30,24368.35,24376.15,-7.80,8m0s,"1m PUT re-entry: EMA6(2437564) EMA9(2437648) < MA21(2438170), close=2436835","1m PUT exit: EMA6(2437444) crossed above EMA9(2437436), close=2437615"
2643,CALL,2026-03-04T12:36:00+05:30,2026-03-04T12:40:00+05:30,24378.10,24371.10,-7.00,4m0s,"1m CALL entry: EMA6(2437549) EMA9(2437511) > MA21(2437447), close=2437810","1m CALL exit: EMA6(2437553) crossed below EMA9(2437557), close=2437110"
2644,PUT,2026-03-04T12:42:00+05:30,2026-03-04T12:44:00+05:30,24360.50,24382.55,-22.05,2m0s,"1m PUT entry: EMA6(2437078) EMA9(2437219) < MA21(2437435), close=2436050","1m PUT exit: EMA6(2437518) crossed above EMA9(2437485), close=2438255"
2645,CALL,2026-03-04T13:22:00+05:30,2026-03-04T13:33:00+05:30,24447.65,24449.15,1.50,11m0s,"1m CALL re-entry: EMA6(2444498) EMA9(2444482) > MA21(2443975), close=2444765","1m CALL exit: EMA6(2445494) crossed below EMA9(2445553), close=2444915"
2646,PUT,2026-03-04T13:34:00+05:30,2026-03-04T13:41:00+05:30,24435.65,24448.80,-13.15,7m0s,"1m PUT entry: EMA6(2444943) EMA9(2445155) < MA21(2445325), close=2443565","1m PUT exit: EMA6(2444408) crossed above EMA9(2444389), close=2444880"
2647,PUT,2026-03-04T13:42:00+05:30,2026-03-04T13:43:00+05:30,24441.25,24447.95,-6.70,1m0s,"1m PUT re-entry: EMA6(2444327) EMA9(2444336) < MA21(2444968), close=2444125","1m PUT exit: EMA6(2444461) crossed above EMA9(2444428), close=2444795"
2648,CALL,2026-03-04T13:45:00+05:30,2026-03-04T13:47:00+05:30,24458.90,24441.10,-17.80,2m0s,"1m CALL entry: EMA6(2445236) EMA9(2445014) > MA21(2445005), close=2445890","1m CALL exit: EMA6(2444696) crossed below EMA9(2444697), close=2444110"
2649,CALL,2026-03-04T14:03:00+05:30,2026-03-04T14:25:00+05:30,24448.85,24521.40,72.55,22m0s,"1m CALL entry: EMA6(2444322) EMA9(2444084) > MA21(2443938), close=2444885","1m CALL exit: EMA6(2454000) crossed below EMA9(2454137), close=2452140"
2650,PUT,2026-03-04T14:28:00+05:30,2026-03-04T14:33:00+05:30,24534.50,24549.35,-14.85,5m0s,"1m PUT entry: EMA6(2453182) EMA9(2453407) < MA21(2453555), close=2453450","1m PUT exit: EMA6(2452965) crossed above EMA9(2452933), close=2454935"
2651,PUT,2026-03-04T14:37:00+05:30,2026-03-04T14:39:00+05:30,24524.10,24537.85,-13.75,2m0s,"1m PUT re-entry: EMA6(2452893) EMA9(2452917) < MA21(2453694), close=2452410","1m PUT exit: EMA6(2453089) crossed above EMA9(2453041), close=2453785"
2652,CALL,2026-03-04T14:40:00+05:30,2026-03-04T15:00:00+05:30,24545.65,24534.50,-11.15,20m0s,"1m CALL entry: EMA6(2453511) EMA9(2453346) > MA21(2453272), close=2454565","1m CALL exit: EMA6(2456956) crossed below EMA9(2457310), close=2453450"
2653,CALL,2026-03-04T15:27:00+05:30,2026-03-04T15:29:00+05:30,24475.40,24473.95,-1.45,2m0s,"1m CALL entry: EMA6(2446711) EMA9(2446649) > MA21(2446638), close=2447540",end of day (15:29 close)
2654,PUT,2026-03-05T09:33:00+05:30,2026-03-05T09:42:00+05:30,24575.15,24578.90,-3.75,9m0s,"1m PUT entry: EMA6(2457363) EMA9(2457441) < MA21(2457785), close=2457515","1m PUT exit: EMA6(2456073) crossed above EMA9(2456006), close=2457890"
2655,CALL,2026-03-05T09:44:00+05:30,2026-03-05T10:04:00+05:30,24596.20,24623.25,27.05,20m0s,"1m CALL entry: EMA6(2457581) EMA9(2457127) > MA21(2456976), close=2459620","1m CALL exit: EMA6(2462867) crossed below EMA9(2462924), close=2462325"
2656,CALL,2026-03-05T10:05:00+05:30,2026-03-05T10:09:00+05:30,24637.80,24628.60,-9.20,4m0s,"1m CALL re-entry: EMA6(2463128) EMA9(2463095) > MA21(2462684), close=2463780","1m CALL exit: EMA6(2463111) crossed below EMA9(2463140), close=2462860"
2657,CALL,2026-03-05T10:37:00+05:30,2026-03-05T11:03:00+05:30,24613.65,24648.05,34.40,26m0s,"1m CALL entry: EMA6(2458693) EMA9(2458119) > MA21(2457585), close=2461365","1m CALL exit: EMA6(2465437) crossed below EMA9(2465441), close=2464805"
2658,CALL,2026-03-05T11:08:00+05:30,2026-03-05T11:11:00+05:30,24654.35,24649.50,-4.85,3m0s,"1m CALL entry: EMA6(2465174) EMA9(2465194) > MA21(2465112), close=2465435","1m CALL exit: EMA6(2465235) crossed below EMA9(2465242), close=2464950"
2659,PUT,2026-03-05T11:12:00+05:30,2026-03-05T11:18:00+05:30,24647.50,24656.30,-8.80,6m0s,"1m PUT entry: EMA6(2465096) EMA9(2465143) < MA21(2465292), close=2464750","1m PUT exit: EMA6(2465010) crossed above EMA9(2464972), close=2465630"
2660,PUT,2026-03-05T11:21:00+05:30,2026-03-05T11:55:00+05:30,24641.25,24593.25,48.00,34m0s,"1m PUT entry: EMA6(2464819) EMA9(2464870) < MA21(2464956), close=2464125","1m PUT exit: EMA6(2458001) crossed above EMA9(2457956), close=2459325"
2661,PUT,2026-03-05T11:56:00+05:30,2026-03-05T12:00:00+05:30,24575.40,24583.65,-8.25,4m0s,"1m PUT re-entry: EMA6(2457869) EMA9(2457873) < MA21(2458569), close=2457540","1m PUT exit: EMA6(2457796) crossed above EMA9(2457763), close=2458365"
2662,CALL,2026-03-05T12:02:00+05:30,2026-03-05T12:08:00+05:30,24588.60,24580.25,-8.35,6m0s,"1m CALL entry: EMA6(2458379) EMA9(2458206) > MA21(2458010), close=2458860","1m CALL exit: EMA6(2458410) crossed below EMA9(2458415), close=2458025"
2663,CALL,2026-03-05T12:09:00+05:30,2026-03-05T12:45:00+05:30,24588.25,24638.85,50.60,36m0s,"1m CALL re-entry: EMA6(2458528) EMA9(2458497) > MA21(2457949), close=2458825","1m CALL exit: EMA6(2464591) crossed below EMA9(2464635), close=2463885"
2664,PUT,2026-03-05T12:46:00+05:30,2026-03-05T12:52:00+05:30,24622.55,24645.00,-22.45,6m0s,"1m PUT entry: EMA6(2463924) EMA9(2464159) < MA21(2464543), close=2462255","1m PUT exit: EMA6(2463771) crossed above EMA9(2463764), close=2464500"
2665,CALL,2026-03-05T12:55:00+05:30,2026-03-05T13:04:00+05:30,24654.50,24633.30,-21.20,9m0s,"1m CALL entry: EMA6(2464674) EMA9(2464446) > MA21(2464219), close=2465450","1m CALL exit: EMA6(2464557) crossed below EMA9(2464672), close=2463330"
2666,PUT,2026-03-05T13:07:00+05:30,2026-03-05T13:12:00+05:30,24636.75,24649.20,-12.45,5m0s,"1m PUT entry: EMA6(2463963) EMA9(2464159) < MA21(2464332), close=2463675","1m PUT exit: EMA6(2464507) crossed above EMA9(2464460), close=2464920"
2667,PUT,2026-03-05T13:13:00+05:30,2026-03-05T13:25:00+05:30,24635.25,24643.30,-8.05,12m0s,"1m PUT re-entry: EMA6(2464226) EMA9(2464273) < MA21(2464625), close=2463525","1m PUT exit: EMA6(2463765) crossed above EMA9(2463701), close=2464330"
2668,PUT,2026-03-05T13:26:00+05:30,2026-03-05T13:28:00+05:30,24629.90,24642.00,-12.10,2m0s,"1m PUT re-entry: EMA6(2463543) EMA9(2463559) < MA21(2463774), close=2462990","1m PUT exit: EMA6(2463747) crossed above EMA9(2463697), close=2464200"
2669,CALL,2026-03-05T13:29:00+05:30,2026-03-05T13:35:00+05:30,24651.00,24622.95,-28.05,6m0s,"1m CALL entry: EMA6(2464133) EMA9(2463978) > MA21(2463825), close=2465100","1m CALL exit: EMA6(2464047) crossed below EMA9(2464225), close=2462295"
2670,PUT,2026-03-05T13:36:00+05:30,2026-03-05T13:48:00+05:30,24621.80,24629.30,-7.50,12m0s,"1m PUT entry: EMA6(2463513) EMA9(2463816) < MA21(2463899), close=2462180","1m PUT exit: EMA6(2462268) crossed above EMA9(2462224), close=2462930"
2671,PUT,2026-03-05T13:49:00+05:30,2026-03-05T14:23:00+05:30,24615.40,24569.05,46.35,34m0s,"1m PUT re-entry: EMA6(2462060) EMA9(2462087) < MA21(2462837), close=2461540","1m PUT exit: EMA6(2455336) crossed above EMA9(2455252), close=2456905"
2672,CALL,2026-03-05T14:24:00+05:30,2026-03-05T15:04:00+05:30,24590.95,24790.70,199.75,40m0s,"1m CALL entry: EMA6(2456410) EMA9(2456020) > MA21(2455821), close=2459095","1m CALL exit: EMA6(2480263) crossed below EMA9(2480384), close=2479070"
2673,PUT,2026-03-05T15:07:00+05:30,2026-03-05T15:27:00+05:30,24779.75,24739.25,40.50,20m0s,"1m PUT entry: EMA6(2479149) EMA9(2479483) < MA21(2479853), close=2477975","1m PUT exit: EMA6(2472927) crossed above EMA9(2472904), close=2473925"
2674,PUT,2026-03-06T09:15:00+05:30,2026-03-06T09:27:00+05:30,24611.25,24666.35,-55.10,12m0s,"1m PUT re-entry: EMA6(2469827) EMA9(2470778) < MA21(2472652), close=2461125","1m PUT exit: EMA6(2465508) crossed above EMA9(2465389), close=2466635"
2675,CALL,2026-03-06T09:31:00+05:30,2026-03-06T09:34:00+05:30,24661.90,24650.45,-11.45,3m0s,"1m CALL entry: EMA6(2466445) EMA9(2466261) > MA21(2466191), close=2466190","1m CALL exit: EMA6(2466079) crossed below EMA9(2466094), close=2465045"
2676,CALL,2026-03-06T09:37:00+05:30,2026-03-06T09:39:00+05:30,24673.85,24648.40,-25.45,2m0s,"1m CALL re-entry: EMA6(2466125) EMA9(2466076) > MA21(2465013), close=2467385","1m CALL exit: EMA6(2465779) crossed below EMA9(2465854), close=2464840"
2677,PUT,2026-03-06T09:41:00+05:30,2026-03-06T09:43:00+05:30,24663.95,24673.70,-9.75,2m0s,"1m PUT entry: EMA6(2465756) EMA9(2465794) < MA21(2465839), close=2466395","1m PUT exit: EMA6(2466278) crossed above EMA9(2466151), close=2467370"
2678,PUT,2026-03-06T09:52:00+05:30,2026-03-06T10:07:00+05:30,24648.05,24646.85,1.20,15m0s,"1m PUT entry: EMA6(2465767) EMA9(2465996) < MA21(2466197), close=2464805","1m PUT exit: EMA6(2463612) crossed above EMA9(2463563), close=2464685"
2679,CALL,2026-03-06T10:09:00+05:30,2026-03-06T10:27:00+05:30,24653.60,24653.90,0.30,18m0s,"1m CALL entry: EMA6(2464456) EMA9(2464200) > MA21(2463970), close=2465360","1m CALL exit: EMA6(2466307) crossed below EMA9(2466355), close=2465390"
2680,PUT,2026-03-06T10:28:00+05:30,2026-03-06T11:00:00+05:30,24651.50,24617.50,34.00,32m0s,"1m PUT entry: EMA6(2465977) EMA9(2466114) < MA21(2466123), close=2465150","1m PUT exit: EMA6(2459985) crossed above EMA9(2459949), close=2461750"
2681,CALL,2026-03-06T11:02:00+05:30,2026-03-06T11:12:00+05:30,24636.00,24616.55,-19.45,10m0s,"1m CALL entry: EMA6(2461478) EMA9(2461046) > MA21(2460683), close=2463600","1m CALL exit: EMA6(2462645) crossed below EMA9(2462697), close=2461655"
2682,PUT,2026-03-06T11:16:00+05:30,2026-03-06T11:32:00+05:30,24613.55,24613.90,-0.35,16m0s,"1m PUT entry: EMA6(2461784) EMA9(2461992) < MA21(2462009), close=2461355","1m PUT exit: EMA6(2460838) crossed above EMA9(2460775), close=2461390"
2683,CALL,2026-03-06T11:33:00+05:30,2026-03-06T11:45:00+05:30,24613.90,24621.30,7.40,12m0s,"1m CALL entry: EMA6(2460995) EMA9(2460898) > MA21(2460879), close=2461390","1m CALL exit: EMA6(2462752) crossed below EMA9(2462791), close=2462130"
2684,CALL,2026-03-06T11:49:00+05:30,2026-03-06T11:52:00+05:30,24632.45,24617.60,-14.85,3m0s,"1m CALL re-entry: EMA6(2462902) EMA9(2462867) > MA21(2462534), close=2463245","1m CALL exit: EMA6(2462554) crossed below EMA9(2462638), close=2461760"
2685,PUT,2026-03-06T12:01:00+05:30,2026-03-06T12:08:00+05:30,24614.55,24625.25,-10.70,7m0s,"1m PUT re-entry: EMA6(2462129) EMA9(2462198) < MA21(2462547), close=2461455","1m PUT exit: EMA6(2461674) crossed above EMA9(2461661), close=2462525"
2686,CALL,2026-03-06T12:10:00+05:30,2026-03-06T12:12:00+05:30,24623.85,24609.70,-14.15,2m0s,"1m CALL entry: EMA6(2462076) EMA9(2461964) > MA21(2461942), close=2462385","1m CALL exit: EMA6(2461787) crossed below EMA9(2461805), close=2460970"
2687,CALL,2026-03-06T12:44:00+05:30,2026-03-06T13:03:00+05:30,24599.85,24595.00,-4.85,19m0s,"1m CALL entry: EMA6(2459422) EMA9(2459344) > MA21(2459239), close=2459985","1m CALL exit: EMA6(2460164) crossed below EMA9(2460181), close=2459500"
2688,CALL,2026-03-06T13:06:00+05:30,2026-03-06T13:08:00+05:30,24608.10,24597.70,-10.40,2m0s,"1m CALL re-entry: EMA6(2460321) EMA9(2460278) > MA21(2460080), close=2460810","1m CALL exit: EMA6(2460125) crossed below EMA9(2460153), close=2459770"
2689,PUT,2026-03-06T13:17:00+05:30,2026-03-06T13:22:00+05:30,24597.15,24610.05,-12.90,5m0s,"1m PUT re-entry: EMA6(2459989) EMA9(2460000) < MA21(2460137), close=2459715","1m PUT exit: EMA6(2460160) crossed above EMA9(2460078), close=2461005"
2690,PUT,2026-03-06T13:32:00+05:30,2026-03-06T13:37:00+05:30,24590.60,24623.20,-32.60,5m0s,"1m PUT entry: EMA6(2459978) EMA9(2460149) < MA21(2460253), close=2459060","1m PUT exit: EMA6(2459913) crossed above EMA9(2459835), close=2462320"
2691,PUT,2026-03-06T13:41:00+05:30,2026-03-06T13:43:00+05:30,24599.35,24600.20,-0.85,2m0s,"1m PUT entry: EMA6(2460123) EMA9(2460051) < MA21(2460182), close=2459935","1m PUT exit: EMA6(2459933) crossed above EMA9(2459930), close=2460020"
2692,PUT,2026-03-06T13:44:00+05:30,2026-03-06T14:03:00+05:30,24594.95,24575.00,19.95,19m0s,"1m PUT re-entry: EMA6(2459808) EMA9(2459843) < MA21(2460007), close=2459495","1m PUT exit: EMA6(2457034) crossed above EMA9(2457000), close=2457500"
2693,PUT,2026-03-06T14:04:00+05:30,2026-03-06T14:05:00+05:30,24567.05,24572.85,-5.80,1m0s,"1m PUT re-entry: EMA6(2456940) EMA9(2456941) < MA21(2457443), close=2456705","1m PUT exit: EMA6(2457039) crossed above EMA9(2457010), close=2457285"
2694,PUT,2026-03-06T14:06:00+05:30,2026-03-06T14:07:00+05:30,24566.35,24573.00,-6.65,1m0s,"1m PUT re-entry: EMA6(2456923) EMA9(2456935) < MA21(2457238), close=2456635","1m PUT exit: EMA6(2457031) crossed above EMA9(2457008), close=2457300"
2695,CALL,2026-03-06T14:08:00+05:30,2026-03-06T14:28:00+05:30,24578.30,24595.55,17.25,20m0s,"1m CALL entry: EMA6(2457259) EMA9(2457172) > MA21(2457159), close=2457830","1m CALL exit: EMA6(2460205) crossed below EMA9(2460270), close=2459555"
2696,PUT,2026-03-06T14:29:00+05:30,2026-03-06T15:24:00+05:30,24593.00,24446.80,146.20,55m0s,"1m PUT entry: EMA6(2459947) EMA9(2460076) < MA21(2460159), close=2459300","1m PUT exit: EMA6(2444396) crossed above EMA9(2444385), close=2444680"
2697,CALL,2026-03-06T15:27:00+05:30,2026-03-06T15:29:00+05:30,24466.70,24469.40,2.70,2m0s,"1m CALL entry: EMA6(2445205) EMA9(2444974) > MA21(2444654), close=2446670",end of day (15:29 close)
